# File produced by Open Asset Import Library (http://www.assimp.sf.net)
# (assimp v3.2.202087883)

# mtllib model_normalized.mtl

# 4423 vertex positions
v 0.112369 0.122925 -0.091889
v 0.124553 0.108017 -0.092020
v 0.112369 0.108017 -0.092020
v 0.124553 0.122925 -0.091889
v 0.112369 0.107344 -0.014907
v 0.124553 0.122930 -0.092404
v 0.124553 0.122766 -0.014772
v 0.124553 0.107344 -0.014907
v 0.112369 0.122766 -0.014772
v 0.112369 0.122930 -0.092404
v 0.112369 0.123444 -0.092399
v 0.124553 0.123444 -0.092399
v 0.128666 0.128422 -0.014723
v 0.122497 0.112999 -0.014858
v 0.128666 0.112999 -0.014858
v 0.122497 0.128422 -0.014723
v 0.128666 0.113457 -0.067294
v 0.128666 0.128846 -0.063397
v 0.122497 0.128846 -0.063397
v 0.122497 0.113457 -0.067294
v 0.122497 0.123738 -0.067204
v 0.128666 0.123738 -0.067204
v 0.150978 0.128422 -0.014723
v 0.144809 0.112999 -0.014858
v 0.150978 0.112999 -0.014858
v 0.144809 0.128422 -0.014723
v 0.150978 0.113457 -0.067294
v 0.150978 0.128846 -0.063397
v 0.144809 0.128846 -0.063397
v 0.144809 0.113457 -0.067294
v 0.144809 0.123738 -0.067204
v 0.150978 0.123738 -0.067204
v 0.148922 0.122925 -0.091889
v 0.161106 0.108017 -0.092020
v 0.148922 0.108017 -0.092020
v 0.161106 0.122925 -0.091889
v 0.148922 0.107344 -0.014907
v 0.161106 0.122930 -0.092404
v 0.161106 0.122766 -0.014772
v 0.161106 0.107344 -0.014907
v 0.148922 0.122766 -0.014772
v 0.148922 0.122930 -0.092404
v 0.148922 0.123444 -0.092399
v 0.161106 0.123444 -0.092399
v 0.136737 0.122925 -0.091889
v 0.148922 0.108017 -0.092020
v 0.136737 0.108017 -0.092020
v 0.148922 0.122925 -0.091889
v 0.136737 0.107344 -0.014907
v 0.148922 0.122930 -0.092404
v 0.148922 0.122766 -0.014772
v 0.148922 0.107344 -0.014907
v 0.136737 0.122766 -0.014772
v 0.136737 0.122930 -0.092404
v 0.136737 0.123444 -0.092399
v 0.148922 0.123444 -0.092399
v 0.139633 0.128422 -0.014723
v 0.133464 0.112999 -0.014858
v 0.139633 0.112999 -0.014858
v 0.133464 0.128422 -0.014723
v 0.139633 0.113457 -0.067294
v 0.139633 0.128846 -0.063397
v 0.133464 0.128846 -0.063397
v 0.133464 0.113457 -0.067294
v 0.133464 0.123738 -0.067204
v 0.139633 0.123738 -0.067204
v 0.136737 0.108017 -0.092020
v 0.136737 0.122925 -0.091889
v 0.136737 0.122930 -0.092404
v 0.136737 0.122766 -0.014772
v 0.136737 0.107344 -0.014907
v 0.136737 0.123444 -0.092399
v 0.176186 0.128422 -0.014723
v 0.170017 0.112999 -0.014858
v 0.176186 0.112999 -0.014858
v 0.170017 0.128422 -0.014723
v 0.176186 0.113457 -0.067294
v 0.176186 0.128846 -0.063397
v 0.170017 0.128846 -0.063397
v 0.170017 0.113457 -0.067294
v 0.170017 0.123738 -0.067204
v 0.176186 0.123738 -0.067204
v 0.173290 0.108017 -0.092020
v 0.173290 0.122925 -0.091889
v 0.173290 0.122930 -0.092404
v 0.173290 0.122766 -0.014772
v 0.173290 0.107344 -0.014907
v 0.173290 0.123444 -0.092399
v 0.185474 0.108017 -0.092020
v 0.185474 0.122925 -0.091889
v 0.185474 0.122930 -0.092404
v 0.185474 0.122766 -0.014772
v 0.185474 0.107344 -0.014907
v 0.185474 0.123444 -0.092399
v 0.185474 0.122925 -0.091889
v 0.197659 0.108017 -0.092020
v 0.185474 0.108017 -0.092020
v 0.197659 0.122925 -0.091889
v 0.185474 0.107344 -0.014907
v 0.197659 0.122930 -0.092404
v 0.197659 0.122766 -0.014772
v 0.197659 0.107344 -0.014907
v 0.185474 0.122766 -0.014772
v 0.185474 0.122930 -0.092404
v 0.185474 0.123444 -0.092399
v 0.197659 0.123444 -0.092399
v 0.187531 0.128422 -0.014723
v 0.181362 0.112999 -0.014858
v 0.187531 0.112999 -0.014858
v 0.181362 0.128422 -0.014723
v 0.187531 0.113457 -0.067294
v 0.187531 0.128846 -0.063397
v 0.181362 0.128846 -0.063397
v 0.181362 0.113457 -0.067294
v 0.181362 0.123738 -0.067204
v 0.187531 0.123738 -0.067204
v -0.286813 0.128422 -0.014723
v -0.292983 0.112999 -0.014858
v -0.286813 0.112999 -0.014858
v -0.292983 0.128422 -0.014723
v -0.286813 0.113457 -0.067294
v -0.286813 0.128846 -0.063397
v -0.292983 0.128846 -0.063397
v -0.292983 0.113457 -0.067294
v -0.292983 0.123738 -0.067204
v -0.286813 0.123738 -0.067204
v -0.301897 0.122925 -0.091889
v -0.289713 0.108017 -0.092020
v -0.301897 0.108017 -0.092020
v -0.289713 0.122925 -0.091889
v -0.301897 0.107344 -0.014907
v -0.289713 0.122930 -0.092404
v -0.289713 0.122766 -0.014772
v -0.289713 0.107344 -0.014907
v -0.301897 0.122766 -0.014772
v -0.301897 0.122930 -0.092404
v -0.301897 0.123444 -0.092399
v -0.289713 0.123444 -0.092399
v -0.250261 0.128422 -0.014723
v -0.256430 0.112999 -0.014858
v -0.250261 0.112999 -0.014858
v -0.256430 0.128422 -0.014723
v -0.250261 0.113457 -0.067294
v -0.250261 0.128846 -0.063397
v -0.256430 0.128846 -0.063397
v -0.256430 0.113457 -0.067294
v -0.256430 0.123738 -0.067204
v -0.250261 0.123738 -0.067204
v -0.265344 0.122925 -0.091889
v -0.253160 0.108017 -0.092020
v -0.265344 0.108017 -0.092020
v -0.253160 0.122925 -0.091889
v -0.265344 0.107344 -0.014907
v -0.253160 0.122930 -0.092404
v -0.253160 0.122766 -0.014772
v -0.253160 0.107344 -0.014907
v -0.265344 0.122766 -0.014772
v -0.265344 0.122930 -0.092404
v -0.265344 0.123444 -0.092399
v -0.253160 0.123444 -0.092399
v -0.253160 0.122925 -0.091889
v -0.240976 0.108017 -0.092020
v -0.253160 0.108017 -0.092020
v -0.240976 0.122925 -0.091889
v -0.253160 0.107344 -0.014907
v -0.240976 0.122930 -0.092404
v -0.240976 0.122766 -0.014772
v -0.240976 0.107344 -0.014907
v -0.253160 0.122766 -0.014772
v -0.253160 0.122930 -0.092404
v -0.253160 0.123444 -0.092399
v -0.240976 0.123444 -0.092399
v -0.240976 0.122925 -0.091889
v -0.228792 0.108017 -0.092020
v -0.240976 0.108017 -0.092020
v -0.228792 0.122925 -0.091889
v -0.240976 0.107344 -0.014907
v -0.228792 0.122930 -0.092404
v -0.228792 0.122766 -0.014772
v -0.228792 0.107344 -0.014907
v -0.240976 0.122766 -0.014772
v -0.240976 0.122930 -0.092404
v -0.240976 0.123444 -0.092399
v -0.228792 0.123444 -0.092399
v -0.314081 0.122925 -0.091889
v -0.314081 0.108017 -0.092020
v -0.314081 0.107344 -0.014907
v -0.314081 0.122766 -0.014772
v -0.314081 0.122930 -0.092404
v -0.314081 0.123444 -0.092399
v -0.297784 0.128422 -0.014723
v -0.303954 0.112999 -0.014858
v -0.297784 0.112999 -0.014858
v -0.303954 0.128422 -0.014723
v -0.297784 0.113457 -0.067294
v -0.297784 0.128846 -0.063397
v -0.303954 0.128846 -0.063397
v -0.303954 0.113457 -0.067294
v -0.303954 0.123738 -0.067204
v -0.297784 0.123738 -0.067204
v -0.275472 0.128422 -0.014723
v -0.281642 0.112999 -0.014858
v -0.275472 0.112999 -0.014858
v -0.281642 0.128422 -0.014723
v -0.275472 0.113457 -0.067294
v -0.275472 0.128846 -0.063397
v -0.281642 0.128846 -0.063397
v -0.281642 0.113457 -0.067294
v -0.281642 0.123738 -0.067204
v -0.275472 0.123738 -0.067204
v -0.277529 0.122925 -0.091889
v -0.277529 0.108017 -0.092020
v -0.277529 0.107344 -0.014907
v -0.277529 0.122766 -0.014772
v -0.277529 0.122930 -0.092404
v -0.277529 0.123444 -0.092399
v -0.289713 0.122925 -0.091889
v -0.277529 0.108017 -0.092020
v -0.289713 0.108017 -0.092020
v -0.277529 0.122925 -0.091889
v -0.289713 0.107344 -0.014907
v -0.277529 0.122930 -0.092404
v -0.277529 0.122766 -0.014772
v -0.277529 0.107344 -0.014907
v -0.289713 0.122766 -0.014772
v -0.289713 0.122930 -0.092404
v -0.289713 0.123444 -0.092399
v -0.277529 0.123444 -0.092399
v -0.238920 0.128422 -0.014723
v -0.245089 0.112999 -0.014858
v -0.238920 0.112999 -0.014858
v -0.245089 0.128422 -0.014723
v -0.238920 0.113457 -0.067294
v -0.238920 0.128846 -0.063397
v -0.245089 0.128846 -0.063397
v -0.245089 0.113457 -0.067294
v -0.245089 0.123738 -0.067204
v -0.238920 0.123738 -0.067204
v -0.326266 0.122925 -0.091889
v -0.314081 0.108017 -0.092020
v -0.326266 0.108017 -0.092020
v -0.314081 0.122925 -0.091889
v -0.326266 0.107344 -0.014907
v -0.314081 0.122930 -0.092404
v -0.314081 0.122766 -0.014772
v -0.314081 0.107344 -0.014907
v -0.326266 0.122766 -0.014772
v -0.326266 0.122930 -0.092404
v -0.326266 0.123444 -0.092399
v -0.314081 0.123444 -0.092399
v 0.197659 0.122925 -0.091889
v 0.209843 0.108017 -0.092020
v 0.197659 0.108017 -0.092020
v 0.209843 0.122925 -0.091889
v 0.197659 0.107344 -0.014907
v 0.209843 0.122930 -0.092404
v 0.209843 0.122766 -0.014772
v 0.209843 0.107344 -0.014907
v 0.197659 0.122766 -0.014772
v 0.197659 0.122930 -0.092404
v 0.197659 0.123444 -0.092399
v 0.209843 0.123444 -0.092399
v 0.213956 0.128422 -0.014723
v 0.207787 0.112999 -0.014858
v 0.213956 0.112999 -0.014858
v 0.207787 0.128422 -0.014723
v 0.213956 0.113457 -0.067294
v 0.213956 0.128846 -0.063397
v 0.207787 0.128846 -0.063397
v 0.207787 0.113457 -0.067294
v 0.207787 0.123738 -0.067204
v 0.213956 0.123738 -0.067204
v 0.236268 0.128422 -0.014723
v 0.230099 0.112999 -0.014858
v 0.236268 0.112999 -0.014858
v 0.230099 0.128422 -0.014723
v 0.236268 0.113457 -0.067294
v 0.236268 0.128846 -0.063397
v 0.230099 0.128846 -0.063397
v 0.230099 0.113457 -0.067294
v 0.230099 0.123738 -0.067204
v 0.236268 0.123738 -0.067204
v 0.234211 0.122925 -0.091889
v 0.246396 0.108017 -0.092020
v 0.234211 0.108017 -0.092020
v 0.246396 0.122925 -0.091889
v 0.234211 0.107344 -0.014907
v 0.246396 0.122930 -0.092404
v 0.246396 0.122766 -0.014772
v 0.246396 0.107344 -0.014907
v 0.234211 0.122766 -0.014772
v 0.234211 0.122930 -0.092404
v 0.234211 0.123444 -0.092399
v 0.246396 0.123444 -0.092399
v 0.222027 0.122925 -0.091889
v 0.234211 0.108017 -0.092020
v 0.222027 0.108017 -0.092020
v 0.234211 0.122925 -0.091889
v 0.222027 0.107344 -0.014907
v 0.234211 0.122930 -0.092404
v 0.234211 0.122766 -0.014772
v 0.234211 0.107344 -0.014907
v 0.222027 0.122766 -0.014772
v 0.222027 0.122930 -0.092404
v 0.222027 0.123444 -0.092399
v 0.234211 0.123444 -0.092399
v 0.224923 0.128422 -0.014723
v 0.218754 0.112999 -0.014858
v 0.224923 0.112999 -0.014858
v 0.218754 0.128422 -0.014723
v 0.224923 0.113457 -0.067294
v 0.224923 0.128846 -0.063397
v 0.218754 0.128846 -0.063397
v 0.218754 0.113457 -0.067294
v 0.218754 0.123738 -0.067204
v 0.224923 0.123738 -0.067204
v 0.222027 0.108017 -0.092020
v 0.222027 0.122925 -0.091889
v 0.222027 0.122930 -0.092404
v 0.222027 0.122766 -0.014772
v 0.222027 0.107344 -0.014907
v 0.222027 0.123444 -0.092399
v 0.261476 0.128422 -0.014723
v 0.255307 0.112999 -0.014858
v 0.261476 0.112999 -0.014858
v 0.255307 0.128422 -0.014723
v 0.261476 0.113457 -0.067294
v 0.261476 0.128846 -0.063397
v 0.255307 0.128846 -0.063397
v 0.255307 0.113457 -0.067294
v 0.255307 0.123738 -0.067204
v 0.261476 0.123738 -0.067204
v 0.246396 0.122925 -0.091889
v 0.258580 0.108017 -0.092020
v 0.246396 0.108017 -0.092020
v 0.258580 0.122925 -0.091889
v 0.246396 0.107344 -0.014907
v 0.258580 0.122930 -0.092404
v 0.258580 0.122766 -0.014772
v 0.258580 0.107344 -0.014907
v 0.246396 0.122766 -0.014772
v 0.246396 0.122930 -0.092404
v 0.246396 0.123444 -0.092399
v 0.258580 0.123444 -0.092399
v 0.258580 0.122925 -0.091889
v 0.270764 0.108017 -0.092020
v 0.258580 0.108017 -0.092020
v 0.270764 0.122925 -0.091889
v 0.258580 0.107344 -0.014907
v 0.270764 0.122930 -0.092404
v 0.270764 0.122766 -0.014772
v 0.270764 0.107344 -0.014907
v 0.258580 0.122766 -0.014772
v 0.258580 0.122930 -0.092404
v 0.258580 0.123444 -0.092399
v 0.270764 0.123444 -0.092399
v 0.282949 0.108017 -0.092020
v 0.282949 0.122925 -0.091889
v 0.282949 0.122930 -0.092404
v 0.282949 0.122766 -0.014772
v 0.282949 0.107344 -0.014907
v 0.282949 0.123444 -0.092399
v 0.272821 0.128422 -0.014723
v 0.266651 0.112999 -0.014858
v 0.272821 0.112999 -0.014858
v 0.266651 0.128422 -0.014723
v 0.272821 0.113457 -0.067294
v 0.272821 0.128846 -0.063397
v 0.266651 0.128846 -0.063397
v 0.266651 0.113457 -0.067294
v 0.266651 0.123738 -0.067204
v 0.272821 0.123738 -0.067204
v 0.282949 0.122925 -0.091889
v 0.295133 0.108017 -0.092020
v 0.282949 0.108017 -0.092020
v 0.295133 0.122925 -0.091889
v 0.282949 0.107344 -0.014907
v 0.295133 0.122930 -0.092404
v 0.295133 0.122766 -0.014772
v 0.295133 0.107344 -0.014907
v 0.282949 0.122766 -0.014772
v 0.282949 0.122930 -0.092404
v 0.282949 0.123444 -0.092399
v 0.295133 0.123444 -0.092399
v 0.299246 0.128422 -0.014723
v 0.293076 0.112999 -0.014858
v 0.299246 0.112999 -0.014858
v 0.293076 0.128422 -0.014723
v 0.299246 0.113457 -0.067294
v 0.299246 0.128846 -0.063397
v 0.293076 0.128846 -0.063397
v 0.293076 0.113457 -0.067294
v 0.293076 0.123738 -0.067204
v 0.299246 0.123738 -0.067204
v 0.295133 0.122925 -0.091889
v 0.307317 0.108017 -0.092020
v 0.295133 0.108017 -0.092020
v 0.307317 0.122925 -0.091889
v 0.295133 0.107344 -0.014907
v 0.307317 0.122930 -0.092404
v 0.307317 0.122766 -0.014772
v 0.307317 0.107344 -0.014907
v 0.295133 0.122766 -0.014772
v 0.295133 0.122930 -0.092404
v 0.295133 0.123444 -0.092399
v 0.307317 0.123444 -0.092399
v 0.051448 0.122925 -0.091889
v 0.063632 0.108017 -0.092020
v 0.051448 0.108017 -0.092020
v 0.063632 0.122925 -0.091889
v 0.051448 0.107344 -0.014907
v 0.063632 0.122930 -0.092404
v 0.063632 0.122766 -0.014772
v 0.063632 0.107344 -0.014907
v 0.051448 0.122766 -0.014772
v 0.051448 0.122930 -0.092404
v 0.051448 0.123444 -0.092399
v 0.063632 0.123444 -0.092399
v 0.075816 0.108017 -0.092020
v 0.075816 0.122925 -0.091889
v 0.075816 0.122930 -0.092404
v 0.075816 0.122766 -0.014772
v 0.075816 0.107344 -0.014907
v 0.075816 0.123444 -0.092399
v 0.065688 0.128422 -0.014723
v 0.059519 0.112999 -0.014858
v 0.065688 0.112999 -0.014858
v 0.059519 0.128422 -0.014723
v 0.065688 0.113457 -0.067294
v 0.065688 0.128846 -0.063397
v 0.059519 0.128846 -0.063397
v 0.059519 0.113457 -0.067294
v 0.059519 0.123738 -0.067204
v 0.065688 0.123738 -0.067204
v 0.090896 0.128422 -0.014723
v 0.084727 0.112999 -0.014858
v 0.090896 0.112999 -0.014858
v 0.084727 0.128422 -0.014723
v 0.090896 0.113457 -0.067294
v 0.090896 0.128846 -0.063397
v 0.084727 0.128846 -0.063397
v 0.084727 0.113457 -0.067294
v 0.084727 0.123738 -0.067204
v 0.090896 0.123738 -0.067204
v 0.043376 0.128422 -0.014723
v 0.037207 0.112999 -0.014858
v 0.043376 0.112999 -0.014858
v 0.037207 0.128422 -0.014723
v 0.043376 0.113457 -0.067294
v 0.043376 0.128846 -0.063397
v 0.037207 0.128846 -0.063397
v 0.037207 0.113457 -0.067294
v 0.037207 0.123738 -0.067204
v 0.043376 0.123738 -0.067204
v 0.027079 0.122925 -0.091889
v 0.039263 0.108017 -0.092020
v 0.027079 0.108017 -0.092020
v 0.039263 0.122925 -0.091889
v 0.027079 0.107344 -0.014907
v 0.039263 0.122930 -0.092404
v 0.039263 0.122766 -0.014772
v 0.039263 0.107344 -0.014907
v 0.027079 0.122766 -0.014772
v 0.027079 0.122930 -0.092404
v 0.027079 0.123444 -0.092399
v 0.039263 0.123444 -0.092399
v 0.088000 0.122925 -0.091889
v 0.100185 0.108017 -0.092020
v 0.088000 0.108017 -0.092020
v 0.100185 0.122925 -0.091889
v 0.088000 0.107344 -0.014907
v 0.100185 0.122930 -0.092404
v 0.100185 0.122766 -0.014772
v 0.100185 0.107344 -0.014907
v 0.088000 0.122766 -0.014772
v 0.088000 0.122930 -0.092404
v 0.088000 0.123444 -0.092399
v 0.100185 0.123444 -0.092399
v 0.100185 0.122925 -0.091889
v 0.100185 0.108017 -0.092020
v 0.100185 0.107344 -0.014907
v 0.100185 0.122766 -0.014772
v 0.100185 0.122930 -0.092404
v 0.100185 0.123444 -0.092399
v 0.051448 0.108017 -0.092020
v 0.051448 0.122925 -0.091889
v 0.051448 0.122930 -0.092404
v 0.051448 0.122766 -0.014772
v 0.051448 0.107344 -0.014907
v 0.051448 0.123444 -0.092399
v 0.075816 0.122925 -0.091889
v 0.088000 0.108017 -0.092020
v 0.075816 0.108017 -0.092020
v 0.088000 0.122925 -0.091889
v 0.075816 0.107344 -0.014907
v 0.088000 0.122930 -0.092404
v 0.088000 0.122766 -0.014772
v 0.088000 0.107344 -0.014907
v 0.075816 0.122766 -0.014772
v 0.075816 0.122930 -0.092404
v 0.075816 0.123444 -0.092399
v 0.088000 0.123444 -0.092399
v 0.102241 0.128422 -0.014723
v 0.096072 0.112999 -0.014858
v 0.102241 0.112999 -0.014858
v 0.096072 0.128422 -0.014723
v 0.102241 0.113457 -0.067294
v 0.102241 0.128846 -0.063397
v 0.096072 0.128846 -0.063397
v 0.096072 0.113457 -0.067294
v 0.096072 0.123738 -0.067204
v 0.102241 0.123738 -0.067204
v 0.054344 0.128422 -0.014723
v 0.048174 0.112999 -0.014858
v 0.054344 0.112999 -0.014858
v 0.048174 0.128422 -0.014723
v 0.054344 0.113457 -0.067294
v 0.054344 0.128846 -0.063397
v 0.048174 0.128846 -0.063397
v 0.048174 0.113457 -0.067294
v 0.048174 0.123738 -0.067204
v 0.054344 0.123738 -0.067204
v -0.033842 0.122925 -0.091889
v -0.021658 0.108017 -0.092020
v -0.033842 0.108017 -0.092020
v -0.021658 0.122925 -0.091889
v -0.033842 0.107344 -0.014907
v -0.021658 0.122930 -0.092404
v -0.021658 0.122766 -0.014772
v -0.021658 0.107344 -0.014907
v -0.033842 0.122766 -0.014772
v -0.033842 0.122930 -0.092404
v -0.033842 0.123444 -0.092399
v -0.021658 0.123444 -0.092399
v -0.041914 0.128422 -0.014723
v -0.048083 0.112999 -0.014858
v -0.041914 0.112999 -0.014858
v -0.048083 0.128422 -0.014723
v -0.041914 0.113457 -0.067294
v -0.041914 0.128846 -0.063397
v -0.048083 0.128846 -0.063397
v -0.048083 0.113457 -0.067294
v -0.048083 0.123738 -0.067204
v -0.041914 0.123738 -0.067204
v -0.030946 0.128422 -0.014723
v -0.037115 0.112999 -0.014858
v -0.030946 0.112999 -0.014858
v -0.037115 0.128422 -0.014723
v -0.030946 0.113457 -0.067294
v -0.030946 0.128846 -0.063397
v -0.037115 0.128846 -0.063397
v -0.037115 0.113457 -0.067294
v -0.037115 0.123738 -0.067204
v -0.030946 0.123738 -0.067204
v -0.046026 0.122925 -0.091889
v -0.033842 0.108017 -0.092020
v -0.046026 0.108017 -0.092020
v -0.033842 0.122925 -0.091889
v -0.046026 0.107344 -0.014907
v -0.033842 0.122930 -0.092404
v -0.033842 0.122766 -0.014772
v -0.033842 0.107344 -0.014907
v -0.046026 0.122766 -0.014772
v -0.046026 0.122930 -0.092404
v -0.046026 0.123444 -0.092399
v -0.033842 0.123444 -0.092399
v 0.005607 0.128422 -0.014723
v -0.000563 0.112999 -0.014858
v 0.005607 0.112999 -0.014858
v -0.000563 0.128422 -0.014723
v 0.005607 0.113457 -0.067294
v 0.005607 0.128846 -0.063397
v -0.000563 0.128846 -0.063397
v -0.000563 0.113457 -0.067294
v -0.000563 0.123738 -0.067204
v 0.005607 0.123738 -0.067204
v -0.009474 0.122925 -0.091889
v 0.002711 0.108017 -0.092020
v -0.009474 0.108017 -0.092020
v 0.002711 0.122925 -0.091889
v -0.009474 0.107344 -0.014907
v 0.002711 0.122930 -0.092404
v 0.002711 0.122766 -0.014772
v 0.002711 0.107344 -0.014907
v -0.009474 0.122766 -0.014772
v -0.009474 0.122930 -0.092404
v -0.009474 0.123444 -0.092399
v 0.002711 0.123444 -0.092399
v -0.019601 0.128422 -0.014723
v -0.025771 0.112999 -0.014858
v -0.019601 0.112999 -0.014858
v -0.025771 0.128422 -0.014723
v -0.019601 0.113457 -0.067294
v -0.019601 0.128846 -0.063397
v -0.025771 0.128846 -0.063397
v -0.025771 0.113457 -0.067294
v -0.025771 0.123738 -0.067204
v -0.019601 0.123738 -0.067204
v -0.009474 0.108017 -0.092020
v -0.009474 0.122925 -0.091889
v -0.009474 0.122930 -0.092404
v -0.009474 0.122766 -0.014772
v -0.009474 0.107344 -0.014907
v -0.009474 0.123444 -0.092399
v 0.002711 0.122925 -0.091889
v 0.014895 0.108017 -0.092020
v 0.002711 0.108017 -0.092020
v 0.014895 0.122925 -0.091889
v 0.002711 0.107344 -0.014907
v 0.014895 0.122930 -0.092404
v 0.014895 0.122766 -0.014772
v 0.014895 0.107344 -0.014907
v 0.002711 0.122766 -0.014772
v 0.002711 0.122930 -0.092404
v 0.002711 0.123444 -0.092399
v 0.014895 0.123444 -0.092399
v 0.027079 0.108017 -0.092020
v 0.027079 0.122925 -0.091889
v 0.027079 0.122930 -0.092404
v 0.027079 0.122766 -0.014772
v 0.027079 0.107344 -0.014907
v 0.027079 0.123444 -0.092399
v -0.058211 0.122925 -0.091889
v -0.046026 0.108017 -0.092020
v -0.058211 0.108017 -0.092020
v -0.046026 0.122925 -0.091889
v -0.058211 0.107344 -0.014907
v -0.046026 0.122930 -0.092404
v -0.046026 0.122766 -0.014772
v -0.046026 0.107344 -0.014907
v -0.058211 0.122766 -0.014772
v -0.058211 0.122930 -0.092404
v -0.058211 0.123444 -0.092399
v -0.046026 0.123444 -0.092399
v 0.016951 0.128422 -0.014723
v 0.010782 0.112999 -0.014858
v 0.016951 0.112999 -0.014858
v 0.010782 0.128422 -0.014723
v 0.016951 0.113457 -0.067294
v 0.016951 0.128846 -0.063397
v 0.010782 0.128846 -0.063397
v 0.010782 0.113457 -0.067294
v 0.010782 0.123738 -0.067204
v 0.016951 0.123738 -0.067204
v -0.143500 0.122925 -0.091889
v -0.131316 0.108017 -0.092020
v -0.143500 0.108017 -0.092020
v -0.131316 0.122925 -0.091889
v -0.143500 0.107344 -0.014907
v -0.131316 0.122930 -0.092404
v -0.131316 0.122766 -0.014772
v -0.131316 0.107344 -0.014907
v -0.143500 0.122766 -0.014772
v -0.143500 0.122930 -0.092404
v -0.143500 0.123444 -0.092399
v -0.131316 0.123444 -0.092399
v -0.127203 0.128422 -0.014723
v -0.133373 0.112999 -0.014858
v -0.127203 0.112999 -0.014858
v -0.133373 0.128422 -0.014723
v -0.127203 0.113457 -0.067294
v -0.127203 0.128846 -0.063397
v -0.133373 0.128846 -0.063397
v -0.133373 0.113457 -0.067294
v -0.133373 0.123738 -0.067204
v -0.127203 0.123738 -0.067204
v -0.104891 0.128422 -0.014723
v -0.111060 0.112999 -0.014858
v -0.104891 0.112999 -0.014858
v -0.111060 0.128422 -0.014723
v -0.104891 0.113457 -0.067294
v -0.104891 0.128846 -0.063397
v -0.111060 0.128846 -0.063397
v -0.111060 0.113457 -0.067294
v -0.111060 0.123738 -0.067204
v -0.104891 0.123738 -0.067204
v -0.106948 0.122925 -0.091889
v -0.094763 0.108017 -0.092020
v -0.106948 0.108017 -0.092020
v -0.094763 0.122925 -0.091889
v -0.106948 0.107344 -0.014907
v -0.094763 0.122930 -0.092404
v -0.094763 0.122766 -0.014772
v -0.094763 0.107344 -0.014907
v -0.106948 0.122766 -0.014772
v -0.106948 0.122930 -0.092404
v -0.106948 0.123444 -0.092399
v -0.094763 0.123444 -0.092399
v -0.119132 0.122925 -0.091889
v -0.119132 0.108017 -0.092020
v -0.119132 0.107344 -0.014907
v -0.119132 0.122766 -0.014772
v -0.119132 0.122930 -0.092404
v -0.119132 0.123444 -0.092399
v -0.116236 0.128422 -0.014723
v -0.122405 0.112999 -0.014858
v -0.116236 0.112999 -0.014858
v -0.122405 0.128422 -0.014723
v -0.116236 0.113457 -0.067294
v -0.116236 0.128846 -0.063397
v -0.122405 0.128846 -0.063397
v -0.122405 0.113457 -0.067294
v -0.122405 0.123738 -0.067204
v -0.116236 0.123738 -0.067204
v -0.131316 0.122925 -0.091889
v -0.119132 0.108017 -0.092020
v -0.131316 0.108017 -0.092020
v -0.119132 0.122925 -0.091889
v -0.131316 0.107344 -0.014907
v -0.119132 0.122930 -0.092404
v -0.119132 0.122766 -0.014772
v -0.119132 0.107344 -0.014907
v -0.131316 0.122766 -0.014772
v -0.131316 0.122930 -0.092404
v -0.131316 0.123444 -0.092399
v -0.119132 0.123444 -0.092399
v -0.079683 0.128422 -0.014723
v -0.085852 0.112999 -0.014858
v -0.079683 0.112999 -0.014858
v -0.085852 0.128422 -0.014723
v -0.079683 0.113457 -0.067294
v -0.079683 0.128846 -0.063397
v -0.085852 0.128846 -0.063397
v -0.085852 0.113457 -0.067294
v -0.085852 0.123738 -0.067204
v -0.079683 0.123738 -0.067204
v -0.094763 0.122925 -0.091889
v -0.082579 0.108017 -0.092020
v -0.094763 0.108017 -0.092020
v -0.082579 0.122925 -0.091889
v -0.094763 0.107344 -0.014907
v -0.082579 0.122930 -0.092404
v -0.082579 0.122766 -0.014772
v -0.082579 0.107344 -0.014907
v -0.094763 0.122766 -0.014772
v -0.094763 0.122930 -0.092404
v -0.094763 0.123444 -0.092399
v -0.082579 0.123444 -0.092399
v -0.082579 0.122925 -0.091889
v -0.070395 0.108017 -0.092020
v -0.082579 0.108017 -0.092020
v -0.070395 0.122925 -0.091889
v -0.082579 0.107344 -0.014907
v -0.070395 0.122930 -0.092404
v -0.070395 0.122766 -0.014772
v -0.070395 0.107344 -0.014907
v -0.082579 0.122766 -0.014772
v -0.082579 0.122930 -0.092404
v -0.082579 0.123444 -0.092399
v -0.070395 0.123444 -0.092399
v -0.058211 0.108017 -0.092020
v -0.058211 0.122925 -0.091889
v -0.058211 0.122930 -0.092404
v -0.058211 0.122766 -0.014772
v -0.058211 0.107344 -0.014907
v -0.058211 0.123444 -0.092399
v -0.068338 0.128422 -0.014723
v -0.074508 0.112999 -0.014858
v -0.068338 0.112999 -0.014858
v -0.074508 0.128422 -0.014723
v -0.068338 0.113457 -0.067294
v -0.068338 0.128846 -0.063397
v -0.074508 0.128846 -0.063397
v -0.074508 0.113457 -0.067294
v -0.074508 0.123738 -0.067204
v -0.068338 0.123738 -0.067204
v -0.167869 0.122925 -0.091889
v -0.155685 0.108017 -0.092020
v -0.167869 0.108017 -0.092020
v -0.155685 0.122925 -0.091889
v -0.167869 0.107344 -0.014907
v -0.155685 0.122930 -0.092404
v -0.155685 0.122766 -0.014772
v -0.155685 0.107344 -0.014907
v -0.167869 0.122766 -0.014772
v -0.167869 0.122930 -0.092404
v -0.167869 0.123444 -0.092399
v -0.155685 0.123444 -0.092399
v -0.180055 0.122925 -0.091889
v -0.167869 0.108017 -0.092020
v -0.180055 0.108017 -0.092020
v -0.167869 0.122925 -0.091889
v -0.180055 0.107344 -0.014907
v -0.167869 0.122930 -0.092404
v -0.167869 0.122766 -0.014772
v -0.167869 0.107344 -0.014907
v -0.180055 0.122766 -0.014772
v -0.180055 0.122930 -0.092404
v -0.180055 0.123444 -0.092399
v -0.167869 0.123444 -0.092399
v -0.164973 0.128422 -0.014723
v -0.171140 0.112999 -0.014858
v -0.164973 0.112999 -0.014858
v -0.171140 0.128422 -0.014723
v -0.164973 0.113457 -0.067294
v -0.164973 0.128846 -0.063397
v -0.171140 0.128846 -0.063397
v -0.171140 0.113457 -0.067294
v -0.171140 0.123738 -0.067204
v -0.164973 0.123738 -0.067204
v -0.216607 0.122925 -0.091889
v -0.204423 0.108017 -0.092020
v -0.216607 0.108017 -0.092020
v -0.204423 0.122925 -0.091889
v -0.216607 0.107344 -0.014907
v -0.204423 0.122930 -0.092404
v -0.204423 0.122766 -0.014772
v -0.204423 0.107344 -0.014907
v -0.216607 0.122766 -0.014772
v -0.216607 0.122930 -0.092404
v -0.216607 0.123444 -0.092399
v -0.204423 0.123444 -0.092399
v -0.201524 0.128422 -0.014723
v -0.207693 0.112999 -0.014858
v -0.201524 0.112999 -0.014858
v -0.207693 0.128422 -0.014723
v -0.201524 0.113457 -0.067294
v -0.201524 0.128846 -0.063397
v -0.207693 0.128846 -0.063397
v -0.207693 0.113457 -0.067294
v -0.207693 0.123738 -0.067204
v -0.201524 0.123738 -0.067204
v -0.204423 0.122925 -0.091889
v -0.192239 0.108017 -0.092020
v -0.204423 0.108017 -0.092020
v -0.192239 0.122925 -0.091889
v -0.204423 0.107344 -0.014907
v -0.192239 0.122930 -0.092404
v -0.192239 0.122766 -0.014772
v -0.192239 0.107344 -0.014907
v -0.204423 0.122766 -0.014772
v -0.204423 0.122930 -0.092404
v -0.204423 0.123444 -0.092399
v -0.192239 0.123444 -0.092399
v -0.180055 0.108017 -0.092020
v -0.180055 0.122925 -0.091889
v -0.180055 0.122930 -0.092404
v -0.180055 0.122766 -0.014772
v -0.180055 0.107344 -0.014907
v -0.180055 0.123444 -0.092399
v -0.190183 0.128422 -0.014723
v -0.196352 0.112999 -0.014858
v -0.190183 0.112999 -0.014858
v -0.196352 0.128422 -0.014723
v -0.190183 0.113457 -0.067294
v -0.190183 0.128846 -0.063397
v -0.196352 0.128846 -0.063397
v -0.196352 0.113457 -0.067294
v -0.196352 0.123738 -0.067204
v -0.190183 0.123738 -0.067204
v -0.212495 0.128422 -0.014723
v -0.218664 0.112999 -0.014858
v -0.212495 0.112999 -0.014858
v -0.218664 0.128422 -0.014723
v -0.212495 0.113457 -0.067294
v -0.212495 0.128846 -0.063397
v -0.218664 0.128846 -0.063397
v -0.218664 0.113457 -0.067294
v -0.218664 0.123738 -0.067204
v -0.212495 0.123738 -0.067204
v -0.216607 0.108017 -0.092020
v -0.216607 0.122925 -0.091889
v -0.216607 0.122930 -0.092404
v -0.216607 0.122766 -0.014772
v -0.216607 0.107344 -0.014907
v -0.216607 0.123444 -0.092399
v -0.153628 0.128422 -0.014723
v -0.159797 0.112999 -0.014858
v -0.153628 0.112999 -0.014858
v -0.159797 0.128422 -0.014723
v -0.153628 0.113457 -0.067294
v -0.153628 0.128846 -0.063397
v -0.159797 0.128846 -0.063397
v -0.159797 0.113457 -0.067294
v -0.159797 0.123738 -0.067204
v -0.153628 0.123738 -0.067204
v -0.155685 0.122925 -0.091889
v -0.155685 0.108017 -0.092020
v -0.155685 0.107344 -0.014907
v -0.155685 0.122766 -0.014772
v -0.155685 0.122930 -0.092404
v -0.155685 0.123444 -0.092399
v 0.295133 0.123224 -0.067209
v 0.299246 0.123224 -0.067209
v 0.293076 0.123224 -0.067209
v 0.295133 0.113457 -0.067294
v 0.299246 0.122766 -0.014772
v 0.293076 0.122766 -0.014772
v 0.295133 0.112999 -0.014858
v 0.299246 0.112999 -0.014858
v 0.293076 0.112999 -0.014858
v -0.347652 0.109712 -0.102119
v 0.330966 0.078866 -0.102119
v -0.347652 0.078866 -0.102119
v 0.330966 0.109712 -0.102119
v -0.347652 0.078866 -0.091837
v 0.330966 0.109712 -0.091837
v 0.330966 0.078866 -0.091837
v -0.347652 0.109712 -0.091837
v 0.351530 0.186827 0.167271
v -0.368217 0.078866 0.167271
v 0.351530 0.078866 0.167271
v -0.368217 0.186827 0.167271
v -0.368217 0.078866 0.168813
v 0.351530 0.186827 0.168813
v 0.351530 0.078866 0.168813
v -0.368217 0.186827 0.168813
v 0.321455 0.136835 0.007736
v 0.321455 0.135417 0.007718
v 0.321455 0.136702 0.007718
v 0.321455 0.135417 0.008747
v 0.310145 0.136702 0.007718
v 0.310145 0.136835 0.007736
v 0.321455 0.136959 0.007787
v 0.310145 0.135417 0.008747
v 0.310145 0.135417 0.007718
v 0.310145 0.136959 0.007787
v 0.321455 0.137066 0.007869
v 0.321455 0.136702 0.008747
v 0.310145 0.137066 0.007869
v 0.321455 0.137148 0.007975
v 0.310145 0.136702 0.008747
v 0.321455 0.136835 0.008729
v 0.321455 0.137199 0.008099
v 0.310145 0.136835 0.008729
v 0.321455 0.136959 0.008678
v 0.310145 0.137148 0.007975
v 0.321455 0.137216 0.008232
v 0.310145 0.136959 0.008678
v 0.321455 0.137066 0.008596
v 0.310145 0.137199 0.008099
v 0.321455 0.137199 0.008366
v 0.310145 0.137066 0.008596
v 0.321455 0.137148 0.008490
v 0.310145 0.137216 0.008232
v 0.310145 0.137148 0.008490
v 0.310145 0.137199 0.008366
v 0.307317 0.109712 0.031548
v 0.307317 0.121536 -0.091837
v 0.307317 0.109712 -0.091837
v 0.307317 0.121536 -0.017050
v 0.307317 0.121536 0.031458
v 0.324283 0.121536 -0.017050
v 0.330966 0.121536 -0.091837
v 0.330966 0.109712 0.031548
v 0.307317 0.121536 0.031548
v 0.307317 0.134554 -0.017050
v 0.324283 0.121536 -0.091837
v 0.324283 0.121536 0.031458
v 0.330966 0.121536 -0.017050
v 0.324283 0.121536 0.031548
v 0.307317 0.134868 -0.017029
v 0.324283 0.133535 -0.053574
v 0.324283 0.134554 -0.017050
v 0.330966 0.133535 -0.053574
v 0.330966 0.136959 -0.010881
v 0.330966 0.144392 0.031548
v 0.307317 0.135176 -0.016968
v 0.324283 0.134548 -0.050121
v 0.324283 0.144392 0.031458
v 0.324283 0.136959 -0.010881
v 0.330966 0.134548 -0.050121
v 0.330966 0.137409 -0.014452
v 0.330966 0.137708 -0.007836
v 0.330966 0.144392 0.026317
v 0.324283 0.144392 0.031548
v 0.307317 0.135475 -0.016867
v 0.324283 0.134868 -0.017029
v 0.324283 0.135431 -0.046632
v 0.324283 0.144392 0.026317
v 0.324283 0.136959 0.026317
v 0.330966 0.135431 -0.046632
v 0.330966 0.137724 -0.018037
v 0.330966 0.138400 -0.004777
v 0.330966 0.142100 0.026317
v 0.307317 0.144392 0.031458
v 0.307317 0.135757 -0.016728
v 0.324283 0.135176 -0.016968
v 0.324283 0.136183 -0.043112
v 0.307317 0.144392 0.026317
v 0.324283 0.137708 -0.007836
v 0.321455 0.136959 0.012345
v 0.330966 0.136183 -0.043112
v 0.324283 0.137409 -0.014452
v 0.330966 0.137906 -0.021631
v 0.324283 0.137724 -0.018037
v 0.330966 0.139034 -0.001706
v 0.330966 0.141996 0.023183
v 0.324283 0.142100 0.026317
v 0.307317 0.136019 -0.016553
v 0.324283 0.135475 -0.016867
v 0.324283 0.136804 -0.039567
v 0.324283 0.138400 -0.004777
v 0.307317 0.136959 0.026317
v 0.321455 0.136959 0.004120
v 0.330966 0.136804 -0.039567
v 0.330966 0.137954 -0.025230
v 0.324283 0.137906 -0.021631
v 0.330966 0.139609 0.001377
v 0.330966 0.141832 0.020051
v 0.307317 0.136255 -0.016345
v 0.324283 0.135757 -0.016728
v 0.324283 0.137291 -0.036001
v 0.324283 0.141996 0.023183
v 0.324283 0.139034 -0.001706
v 0.310145 0.136959 0.012345
v 0.307317 0.136959 -0.014645
v 0.330966 0.137291 -0.036001
v 0.330966 0.137867 -0.028828
v 0.324283 0.137954 -0.025230
v 0.330966 0.140126 0.004470
v 0.330966 0.141608 0.016923
v 0.307317 0.136462 -0.016109
v 0.324283 0.136019 -0.016553
v 0.324283 0.137646 -0.032420
v 0.324283 0.141832 0.020051
v 0.324283 0.139609 0.001377
v 0.310145 0.135947 0.008786
v 0.324283 0.136959 -0.014645
v 0.315800 0.136959 0.004120
v 0.330966 0.137646 -0.032420
v 0.324283 0.137867 -0.028828
v 0.330966 0.140585 0.007572
v 0.330966 0.141326 0.013800
v 0.307317 0.136939 -0.014959
v 0.307317 0.136637 -0.015847
v 0.324283 0.136462 -0.016109
v 0.324283 0.136255 -0.016345
v 0.324283 0.141608 0.016923
v 0.324283 0.140126 0.004470
v 0.321455 0.135947 0.008786
v 0.310145 0.135947 0.007718
v 0.310145 0.136959 0.007718
v 0.324283 0.136939 -0.014959
v 0.310145 0.136959 0.004120
v 0.321455 0.135417 0.004120
v 0.321455 0.135947 0.007718
v 0.330966 0.140985 0.010683
v 0.307317 0.136878 -0.015267
v 0.307317 0.136776 -0.015565
v 0.324283 0.136637 -0.015847
v 0.324283 0.141326 0.013800
v 0.324283 0.140585 0.007572
v 0.324283 0.136878 -0.015267
v 0.310145 0.135417 0.004120
v 0.315800 0.135417 0.004120
v 0.324283 0.140985 0.010683
v 0.324283 0.136776 -0.015565
v 0.330966 0.159592 0.019484
v 0.351530 0.163391 0.023375
v 0.351530 0.159592 0.019484
v 0.330966 0.163391 0.023375
v 0.351530 0.078866 0.170356
v 0.330966 0.156173 0.015255
v 0.330966 0.144392 0.034660
v 0.330966 0.167537 0.026894
v 0.351530 0.156173 0.015255
v 0.351530 0.167537 0.026894
v 0.351530 0.153164 0.010725
v 0.351530 0.171994 0.030010
v 0.330966 0.153164 0.010725
v 0.330966 0.171994 0.030010
v 0.351530 0.150592 0.005933
v 0.351530 0.176723 0.032697
v 0.330966 0.078866 0.170356
v 0.330966 0.176723 0.032697
v 0.351530 0.148479 0.000922
v 0.330966 0.150592 0.005933
v 0.351530 0.181682 0.034929
v 0.330966 0.144392 0.067934
v 0.330966 0.164956 0.034660
v 0.351530 0.146843 -0.004264
v 0.330966 0.148479 0.000922
v 0.330966 0.181682 0.034929
v 0.351530 0.186827 0.036689
v 0.330966 0.164956 0.067934
v 0.351530 0.145699 -0.009581
v 0.330966 0.146843 -0.004264
v 0.330966 0.186827 0.036689
v 0.351530 0.186827 0.170356
v 0.330966 0.186827 0.170356
v 0.330966 0.164956 0.037274
v 0.351530 0.078866 -0.091837
v 0.330966 0.145699 -0.009581
v 0.330966 0.186827 0.061578
v 0.351530 0.131990 -0.091837
v 0.351442 0.131766 -0.093179
v 0.330966 0.186827 0.046155
v 0.330966 0.164956 0.052697
v 0.351442 0.078866 -0.093179
v 0.351180 0.131546 -0.094498
v 0.330966 0.130276 -0.102119
v 0.351180 0.078866 -0.094498
v 0.350747 0.131334 -0.095772
v 0.341248 0.130276 -0.102119
v 0.341248 0.078866 -0.102119
v 0.350747 0.078866 -0.095772
v 0.350153 0.131133 -0.096978
v 0.342590 0.130291 -0.102031
v 0.342590 0.078866 -0.102031
v 0.350153 0.078866 -0.096978
v 0.349405 0.130946 -0.098096
v 0.343909 0.130335 -0.101769
v 0.343909 0.078866 -0.101769
v 0.349405 0.078866 -0.098096
v 0.348519 0.130778 -0.099108
v 0.345183 0.130407 -0.101337
v 0.345183 0.078866 -0.101337
v 0.348519 0.078866 -0.099108
v 0.347507 0.130630 -0.099994
v 0.346389 0.130506 -0.100742
v 0.346389 0.078866 -0.100742
v 0.347507 0.078866 -0.099994
v -0.368217 0.159592 0.019484
v -0.368217 0.163391 0.023375
v -0.347652 0.159592 0.019484
v -0.368217 0.078866 0.170356
v -0.347652 0.163391 0.023375
v -0.347652 0.156173 0.015255
v -0.368217 0.156173 0.015255
v -0.368217 0.167537 0.026894
v -0.347652 0.144392 0.034660
v -0.347652 0.167537 0.026894
v -0.368217 0.153164 0.010725
v -0.368217 0.171994 0.030010
v -0.347652 0.153164 0.010725
v -0.368217 0.150592 0.005933
v -0.347652 0.171994 0.030010
v -0.368217 0.176723 0.032697
v -0.347652 0.078866 0.170356
v -0.347652 0.150592 0.005933
v -0.368217 0.148479 0.000922
v -0.347652 0.176723 0.032697
v -0.368217 0.181682 0.034929
v -0.347652 0.144392 0.067934
v -0.347652 0.148479 0.000922
v -0.368217 0.146843 -0.004264
v -0.347652 0.181682 0.034929
v -0.368217 0.186827 0.036689
v -0.347652 0.164956 0.034660
v -0.347652 0.164956 0.067934
v -0.347652 0.146843 -0.004264
v -0.368217 0.145699 -0.009581
v -0.347652 0.186827 0.036689
v -0.368217 0.186827 0.170356
v -0.347652 0.186827 0.170356
v -0.347652 0.145699 -0.009581
v -0.368217 0.078866 -0.091837
v -0.347652 0.164956 0.037274
v -0.347652 0.186827 0.061578
v -0.368129 0.131766 -0.093179
v -0.368217 0.131990 -0.091837
v -0.347652 0.186827 0.046155
v -0.347652 0.164956 0.052697
v -0.367867 0.131546 -0.094498
v -0.368129 0.078866 -0.093179
v -0.347652 0.130276 -0.102119
v -0.367867 0.078866 -0.094498
v -0.367430 0.131334 -0.095772
v -0.357935 0.078866 -0.102119
v -0.357935 0.130276 -0.102119
v -0.367430 0.078866 -0.095772
v -0.366839 0.131133 -0.096978
v -0.359276 0.078866 -0.102031
v -0.359276 0.130291 -0.102031
v -0.366839 0.078866 -0.096978
v -0.366088 0.130946 -0.098096
v -0.360592 0.078866 -0.101769
v -0.360592 0.130335 -0.101769
v -0.366088 0.078866 -0.098096
v -0.365204 0.130778 -0.099108
v -0.361867 0.078866 -0.101337
v -0.361867 0.130407 -0.101337
v -0.365204 0.078866 -0.099108
v -0.364191 0.130630 -0.099994
v -0.363076 0.078866 -0.100742
v -0.363076 0.130506 -0.100742
v -0.364191 0.078866 -0.099994
v 0.348446 0.078866 0.010983
v 0.348446 -0.209032 0.165214
v 0.348446 -0.209032 0.010983
v 0.348446 0.078866 0.165214
v 0.333022 -0.209032 0.165214
v 0.333022 0.078866 0.010983
v 0.333022 0.078866 0.165214
v 0.333022 -0.209032 0.010983
v 0.335096 -0.209032 -0.072301
v 0.346372 -0.239879 -0.072301
v 0.335096 -0.239879 -0.072301
v 0.346372 -0.209032 -0.072301
v 0.330966 -0.239879 0.166757
v 0.334557 -0.209032 -0.072266
v 0.330966 -0.209032 0.166757
v 0.346911 -0.239879 -0.072266
v 0.334557 -0.239879 -0.072266
v 0.346911 -0.209032 -0.072266
v 0.347441 -0.239879 -0.072160
v 0.334027 -0.239879 -0.072160
v 0.334027 -0.209032 -0.072160
v 0.347441 -0.209032 -0.072160
v 0.347952 -0.239879 -0.071987
v 0.333516 -0.239879 -0.071987
v 0.333516 -0.209032 -0.071987
v 0.347952 -0.209032 -0.071987
v 0.348437 -0.239879 -0.071748
v 0.333031 -0.239879 -0.071748
v 0.333031 -0.209032 -0.071748
v 0.348437 -0.209032 -0.071748
v 0.348886 -0.239879 -0.071448
v 0.332582 -0.239879 -0.071448
v 0.332582 -0.209032 -0.071448
v 0.348886 -0.209032 -0.071448
v 0.349292 -0.239879 -0.071091
v 0.332176 -0.239879 -0.071091
v 0.332176 -0.209032 -0.071091
v 0.349292 -0.209032 -0.071091
v 0.349648 -0.239879 -0.070685
v 0.331819 -0.239879 -0.070685
v 0.331819 -0.209032 -0.070685
v 0.349648 -0.209032 -0.070685
v 0.349949 -0.239879 -0.070236
v 0.331519 -0.239879 -0.070236
v 0.331519 -0.209032 -0.070236
v 0.349949 -0.209032 -0.070236
v 0.350188 -0.239879 -0.069752
v 0.331280 -0.239879 -0.069752
v 0.331280 -0.209032 -0.069752
v 0.350188 -0.209032 -0.069752
v 0.350361 -0.239879 -0.069240
v 0.331107 -0.239879 -0.069240
v 0.331107 -0.209032 -0.069240
v 0.350361 -0.209032 -0.069240
v 0.350467 -0.239879 -0.068710
v 0.331001 -0.239879 -0.068710
v 0.331001 -0.209032 -0.068710
v 0.350467 -0.209032 -0.068710
v 0.350502 -0.239879 -0.068171
v 0.330966 -0.239879 -0.068171
v 0.330966 -0.209032 -0.068171
v 0.350502 -0.209032 0.166757
v 0.350502 -0.239879 0.166757
v 0.350502 -0.209032 -0.068171
v 0.348183 -0.245020 -0.050293
v 0.348183 -0.245020 -0.054284
v 0.348446 -0.245020 -0.052289
v 0.347412 -0.245020 -0.048433
v 0.348446 -0.239879 -0.052289
v 0.348183 -0.239879 -0.050293
v 0.347412 -0.239879 -0.048433
v 0.347412 -0.245020 -0.056144
v 0.348183 -0.239879 -0.054284
v 0.346187 -0.239879 -0.046836
v 0.346187 -0.245020 -0.046836
v 0.347412 -0.239879 -0.056144
v 0.346187 -0.239879 -0.057741
v 0.346187 -0.245020 -0.057741
v 0.344590 -0.245020 -0.045610
v 0.344590 -0.239879 -0.045610
v 0.344590 -0.239879 -0.058967
v 0.344590 -0.245020 -0.058967
v 0.342730 -0.245020 -0.044840
v 0.342730 -0.239879 -0.059737
v 0.342730 -0.239879 -0.044840
v 0.342730 -0.245020 -0.059737
v 0.340734 -0.245020 -0.044577
v 0.340734 -0.239879 -0.060000
v 0.340734 -0.239879 -0.044577
v 0.340734 -0.245020 -0.060000
v 0.338738 -0.245020 -0.044840
v 0.338738 -0.239879 -0.059737
v 0.338738 -0.239879 -0.044840
v 0.338738 -0.245020 -0.059737
v 0.336878 -0.245020 -0.045610
v 0.336878 -0.239879 -0.045610
v 0.336878 -0.239879 -0.058967
v 0.336878 -0.245020 -0.058967
v 0.335281 -0.245020 -0.046836
v 0.335281 -0.239879 -0.057741
v 0.335281 -0.239879 -0.046836
v 0.335281 -0.245020 -0.057741
v 0.334056 -0.239879 -0.048433
v 0.334056 -0.239879 -0.056144
v 0.334056 -0.245020 -0.048433
v 0.334056 -0.245020 -0.056144
v 0.333285 -0.239879 -0.050293
v 0.333285 -0.239879 -0.054284
v 0.333285 -0.245020 -0.054284
v 0.333285 -0.245020 -0.050293
v 0.333022 -0.239879 -0.052289
v 0.333022 -0.245020 -0.052289
v 0.348183 -0.245020 0.155349
v 0.348183 -0.245020 0.151357
v 0.348446 -0.245020 0.153353
v 0.347412 -0.245020 0.157209
v 0.348446 -0.239879 0.153353
v 0.348183 -0.239879 0.155349
v 0.347412 -0.239879 0.157209
v 0.347412 -0.245020 0.149497
v 0.348183 -0.239879 0.151357
v 0.346187 -0.239879 0.158806
v 0.346187 -0.245020 0.158806
v 0.347412 -0.239879 0.149497
v 0.346187 -0.239879 0.147900
v 0.346187 -0.245020 0.147900
v 0.344590 -0.245020 0.160031
v 0.344590 -0.239879 0.160031
v 0.344590 -0.239879 0.146674
v 0.344590 -0.245020 0.146674
v 0.342730 -0.245020 0.160801
v 0.342730 -0.239879 0.145904
v 0.342730 -0.239879 0.160801
v 0.342730 -0.245020 0.145904
v 0.340734 -0.245020 0.161065
v 0.340734 -0.239879 0.145642
v 0.340734 -0.239879 0.161065
v 0.340734 -0.245020 0.145642
v 0.338738 -0.245020 0.160801
v 0.338738 -0.239879 0.145904
v 0.338738 -0.239879 0.160801
v 0.338738 -0.245020 0.145904
v 0.336878 -0.245020 0.160031
v 0.336878 -0.239879 0.160031
v 0.336878 -0.239879 0.146674
v 0.336878 -0.245020 0.146674
v 0.335281 -0.245020 0.158806
v 0.335281 -0.239879 0.147900
v 0.335281 -0.239879 0.158806
v 0.335281 -0.245020 0.147900
v 0.334056 -0.239879 0.157209
v 0.334056 -0.239879 0.149497
v 0.334056 -0.245020 0.157209
v 0.334056 -0.245020 0.149497
v 0.333285 -0.239879 0.155349
v 0.333285 -0.239879 0.151357
v 0.333285 -0.245020 0.151357
v 0.333285 -0.245020 0.155349
v 0.333022 -0.239879 0.153353
v 0.333022 -0.245020 0.153353
v -0.349709 0.078866 0.010983
v -0.349709 -0.209032 0.165214
v -0.349709 -0.209032 0.010983
v -0.349709 0.078866 0.165214
v -0.365132 -0.209032 0.165214
v -0.365132 0.078866 0.010983
v -0.365132 0.078866 0.165214
v -0.365132 -0.209032 0.010983
v -0.347652 -0.209032 0.166757
v -0.367188 -0.239879 0.166757
v -0.347652 -0.239879 0.166757
v -0.367188 -0.209032 0.166757
v -0.347652 -0.239879 -0.068171
v -0.347652 -0.209032 -0.068171
v -0.367188 -0.209032 -0.068166
v -0.347688 -0.239879 -0.068710
v -0.347688 -0.209032 -0.068710
v -0.367188 -0.239879 -0.068166
v -0.367152 -0.209032 -0.068705
v -0.347791 -0.239879 -0.069240
v -0.347791 -0.209032 -0.069240
v -0.367152 -0.239879 -0.068705
v -0.367044 -0.209032 -0.069235
v -0.347966 -0.239879 -0.069752
v -0.347966 -0.209032 -0.069752
v -0.367044 -0.239879 -0.069235
v -0.366875 -0.209032 -0.069747
v -0.348203 -0.239879 -0.070236
v -0.348203 -0.209032 -0.070236
v -0.366875 -0.239879 -0.069747
v -0.366633 -0.209032 -0.070231
v -0.348506 -0.239879 -0.070685
v -0.348506 -0.209032 -0.070685
v -0.366633 -0.239879 -0.070231
v -0.366335 -0.209032 -0.070681
v -0.348861 -0.239879 -0.071091
v -0.348861 -0.209032 -0.071091
v -0.366335 -0.239879 -0.070681
v -0.365975 -0.209032 -0.071087
v -0.349267 -0.239879 -0.071448
v -0.349267 -0.209032 -0.071448
v -0.365975 -0.239879 -0.071087
v -0.365569 -0.209032 -0.071443
v -0.349714 -0.239879 -0.071748
v -0.349714 -0.209032 -0.071748
v -0.365569 -0.239879 -0.071443
v -0.365122 -0.209032 -0.071743
v -0.350202 -0.239879 -0.071987
v -0.350202 -0.209032 -0.071987
v -0.365122 -0.239879 -0.071743
v -0.364638 -0.209032 -0.071982
v -0.350711 -0.239879 -0.072160
v -0.350711 -0.209032 -0.072160
v -0.364638 -0.239879 -0.071982
v -0.364124 -0.209032 -0.072156
v -0.351241 -0.239879 -0.072266
v -0.351241 -0.209032 -0.072266
v -0.364124 -0.239879 -0.072156
v -0.363595 -0.209032 -0.072261
v -0.351781 -0.239879 -0.072301
v -0.351781 -0.209032 -0.072301
v -0.363595 -0.239879 -0.072261
v -0.363055 -0.209032 -0.072296
v -0.363055 -0.239879 -0.072296
v -0.349971 -0.245020 -0.050293
v -0.349971 -0.245020 -0.054284
v -0.349709 -0.245020 -0.052289
v -0.350742 -0.245020 -0.048433
v -0.349709 -0.239879 -0.052289
v -0.349971 -0.239879 -0.050293
v -0.350742 -0.239879 -0.048433
v -0.350742 -0.245020 -0.056144
v -0.349971 -0.239879 -0.054284
v -0.351966 -0.239879 -0.046836
v -0.351966 -0.245020 -0.046836
v -0.350742 -0.239879 -0.056144
v -0.351966 -0.239879 -0.057741
v -0.351966 -0.245020 -0.057741
v -0.353565 -0.245020 -0.045610
v -0.353565 -0.239879 -0.045610
v -0.353565 -0.239879 -0.058967
v -0.353565 -0.245020 -0.058967
v -0.355421 -0.245020 -0.044840
v -0.355421 -0.239879 -0.059737
v -0.355421 -0.239879 -0.044840
v -0.355421 -0.245020 -0.059737
v -0.357420 -0.245020 -0.044577
v -0.357420 -0.239879 -0.060000
v -0.357420 -0.239879 -0.044577
v -0.357420 -0.245020 -0.060000
v -0.359415 -0.245020 -0.044840
v -0.359415 -0.239879 -0.059737
v -0.359415 -0.239879 -0.044840
v -0.359415 -0.245020 -0.059737
v -0.361276 -0.245020 -0.045610
v -0.361276 -0.239879 -0.045610
v -0.361276 -0.239879 -0.058967
v -0.361276 -0.245020 -0.058967
v -0.362870 -0.245020 -0.046836
v -0.362870 -0.239879 -0.057741
v -0.362870 -0.239879 -0.046836
v -0.362870 -0.245020 -0.057741
v -0.364099 -0.239879 -0.048433
v -0.364099 -0.239879 -0.056144
v -0.364099 -0.245020 -0.048433
v -0.364099 -0.245020 -0.056144
v -0.364870 -0.239879 -0.050293
v -0.364870 -0.239879 -0.054284
v -0.364870 -0.245020 -0.054284
v -0.364870 -0.245020 -0.050293
v -0.365132 -0.239879 -0.052289
v -0.365132 -0.245020 -0.052289
v -0.349971 -0.245020 0.155349
v -0.349971 -0.245020 0.151357
v -0.349709 -0.245020 0.153353
v -0.350742 -0.245020 0.157209
v -0.349709 -0.239879 0.153353
v -0.349971 -0.239879 0.155349
v -0.350742 -0.239879 0.157209
v -0.350742 -0.245020 0.149497
v -0.349971 -0.239879 0.151357
v -0.351966 -0.239879 0.158806
v -0.351966 -0.245020 0.158806
v -0.350742 -0.239879 0.149497
v -0.351966 -0.239879 0.147900
v -0.351966 -0.245020 0.147900
v -0.353565 -0.245020 0.160031
v -0.353565 -0.239879 0.160031
v -0.353565 -0.239879 0.146674
v -0.353565 -0.245020 0.146674
v -0.355421 -0.245020 0.160801
v -0.355421 -0.239879 0.145904
v -0.355421 -0.239879 0.160801
v -0.355421 -0.245020 0.145904
v -0.357420 -0.245020 0.161065
v -0.357420 -0.239879 0.145642
v -0.357420 -0.239879 0.161065
v -0.357420 -0.245020 0.145642
v -0.359415 -0.245020 0.160801
v -0.359415 -0.239879 0.145904
v -0.359415 -0.239879 0.160801
v -0.359415 -0.245020 0.145904
v -0.361276 -0.245020 0.160031
v -0.361276 -0.239879 0.160031
v -0.361276 -0.239879 0.146674
v -0.361276 -0.245020 0.146674
v -0.362870 -0.245020 0.158806
v -0.362870 -0.239879 0.147900
v -0.362870 -0.239879 0.158806
v -0.362870 -0.245020 0.147900
v -0.364099 -0.239879 0.157209
v -0.364099 -0.239879 0.149497
v -0.364099 -0.245020 0.157209
v -0.364099 -0.245020 0.149497
v -0.364870 -0.239879 0.155349
v -0.364870 -0.239879 0.151357
v -0.364870 -0.245020 0.151357
v -0.364870 -0.245020 0.155349
v -0.365132 -0.239879 0.153353
v -0.365132 -0.245020 0.153353
v 0.101937 0.289689 0.086570
v 0.108578 0.287072 0.095448
v 0.108578 0.289463 0.086509
v 0.101937 0.287294 0.095508
v 0.115221 0.286882 0.095397
v -0.130335 0.289514 0.086522
v 0.095297 0.289951 0.086640
v -0.130335 0.287119 0.095460
v 0.115221 0.289278 0.086458
v -0.136960 0.286928 0.095410
v -0.136960 0.289324 0.086471
v -0.123711 0.289735 0.086582
v 0.095297 0.287556 0.095578
v -0.123711 0.287340 0.095521
v 0.121864 0.286728 0.095357
v -0.143587 0.286774 0.095368
v 0.088660 0.290255 0.086720
v -0.117088 0.289993 0.086651
v 0.121864 0.289124 0.086418
v -0.143587 0.289165 0.086429
v -0.117088 0.287602 0.095589
v 0.088660 0.287859 0.095659
v 0.128508 0.286615 0.095326
v -0.150214 0.286651 0.095335
v -0.150214 0.289047 0.086397
v 0.082023 0.290589 0.086810
v -0.110467 0.290286 0.086729
v -0.110467 0.287895 0.095668
v 0.128508 0.289011 0.086388
v 0.082023 0.288193 0.095749
v 0.135153 0.286538 0.095305
v -0.156841 0.286563 0.095312
v -0.156841 0.288959 0.086374
v 0.075389 0.290964 0.086910
v -0.103848 0.290615 0.086817
v -0.103848 0.288219 0.095756
v 0.135153 0.288933 0.086366
v 0.075389 0.288568 0.095849
v 0.141798 0.286497 0.095294
v -0.163469 0.286512 0.095298
v -0.163469 0.288908 0.086360
v 0.068758 0.291375 0.087020
v -0.097230 0.290974 0.086914
v -0.097230 0.288584 0.095853
v 0.141798 0.288892 0.086356
v -0.165096 0.286507 0.095297
v 0.068758 0.288980 0.095959
v 0.143241 0.286497 0.095294
v -0.165096 0.288903 0.086358
v 0.062125 0.291766 0.087126
v -0.090615 0.291375 0.087020
v -0.090615 0.288980 0.095959
v 0.143241 0.288892 0.086356
v -0.165775 0.286466 0.095286
v -0.165775 0.288862 0.086347
v 0.062125 0.289370 0.096064
v -0.083982 0.291771 0.087126
v 0.143921 0.286456 0.095283
v 0.055490 0.292126 0.087222
v -0.083982 0.289376 0.096065
v 0.143921 0.288851 0.086344
v -0.166443 0.286337 0.095251
v -0.166443 0.288733 0.086312
v 0.055490 0.289730 0.096161
v -0.077348 0.292131 0.087223
v -0.077348 0.289735 0.096162
v 0.144588 0.286327 0.095248
v 0.048854 0.292450 0.087309
v 0.144588 0.288723 0.086310
v -0.167087 0.286126 0.095195
v -0.167087 0.288522 0.086256
v 0.048854 0.290054 0.096248
v -0.070712 0.290065 0.096250
v -0.070712 0.292460 0.087311
v 0.145233 0.286116 0.095192
v 0.042215 0.292743 0.087387
v 0.145233 0.288512 0.086253
v -0.167698 0.285833 0.095117
v -0.167698 0.288229 0.086178
v 0.042215 0.290347 0.096326
v -0.064073 0.290358 0.096328
v -0.064073 0.292753 0.087390
v 0.145843 0.285823 0.095113
v 0.035576 0.293000 0.087456
v 0.145843 0.288219 0.086175
v -0.168266 0.285468 0.095019
v -0.168266 0.287864 0.086081
v 0.035576 0.290604 0.096395
v -0.057433 0.290615 0.096398
v -0.057433 0.293010 0.087459
v 0.146409 0.285458 0.095016
v 0.028935 0.293226 0.087516
v 0.146409 0.287854 0.086077
v -0.168775 0.285037 0.094903
v -0.168775 0.287432 0.085964
v 0.028935 0.290831 0.096455
v -0.050793 0.290841 0.096458
v -0.050793 0.293237 0.087519
v 0.146920 0.285026 0.094900
v 0.022293 0.293416 0.087567
v 0.146920 0.287422 0.085961
v -0.169223 0.284543 0.094770
v 0.022293 0.291021 0.096506
v -0.044150 0.291031 0.096509
v -0.044150 0.293427 0.087570
v 0.147369 0.284533 0.094767
v -0.169223 0.286939 0.085832
v 0.015650 0.293571 0.087609
v 0.147369 0.286923 0.085829
v -0.169603 0.283998 0.094624
v 0.015650 0.291175 0.096548
v -0.037507 0.291185 0.096550
v -0.037507 0.293581 0.087612
v 0.147747 0.283983 0.094620
v -0.169603 0.286389 0.085685
v 0.009006 0.293694 0.087642
v 0.147747 0.286378 0.085682
v -0.169906 0.283407 0.094466
v 0.009006 0.291298 0.096581
v -0.030863 0.291304 0.096583
v -0.030863 0.293699 0.087644
v 0.148048 0.283391 0.094463
v -0.169906 0.285803 0.085527
v 0.002361 0.293781 0.087666
v 0.148048 0.285787 0.085524
v -0.170122 0.282785 0.094299
v 0.002361 0.291386 0.096604
v -0.024219 0.291391 0.096606
v -0.024219 0.293787 0.087667
v 0.148267 0.282769 0.094295
v -0.170122 0.285181 0.085361
v -0.004284 0.293838 0.087680
v 0.148267 0.285165 0.085357
v -0.170256 0.282137 0.094126
v -0.004284 0.291442 0.096619
v -0.017574 0.291442 0.096620
v -0.017574 0.293838 0.087681
v 0.148399 0.282127 0.094123
v -0.170256 0.284533 0.085188
v -0.010928 0.293853 0.087686
v 0.148399 0.284522 0.085185
v -0.170302 0.281484 0.093950
v -0.010928 0.291463 0.096624
v 0.148444 0.281469 0.093947
v -0.170302 0.283880 0.085012
v 0.148444 0.283864 0.085009
v -0.170302 0.197109 0.071343
v 0.148444 0.197109 0.071343
v 0.148444 0.199505 0.062404
v -0.170302 0.199505 0.062404
v -0.349709 -0.239879 0.128199
v 0.333022 -0.239879 0.040801
v 0.333022 -0.239879 0.128199
v -0.349709 -0.239879 0.040801
v 0.333022 -0.198750 0.045942
v 0.333022 0.019744 0.128199
v -0.349709 -0.203891 0.040801
v 0.333022 -0.203891 0.040801
v 0.333022 -0.198750 0.123058
v -0.349709 0.019744 0.128199
v -0.349709 -0.198750 0.045942
v 0.333022 0.019744 0.123058
v -0.349709 0.019744 0.123058
v -0.349709 -0.198750 0.123058
v -0.326266 0.121536 -0.012370
v 0.307317 0.121536 -0.014722
v 0.307317 0.121536 -0.012370
v -0.326266 0.121536 -0.014722
v 0.307317 0.122564 -0.012370
v -0.326266 0.122564 -0.012370
v -0.326266 0.122564 -0.014722
v 0.307317 0.122564 -0.014722
v -0.013460 0.134389 0.011537
v -0.013460 0.134132 0.003825
v -0.013460 0.134389 0.003825
v -0.013460 0.134132 0.011537
v 0.001449 0.134389 0.003825
v 0.001449 0.134132 0.011537
v 0.001449 0.134132 0.003825
v 0.001449 0.134389 0.011537
v -0.326266 0.121536 0.031458
v 0.307317 0.121536 0.026317
v -0.326266 0.121536 0.026317
v -0.326266 0.134389 0.026317
v 0.307317 0.134389 0.026317
v -0.326266 0.144392 0.031458
v -0.326266 0.144392 0.026317
v -0.326266 0.134389 -0.012370
v 0.307317 0.134389 -0.012370
v -0.374149 0.197108 0.168225
v 0.352294 0.197057 0.168715
v 0.352294 0.197108 0.168225
v -0.374149 0.197057 0.168715
v 0.352294 0.186827 0.175994
v -0.374149 0.197109 0.167733
v -0.374149 0.186827 0.175994
v 0.352294 0.196956 0.169196
v 0.352294 0.197109 0.033807
v 0.148444 0.197109 0.046666
v -0.374149 0.196956 0.169196
v 0.352294 0.197097 0.033601
v 0.148444 0.197109 0.041525
v 0.352294 0.196808 0.169666
v -0.170302 0.197109 0.046666
v -0.374149 0.197097 0.033601
v -0.374149 0.196808 0.169666
v 0.352294 0.197058 0.033399
v 0.352294 0.196612 0.170117
v -0.374149 0.197058 0.033399
v -0.374149 0.196612 0.170117
v 0.352294 0.196995 0.033204
v -0.170302 0.197109 0.041525
v 0.352294 0.196373 0.170547
v -0.374149 0.196995 0.033204
v -0.374149 0.196373 0.170547
v 0.352294 0.196907 0.033017
v 0.352294 0.196091 0.170950
v -0.374149 0.196907 0.033017
v -0.374149 0.196091 0.170950
v 0.352294 0.196797 0.032843
v 0.352294 0.195769 0.171323
v -0.374149 0.196797 0.032843
v -0.374149 0.195769 0.171323
v 0.352294 0.196667 0.032683
v 0.352294 0.195412 0.171661
v -0.374149 0.196667 0.032683
v -0.374149 0.195412 0.171661
v 0.352294 0.196517 0.032542
v 0.352294 0.195023 0.171962
v -0.374149 0.196517 0.032542
v -0.374149 0.195023 0.171962
v 0.352294 0.196351 0.032420
v 0.352294 0.194604 0.172221
v -0.374149 0.196351 0.032420
v -0.374149 0.194604 0.172221
v 0.352294 0.196171 0.032320
v -0.374149 0.196171 0.032320
v 0.352294 0.195980 0.032243
v -0.374149 0.195980 0.032243
v 0.352294 0.195781 0.032190
v -0.374149 0.195781 0.032190
v 0.352294 0.195577 0.032163
v 0.352294 0.186827 0.031548
v 0.330966 0.186827 0.168813
v -0.374149 0.186827 0.031548
v 0.330966 0.186827 0.167271
v -0.347652 0.186827 0.039397
v 0.330966 0.186827 0.039397
v -0.170302 0.202250 0.041525
v 0.148444 0.202250 0.041525
v -0.326266 0.109712 -0.091837
v -0.326266 0.121536 -0.091837
v -0.326266 0.109712 0.031548
v -0.349914 0.109712 -0.091837
v -0.326266 0.121536 -0.017050
v -0.349914 0.121536 -0.091837
v -0.343231 0.121536 -0.017050
v -0.349914 0.109712 0.031548
v -0.343231 0.121536 -0.091837
v -0.349914 0.121536 -0.017050
v -0.326266 0.121536 0.031548
v -0.326266 0.134554 -0.017050
v -0.343231 0.121536 0.031458
v -0.343231 0.121536 0.031548
v -0.343231 0.133535 -0.053574
v -0.349914 0.133535 -0.053574
v -0.326266 0.134868 -0.017029
v -0.343231 0.134554 -0.017050
v -0.349914 0.136959 -0.010881
v -0.349914 0.144392 0.031548
v -0.349914 0.134548 -0.050121
v -0.326266 0.135176 -0.016968
v -0.343231 0.134548 -0.050121
v -0.343231 0.136959 -0.010881
v -0.343231 0.144392 0.031458
v -0.349914 0.137409 -0.014452
v -0.349914 0.137708 -0.007836
v -0.349914 0.144392 0.026317
v -0.343231 0.144392 0.031548
v -0.349914 0.135431 -0.046632
v -0.326266 0.135475 -0.016867
v -0.343231 0.134868 -0.017029
v -0.343231 0.135431 -0.046632
v -0.343231 0.136959 0.026317
v -0.343231 0.144392 0.026317
v -0.349914 0.137724 -0.018037
v -0.349914 0.138400 -0.004777
v -0.349914 0.142100 0.026317
v -0.349914 0.136183 -0.043112
v -0.343231 0.137409 -0.014452
v -0.326266 0.135757 -0.016728
v -0.343231 0.135176 -0.016968
v -0.343231 0.136183 -0.043112
v -0.343231 0.137708 -0.007836
v -0.326266 0.136959 0.026317
v -0.343231 0.137724 -0.018037
v -0.349914 0.137906 -0.021631
v -0.349914 0.139034 -0.001706
v -0.343231 0.142100 0.026317
v -0.349914 0.141996 0.023183
v -0.349914 0.136804 -0.039567
v -0.326266 0.136019 -0.016553
v -0.343231 0.135475 -0.016867
v -0.343231 0.136804 -0.039567
v -0.343231 0.138400 -0.004777
v -0.326266 0.136959 -0.014645
v -0.343231 0.137906 -0.021631
v -0.349914 0.137954 -0.025230
v -0.349914 0.139609 0.001377
v -0.349914 0.141832 0.020051
v -0.349914 0.137291 -0.036001
v -0.326266 0.136255 -0.016345
v -0.343231 0.135757 -0.016728
v -0.343231 0.137291 -0.036001
v -0.343231 0.141996 0.023183
v -0.343231 0.139034 -0.001706
v -0.343231 0.136959 -0.014645
v -0.343231 0.137954 -0.025230
v -0.349914 0.137867 -0.028828
v -0.349914 0.140126 0.004470
v -0.349914 0.141608 0.016923
v -0.349914 0.137646 -0.032420
v -0.326266 0.136462 -0.016109
v -0.343231 0.136019 -0.016553
v -0.343231 0.137646 -0.032420
v -0.343231 0.141832 0.020051
v -0.343231 0.139609 0.001377
v -0.343231 0.136939 -0.014959
v -0.326266 0.136939 -0.014959
v -0.343231 0.137867 -0.028828
v -0.349914 0.140585 0.007572
v -0.349914 0.141326 0.013800
v -0.326266 0.136637 -0.015847
v -0.343231 0.136462 -0.016109
v -0.343231 0.136255 -0.016345
v -0.343231 0.141608 0.016923
v -0.343231 0.140126 0.004470
v -0.343231 0.136878 -0.015267
v -0.326266 0.136878 -0.015267
v -0.349914 0.140985 0.010683
v -0.326266 0.136776 -0.015565
v -0.343231 0.136637 -0.015847
v -0.343231 0.141326 0.013800
v -0.343231 0.140585 0.007572
v -0.343231 0.136776 -0.015565
v -0.343231 0.140985 0.010683
v 0.158767 0.134383 0.005812
v 0.159380 0.139010 0.005013
v 0.159380 0.134383 0.005013
v 0.158767 0.139010 0.005812
v 0.160179 0.134383 0.004400
v 0.158767 0.134383 0.009667
v 0.158382 0.134383 0.006741
v 0.159380 0.139010 0.010466
v 0.160179 0.139010 0.004400
v 0.160179 0.134383 0.011079
v 0.159380 0.134383 0.010466
v 0.158382 0.134383 0.008737
v 0.158382 0.139010 0.006741
v 0.160179 0.139010 0.011079
v 0.158767 0.139010 0.009667
v 0.161109 0.134383 0.004015
v 0.158382 0.139010 0.008737
v 0.158251 0.134383 0.007739
v 0.161109 0.139010 0.011464
v 0.161109 0.139010 0.004015
v 0.161109 0.134383 0.011464
v 0.158251 0.139010 0.007739
v 0.162106 0.134383 0.003884
v 0.162106 0.139010 0.011595
v 0.162106 0.139010 0.003884
v 0.162106 0.134383 0.011595
v 0.163104 0.134383 0.004015
v 0.163104 0.139010 0.011464
v 0.163104 0.139010 0.004015
v 0.163104 0.134383 0.011464
v 0.164034 0.134383 0.004400
v 0.164034 0.134383 0.011079
v 0.164034 0.139010 0.011079
v 0.164034 0.139010 0.004400
v 0.164833 0.134383 0.005013
v 0.164833 0.139010 0.010466
v 0.164833 0.139010 0.005013
v 0.164833 0.134383 0.010466
v 0.165446 0.139010 0.005812
v 0.165446 0.134383 0.005812
v 0.165446 0.134383 0.009667
v 0.165446 0.139010 0.009667
v 0.165831 0.139010 0.006741
v 0.165831 0.139010 0.008737
v 0.165831 0.134383 0.006741
v 0.165831 0.134383 0.008737
v 0.165962 0.139010 0.007739
v 0.165962 0.134383 0.007739
v -0.018562 -0.219314 0.005650
v -0.019789 -0.220600 0.007413
v -0.018496 -0.219314 0.007352
v -0.019856 -0.220600 0.005691
v -0.019695 -0.220600 0.009134
v -0.018557 -0.219314 0.001407
v -0.018496 -0.220600 0.007352
v -0.018601 -0.219314 0.003947
v -0.019844 -0.220600 0.001237
v -0.019789 -0.224455 0.007413
v -0.018403 -0.219314 0.009053
v -0.019695 -0.224455 0.009134
v -0.018614 -0.219314 0.002281
v -0.018562 -0.220600 0.005650
v -0.019896 -0.220600 0.003967
v -0.018601 -0.220600 0.003947
v -0.019910 -0.220600 0.002244
v -0.019856 -0.224455 0.005691
v -0.019574 -0.220600 0.010853
v -0.019647 -0.220600 0.000248
v -0.019574 -0.224455 0.010853
v -0.018393 -0.219314 0.000584
v -0.018557 -0.220600 0.001407
v -0.018570 -0.220600 0.019411
v -0.018403 -0.220600 0.009053
v -0.018614 -0.220600 0.002281
v -0.019910 -0.224455 0.002244
v -0.019844 -0.224455 0.001237
v -0.018283 -0.219314 0.010753
v -0.019647 -0.224455 0.000248
v -0.018283 -0.220600 0.010753
v -0.019896 -0.224455 0.003967
v -0.018824 -0.220600 0.017706
v -0.019427 -0.220600 0.012571
v -0.019427 -0.224455 0.012571
v -0.018137 -0.219314 0.012450
v -0.018393 -0.220600 0.000584
v -0.019323 -0.220600 -0.000707
v -0.018877 -0.220600 -0.001612
v -0.018289 -0.220600 0.021112
v -0.019323 -0.224455 -0.000707
v -0.018124 -0.219314 -0.000211
v -0.018124 -0.220600 -0.000211
v -0.017291 -0.219314 0.019210
v -0.018289 -0.224455 0.021112
v -0.017542 -0.219314 0.017525
v -0.018570 -0.224455 0.019411
v -0.018137 -0.220600 0.012450
v -0.019051 -0.220600 0.015997
v -0.019252 -0.220600 0.014286
v -0.019252 -0.224455 0.014286
v -0.017965 -0.219314 0.014145
v -0.018316 -0.220600 -0.002451
v -0.017013 -0.219314 0.020891
v -0.017982 -0.224455 0.022808
v -0.017767 -0.219314 0.015837
v -0.018824 -0.224455 0.017706
v -0.017982 -0.220600 0.022808
v -0.019051 -0.224455 0.015997
v -0.017753 -0.219314 -0.000963
v -0.018877 -0.224455 -0.001612
v -0.017753 -0.220600 -0.000963
v -0.017291 -0.220600 0.019210
v -0.017286 -0.219314 -0.001661
v -0.017542 -0.220600 0.017525
v -0.018316 -0.224455 -0.002451
v -0.018061 -0.224455 0.007332
v -0.017965 -0.220600 0.014145
v -0.017767 -0.220600 0.015837
v -0.017651 -0.220600 -0.003209
v -0.016708 -0.219314 0.022576
v -0.017013 -0.220600 0.020891
v -0.016733 -0.219314 -0.002292
v -0.018179 -0.224455 0.002294
v -0.017711 -0.224455 0.024293
v -0.017969 -0.224455 0.009026
v -0.018127 -0.224455 0.005637
v -0.017286 -0.220600 -0.001661
v -0.017711 -0.220600 0.024293
v -0.017019 -0.220600 0.028768
v -0.017460 -0.220600 0.025782
v -0.018125 -0.224455 0.001463
v -0.018167 -0.224455 0.003941
v -0.017850 -0.224455 0.010719
v -0.017969 -0.221885 0.009026
v -0.018061 -0.221885 0.007332
v -0.017651 -0.224455 -0.003209
v -0.016893 -0.220600 -0.003874
v -0.016436 -0.219314 0.024069
v -0.016708 -0.220600 0.022576
v -0.016828 -0.220600 0.030266
v -0.017229 -0.220600 0.027274
v -0.016733 -0.220600 -0.002292
v -0.017973 -0.224455 0.000697
v -0.018179 -0.221885 0.002294
v -0.018167 -0.221885 0.003941
v -0.017460 -0.224455 0.025782
v -0.017704 -0.224455 0.012410
v -0.017850 -0.221885 0.010719
v -0.018127 -0.221885 0.005637
v -0.016893 -0.224455 -0.003874
v -0.017721 -0.224455 -0.000044
v -0.016182 -0.219314 0.025575
v -0.015735 -0.219314 0.028596
v -0.016828 -0.224455 0.030266
v -0.015949 -0.219314 0.027084
v -0.017019 -0.224455 0.028768
v -0.017229 -0.224455 0.027274
v -0.016102 -0.219314 -0.002845
v -0.018125 -0.221885 0.001463
v -0.017533 -0.224455 0.014097
v -0.017704 -0.221885 0.012410
v -0.017973 -0.221885 0.000697
v -0.016941 -0.224455 -0.001396
v -0.017375 -0.224455 -0.000745
v -0.016102 -0.220600 -0.002845
v -0.016054 -0.224455 -0.004435
v -0.016436 -0.220600 0.024069
v -0.016182 -0.220600 0.025575
v -0.016657 -0.220600 0.031766
v -0.015542 -0.219314 0.030111
v -0.016657 -0.224455 0.031766
v -0.016054 -0.220600 -0.004435
v -0.017335 -0.224455 0.015783
v -0.017533 -0.221885 0.014097
v -0.017721 -0.221885 -0.000044
v -0.016425 -0.224455 -0.001983
v -0.016506 -0.220600 0.033268
v -0.015949 -0.220600 0.027084
v -0.015542 -0.220600 0.030111
v -0.016861 -0.224455 0.019143
v -0.017111 -0.224455 0.017465
v -0.015405 -0.219314 -0.003311
v -0.017335 -0.221885 0.015783
v -0.016941 -0.221885 -0.001396
v -0.017375 -0.221885 -0.000745
v -0.015405 -0.220600 -0.003311
v -0.015149 -0.224455 -0.004881
v -0.015837 -0.224455 -0.002499
v -0.016265 -0.220600 0.036278
v -0.016375 -0.220600 0.034772
v -0.016054 -0.220600 0.040801
v -0.015369 -0.219314 0.031628
v -0.016506 -0.224455 0.033268
v -0.015735 -0.220600 0.028596
v -0.016585 -0.224455 0.020817
v -0.015149 -0.220600 -0.004881
v -0.017111 -0.221885 0.017465
v -0.016425 -0.221885 -0.001983
v -0.015187 -0.224455 -0.002933
v -0.015837 -0.221885 -0.002499
v -0.016174 -0.220600 0.037785
v -0.015217 -0.219314 0.033147
v -0.016375 -0.224455 0.034772
v -0.016104 -0.220600 0.039293
v -0.015369 -0.220600 0.031628
v -0.016861 -0.221885 0.019143
v -0.016585 -0.221885 0.020817
v -0.014653 -0.219314 -0.003682
v -0.014653 -0.220600 -0.003682
v -0.014194 -0.224455 -0.005205
v -0.014486 -0.224455 -0.003279
v -0.015187 -0.221885 -0.002933
v -0.016174 -0.224455 0.037785
v -0.014973 -0.219314 0.036191
v -0.015085 -0.219314 0.034669
v -0.016265 -0.224455 0.036278
v -0.016054 -0.224455 0.040801
v -0.014810 -0.219314 0.039241
v -0.015217 -0.220600 0.033147
v -0.016280 -0.221885 0.022499
v -0.014760 -0.219314 0.040759
v -0.014194 -0.220600 -0.005205
v -0.016007 -0.221885 0.023994
v -0.014486 -0.221885 -0.003279
v -0.015304 -0.221885 0.028539
v -0.014881 -0.219314 0.037716
v -0.016104 -0.224455 0.039293
v -0.015085 -0.220600 0.034669
v -0.016280 -0.224455 0.022499
v -0.013858 -0.219314 -0.003952
v -0.015753 -0.221885 0.025506
v -0.013858 -0.220600 -0.003952
v -0.013205 -0.224455 -0.005402
v -0.013745 -0.224455 -0.003531
v -0.013745 -0.221885 -0.003531
v -0.014539 -0.221885 0.036163
v -0.015110 -0.221885 0.030059
v -0.015518 -0.221885 0.027020
v -0.014973 -0.220600 0.036191
v -0.014760 -0.220600 0.040759
v -0.014810 -0.220600 0.039241
v -0.013035 -0.219314 -0.004115
v -0.013205 -0.220600 -0.005402
v -0.016007 -0.224455 0.023994
v -0.014381 -0.221885 0.039072
v -0.014447 -0.221885 0.037693
v -0.014651 -0.221885 0.034634
v -0.014937 -0.221885 0.031582
v -0.015304 -0.224455 0.028539
v -0.015518 -0.224455 0.027020
v -0.014881 -0.220600 0.037716
v -0.012198 -0.219314 -0.004175
v -0.015753 -0.224455 0.025506
v -0.013035 -0.220600 -0.004115
v -0.012198 -0.224455 -0.005468
v -0.012978 -0.224455 -0.003683
v -0.012978 -0.221885 -0.003683
v -0.014539 -0.224455 0.036163
v -0.014651 -0.224455 0.034634
v -0.014784 -0.221885 0.033107
v -0.015110 -0.224455 0.030059
v -0.012156 -0.219314 -0.004173
v -0.012198 -0.220600 -0.005468
v -0.012142 -0.221885 -0.003738
v -0.014447 -0.224455 0.037693
v -0.014784 -0.224455 0.033107
v -0.014937 -0.224455 0.031582
v -0.012114 -0.219314 -0.004175
v -0.004529 -0.219314 -0.004173
v -0.012198 -0.220600 -0.004175
v -0.008343 -0.224455 -0.005468
v -0.012142 -0.224455 -0.003738
v -0.008343 -0.221885 -0.003738
v -0.014381 -0.224455 0.039072
v -0.008343 -0.219314 -0.004173
v -0.004529 -0.220600 -0.004175
v -0.012114 -0.220600 -0.004175
v -0.008343 -0.220600 -0.005468
v -0.008343 -0.221885 0.039072
v -0.008343 -0.224455 0.039072
v -0.008343 -0.220600 -0.004175
v -0.003649 -0.220600 -0.004118
v -0.004487 -0.224455 -0.005468
v -0.008343 -0.224455 -0.003738
v -0.004543 -0.221885 -0.003738
v -0.003649 -0.219314 -0.004115
v -0.004487 -0.220600 -0.005468
v -0.004543 -0.224455 -0.003738
v -0.003706 -0.221885 -0.003683
v -0.002304 -0.224455 0.039072
v -0.008343 -0.224455 0.040801
v -0.002827 -0.219314 -0.003952
v -0.002826 -0.220600 -0.003954
v -0.003480 -0.224455 -0.005402
v -0.003706 -0.224455 -0.003683
v -0.002939 -0.221885 -0.003531
v -0.002304 -0.221885 0.039072
v -0.002032 -0.219314 -0.003682
v -0.003480 -0.220600 -0.005402
v -0.002238 -0.221885 0.037693
v -0.000631 -0.224455 0.040801
v -0.001922 -0.219314 0.040759
v -0.002031 -0.220600 -0.003684
v -0.002491 -0.220600 -0.005205
v -0.002491 -0.224455 -0.005205
v -0.002939 -0.224455 -0.003531
v -0.002238 -0.224455 0.037693
v -0.000677 -0.224455 0.023994
v -0.001875 -0.219314 0.039241
v -0.001278 -0.220600 -0.003313
v -0.001535 -0.220600 -0.004881
v -0.002199 -0.221885 -0.003279
v -0.002146 -0.221885 0.036163
v -0.002146 -0.224455 0.036163
v -0.000581 -0.224455 0.039293
v -0.000932 -0.224455 0.025506
v -0.001804 -0.219314 0.037716
v -0.001872 -0.220600 0.039241
v -0.000631 -0.220600 0.040801
v -0.001280 -0.219314 -0.003311
v -0.001535 -0.224455 -0.004881
v -0.002199 -0.224455 -0.003279
v -0.002033 -0.224455 0.034634
v -0.000510 -0.224455 0.037785
v -0.001166 -0.224455 0.027020
v -0.000677 -0.221885 0.023994
v -0.001712 -0.219314 0.036191
v -0.001801 -0.220600 0.037716
v -0.000581 -0.220600 0.039293
v -0.001922 -0.220600 0.040759
v -0.001315 -0.219314 0.031628
v -0.000580 -0.220600 -0.002847
v -0.000631 -0.220600 -0.004435
v -0.000631 -0.224455 -0.004435
v -0.002033 -0.221885 0.034634
v -0.001497 -0.221885 -0.002933
v -0.001901 -0.224455 0.033107
v -0.000420 -0.224455 0.036278
v -0.001381 -0.224455 0.028539
v -0.000932 -0.221885 0.025506
v -0.000405 -0.221885 0.022499
v -0.001600 -0.219314 0.034669
v -0.001709 -0.220600 0.036192
v -0.000510 -0.220600 0.037785
v -0.001143 -0.219314 0.030111
v -0.001468 -0.219314 0.033147
v -0.000582 -0.219314 -0.002845
v -0.000847 -0.224455 -0.002499
v -0.001497 -0.224455 -0.002933
v -0.001901 -0.221885 0.033107
v -0.001574 -0.221885 0.030059
v -0.001748 -0.224455 0.031582
v -0.000405 -0.224455 0.022499
v -0.001574 -0.224455 0.030059
v -0.001166 -0.221885 0.027020
v -0.000847 -0.221885 -0.002499
v -0.001598 -0.220600 0.034669
v -0.000420 -0.220600 0.036278
v -0.000950 -0.219314 0.028596
v -0.001140 -0.220600 0.030111
v -0.000028 -0.220600 0.031766
v -0.001313 -0.220600 0.031628
v -0.000179 -0.220600 0.033268
v -0.000736 -0.219314 0.027084
v 0.000051 -0.220600 -0.002293
v 0.000208 -0.220600 -0.003874
v 0.000208 -0.224455 -0.003874
v -0.000259 -0.224455 -0.001983
v -0.001748 -0.221885 0.031582
v -0.001381 -0.221885 0.028539
v -0.000309 -0.224455 0.034772
v -0.000100 -0.221885 0.020817
v -0.000259 -0.221885 -0.001983
v -0.001465 -0.220600 0.033147
v -0.000309 -0.220600 0.034772
v -0.000947 -0.220600 0.028597
v 0.000143 -0.220600 0.030266
v -0.000502 -0.219314 0.025575
v 0.000049 -0.219314 -0.002292
v -0.000179 -0.224455 0.033268
v -0.000100 -0.224455 0.020817
v -0.000733 -0.220600 0.027085
v 0.000334 -0.220600 0.028768
v 0.000143 -0.224455 0.030266
v -0.000028 -0.224455 0.031766
v -0.000249 -0.219314 0.024069
v -0.000500 -0.220600 0.025576
v 0.000545 -0.220600 0.027274
v 0.000023 -0.219314 0.022576
v 0.000604 -0.220600 -0.001662
v 0.000966 -0.220600 -0.003209
v 0.000966 -0.224455 -0.003209
v 0.000256 -0.224455 -0.001396
v 0.000176 -0.221885 0.019143
v 0.000334 -0.224455 0.028768
v -0.000246 -0.220600 0.024070
v 0.000776 -0.220600 0.025782
v 0.000328 -0.219314 0.020891
v 0.000602 -0.219314 -0.001661
v 0.000691 -0.224455 -0.000745
v 0.000256 -0.221885 -0.001396
v 0.000176 -0.224455 0.019143
v 0.000545 -0.224455 0.027274
v 0.000026 -0.220600 0.022577
v 0.001026 -0.220600 0.024293
v 0.000776 -0.224455 0.025782
v 0.000331 -0.220600 0.020892
v 0.001297 -0.220600 0.022808
v 0.001071 -0.220600 -0.000964
v 0.001632 -0.220600 -0.002451
v 0.001037 -0.224455 -0.000044
v 0.000427 -0.221885 0.017465
v 0.000427 -0.224455 0.017465
v 0.001026 -0.224455 0.024293
v 0.000606 -0.219314 0.019210
v 0.000609 -0.220600 0.019211
v 0.001604 -0.220600 0.021112
v 0.001068 -0.219314 -0.000963
v 0.001632 -0.224455 -0.002451
v 0.001288 -0.224455 0.000697
v 0.000691 -0.221885 -0.000745
v 0.000651 -0.221885 0.015783
v 0.000651 -0.224455 0.015783
v 0.001297 -0.224455 0.022808
v 0.001020 -0.224455 0.012410
v 0.000857 -0.219314 0.017525
v 0.001604 -0.224455 0.021112
v 0.001442 -0.220600 -0.000212
v 0.002192 -0.220600 -0.001612
v 0.001440 -0.224455 0.001463
v 0.001037 -0.221885 -0.000044
v 0.000848 -0.224455 0.014097
v 0.001284 -0.224455 0.009026
v 0.001165 -0.224455 0.010719
v 0.000860 -0.220600 0.017526
v 0.001885 -0.220600 0.019411
v 0.001885 -0.224455 0.019411
v 0.001082 -0.219314 0.015837
v 0.001439 -0.219314 -0.000211
v 0.002192 -0.224455 -0.001612
v 0.001495 -0.224455 0.002294
v 0.001288 -0.221885 0.000697
v 0.001020 -0.221885 0.012410
v 0.000848 -0.221885 0.014097
v 0.001482 -0.224455 0.003941
v 0.001376 -0.224455 0.007332
v 0.001165 -0.221885 0.010719
v 0.001085 -0.220600 0.015837
v 0.002139 -0.220600 0.017706
v 0.001280 -0.219314 0.014145
v 0.001711 -0.220600 0.000583
v 0.002638 -0.220600 -0.000707
v 0.002139 -0.224455 0.017706
v 0.001440 -0.221885 0.001463
v 0.001284 -0.221885 0.009026
v 0.001442 -0.224455 0.005637
v 0.001376 -0.221885 0.007332
v 0.001283 -0.220600 0.014145
v 0.002367 -0.220600 0.015997
v 0.001453 -0.219314 0.012450
v 0.001709 -0.219314 0.000584
v 0.002638 -0.224455 -0.000707
v 0.002367 -0.224455 0.015997
v 0.001495 -0.221885 0.002294
v 0.001482 -0.221885 0.003941
v 0.001442 -0.221885 0.005637
v 0.001455 -0.220600 0.012450
v 0.002568 -0.220600 0.014286
v 0.001599 -0.219314 0.010753
v 0.001875 -0.220600 0.001406
v 0.002962 -0.220600 0.000248
v 0.002568 -0.224455 0.014286
v 0.001601 -0.220600 0.010753
v 0.002742 -0.220600 0.012571
v 0.001718 -0.219314 0.009053
v 0.001873 -0.219314 0.001407
v 0.002962 -0.224455 0.000248
v 0.002742 -0.224455 0.012571
v 0.001810 -0.219314 0.007352
v 0.001721 -0.220600 0.009053
v 0.002890 -0.220600 0.010853
v 0.001932 -0.220600 0.002281
v 0.003159 -0.220600 0.001237
v 0.002890 -0.224455 0.010853
v 0.001814 -0.220600 0.007353
v 0.003010 -0.220600 0.009134
v 0.001877 -0.219314 0.005650
v 0.001930 -0.219314 0.002281
v 0.003159 -0.224455 0.001237
v 0.003010 -0.224455 0.009134
v 0.001880 -0.220600 0.005651
v 0.003104 -0.220600 0.007413
v 0.001917 -0.219314 0.003947
v 0.001919 -0.220600 0.003947
v 0.003225 -0.220600 0.002244
v 0.003104 -0.224455 0.007413
v 0.003171 -0.220600 0.005691
v 0.003211 -0.220600 0.003967
v 0.003225 -0.224455 0.002244
v 0.003171 -0.224455 0.005691
v 0.003211 -0.224455 0.003967
v -0.008343 -0.219314 0.040801
v -0.062261 -0.219314 0.005650
v -0.063488 -0.220600 0.007413
v -0.062194 -0.219314 0.007352
v -0.063555 -0.220600 0.005691
v -0.063394 -0.220600 0.009134
v -0.062256 -0.219314 0.001407
v -0.062194 -0.220600 0.007352
v -0.062300 -0.219314 0.003947
v -0.063542 -0.220600 0.001237
v -0.063488 -0.224455 0.007413
v -0.062101 -0.219314 0.009053
v -0.063394 -0.224455 0.009134
v -0.062313 -0.219314 0.002281
v -0.062261 -0.220600 0.005650
v -0.063595 -0.220600 0.003967
v -0.062300 -0.220600 0.003947
v -0.063609 -0.220600 0.002244
v -0.063555 -0.224455 0.005691
v -0.063273 -0.220600 0.010853
v -0.063346 -0.220600 0.000248
v -0.063273 -0.224455 0.010853
v -0.062092 -0.219314 0.000584
v -0.062256 -0.220600 0.001407
v -0.062268 -0.220600 0.019411
v -0.062101 -0.220600 0.009053
v -0.062313 -0.220600 0.002281
v -0.063609 -0.224455 0.002244
v -0.063542 -0.224455 0.001237
v -0.061982 -0.219314 0.010753
v -0.063346 -0.224455 0.000248
v -0.061982 -0.220600 0.010753
v -0.063595 -0.224455 0.003967
v -0.062523 -0.220600 0.017706
v -0.063125 -0.220600 0.012571
v -0.063125 -0.224455 0.012571
v -0.061836 -0.219314 0.012450
v -0.062092 -0.220600 0.000584
v -0.063022 -0.220600 -0.000707
v -0.062575 -0.220600 -0.001612
v -0.061988 -0.220600 0.021112
v -0.063022 -0.224455 -0.000707
v -0.061823 -0.219314 -0.000211
v -0.061823 -0.220600 -0.000211
v -0.060989 -0.219314 0.019210
v -0.061988 -0.224455 0.021112
v -0.061241 -0.219314 0.017525
v -0.062268 -0.224455 0.019411
v -0.061836 -0.220600 0.012450
v -0.062750 -0.220600 0.015997
v -0.062951 -0.220600 0.014286
v -0.062951 -0.224455 0.014286
v -0.061664 -0.219314 0.014145
v -0.062015 -0.220600 -0.002451
v -0.060712 -0.219314 0.020891
v -0.061681 -0.224455 0.022808
v -0.061465 -0.219314 0.015837
v -0.062523 -0.224455 0.017706
v -0.061681 -0.220600 0.022808
v -0.062750 -0.224455 0.015997
v -0.061452 -0.219314 -0.000963
v -0.062575 -0.224455 -0.001612
v -0.061452 -0.220600 -0.000963
v -0.060989 -0.220600 0.019210
v -0.060985 -0.219314 -0.001661
v -0.061241 -0.220600 0.017525
v -0.062015 -0.224455 -0.002451
v -0.061760 -0.224455 0.007332
v -0.061664 -0.220600 0.014145
v -0.061465 -0.220600 0.015837
v -0.061350 -0.220600 -0.003209
v -0.060407 -0.219314 0.022576
v -0.060712 -0.220600 0.020891
v -0.060432 -0.219314 -0.002292
v -0.061878 -0.224455 0.002294
v -0.061410 -0.224455 0.024293
v -0.061667 -0.224455 0.009026
v -0.061826 -0.224455 0.005637
v -0.060985 -0.220600 -0.001661
v -0.061410 -0.220600 0.024293
v -0.060717 -0.220600 0.028768
v -0.061159 -0.220600 0.025782
v -0.061824 -0.224455 0.001463
v -0.061865 -0.224455 0.003941
v -0.061549 -0.224455 0.010719
v -0.061667 -0.221885 0.009026
v -0.061760 -0.221885 0.007332
v -0.061350 -0.224455 -0.003209
v -0.060591 -0.220600 -0.003874
v -0.060134 -0.219314 0.024069
v -0.060407 -0.220600 0.022576
v -0.060527 -0.220600 0.030266
v -0.060928 -0.220600 0.027274
v -0.060432 -0.220600 -0.002292
v -0.061672 -0.224455 0.000697
v -0.061878 -0.221885 0.002294
v -0.061865 -0.221885 0.003941
v -0.061159 -0.224455 0.025782
v -0.061403 -0.224455 0.012410
v -0.061549 -0.221885 0.010719
v -0.061826 -0.221885 0.005637
v -0.060591 -0.224455 -0.003874
v -0.061420 -0.224455 -0.000044
v -0.059881 -0.219314 0.025575
v -0.059434 -0.219314 0.028596
v -0.060527 -0.224455 0.030266
v -0.059648 -0.219314 0.027084
v -0.060717 -0.224455 0.028768
v -0.060928 -0.224455 0.027274
v -0.059801 -0.219314 -0.002845
v -0.061824 -0.221885 0.001463
v -0.061232 -0.224455 0.014097
v -0.061403 -0.221885 0.012410
v -0.061672 -0.221885 0.000697
v -0.060640 -0.224455 -0.001396
v -0.061074 -0.224455 -0.000745
v -0.059801 -0.220600 -0.002845
v -0.059753 -0.224455 -0.004435
v -0.060134 -0.220600 0.024069
v -0.059881 -0.220600 0.025575
v -0.060355 -0.220600 0.031766
v -0.059241 -0.219314 0.030111
v -0.060355 -0.224455 0.031766
v -0.059753 -0.220600 -0.004435
v -0.061034 -0.224455 0.015783
v -0.061232 -0.221885 0.014097
v -0.061420 -0.221885 -0.000044
v -0.060124 -0.224455 -0.001983
v -0.060205 -0.220600 0.033268
v -0.059648 -0.220600 0.027084
v -0.059241 -0.220600 0.030111
v -0.060560 -0.224455 0.019143
v -0.060810 -0.224455 0.017465
v -0.059104 -0.219314 -0.003311
v -0.061034 -0.221885 0.015783
v -0.060640 -0.221885 -0.001396
v -0.061074 -0.221885 -0.000745
v -0.059104 -0.220600 -0.003311
v -0.058848 -0.224455 -0.004881
v -0.059536 -0.224455 -0.002499
v -0.059964 -0.220600 0.036278
v -0.060074 -0.220600 0.034772
v -0.059753 -0.220600 0.040801
v -0.059068 -0.219314 0.031628
v -0.060205 -0.224455 0.033268
v -0.059434 -0.220600 0.028596
v -0.060283 -0.224455 0.020817
v -0.058848 -0.220600 -0.004881
v -0.060810 -0.221885 0.017465
v -0.060124 -0.221885 -0.001983
v -0.058886 -0.224455 -0.002933
v -0.059536 -0.221885 -0.002499
v -0.059873 -0.220600 0.037785
v -0.058915 -0.219314 0.033147
v -0.060074 -0.224455 0.034772
v -0.059803 -0.220600 0.039293
v -0.059068 -0.220600 0.031628
v -0.060560 -0.221885 0.019143
v -0.060283 -0.221885 0.020817
v -0.058351 -0.219314 -0.003682
v -0.058351 -0.220600 -0.003682
v -0.057893 -0.224455 -0.005205
v -0.058185 -0.224455 -0.003279
v -0.058886 -0.221885 -0.002933
v -0.059873 -0.224455 0.037785
v -0.058672 -0.219314 0.036191
v -0.058783 -0.219314 0.034669
v -0.059964 -0.224455 0.036278
v -0.059753 -0.224455 0.040801
v -0.058509 -0.219314 0.039241
v -0.058915 -0.220600 0.033147
v -0.059979 -0.221885 0.022499
v -0.058458 -0.219314 0.040759
v -0.057893 -0.220600 -0.005205
v -0.059706 -0.221885 0.023994
v -0.058185 -0.221885 -0.003279
v -0.059003 -0.221885 0.028539
v -0.058580 -0.219314 0.037716
v -0.059803 -0.224455 0.039293
v -0.058783 -0.220600 0.034669
v -0.059979 -0.224455 0.022499
v -0.057557 -0.219314 -0.003952
v -0.059452 -0.221885 0.025506
v -0.057557 -0.220600 -0.003952
v -0.056904 -0.224455 -0.005402
v -0.057444 -0.224455 -0.003531
v -0.057444 -0.221885 -0.003531
v -0.058238 -0.221885 0.036163
v -0.058809 -0.221885 0.030059
v -0.059217 -0.221885 0.027020
v -0.058672 -0.220600 0.036191
v -0.058458 -0.220600 0.040759
v -0.058509 -0.220600 0.039241
v -0.056734 -0.219314 -0.004115
v -0.056904 -0.220600 -0.005402
v -0.059706 -0.224455 0.023994
v -0.058080 -0.221885 0.039072
v -0.058146 -0.221885 0.037693
v -0.058350 -0.221885 0.034634
v -0.058636 -0.221885 0.031582
v -0.059003 -0.224455 0.028539
v -0.059217 -0.224455 0.027020
v -0.058580 -0.220600 0.037716
v -0.055897 -0.219314 -0.004175
v -0.059452 -0.224455 0.025506
v -0.056734 -0.220600 -0.004115
v -0.055897 -0.224455 -0.005468
v -0.056677 -0.224455 -0.003683
v -0.056677 -0.221885 -0.003683
v -0.058238 -0.224455 0.036163
v -0.058350 -0.224455 0.034634
v -0.058483 -0.221885 0.033107
v -0.058809 -0.224455 0.030059
v -0.055854 -0.219314 -0.004173
v -0.055897 -0.220600 -0.005468
v -0.055840 -0.221885 -0.003738
v -0.058146 -0.224455 0.037693
v -0.058483 -0.224455 0.033107
v -0.058636 -0.224455 0.031582
v -0.055812 -0.219314 -0.004175
v -0.048228 -0.219314 -0.004173
v -0.055897 -0.220600 -0.004175
v -0.052041 -0.224455 -0.005468
v -0.055840 -0.224455 -0.003738
v -0.052041 -0.221885 -0.003738
v -0.058080 -0.224455 0.039072
v -0.052041 -0.219314 -0.004173
v -0.048228 -0.220600 -0.004175
v -0.055812 -0.220600 -0.004175
v -0.052041 -0.220600 -0.005468
v -0.052041 -0.221885 0.039072
v -0.052041 -0.224455 0.039072
v -0.052041 -0.220600 -0.004175
v -0.047348 -0.220600 -0.004118
v -0.048186 -0.224455 -0.005468
v -0.052041 -0.224455 -0.003738
v -0.048242 -0.221885 -0.003738
v -0.047348 -0.219314 -0.004115
v -0.048186 -0.220600 -0.005468
v -0.048242 -0.224455 -0.003738
v -0.047405 -0.221885 -0.003683
v -0.046003 -0.224455 0.039072
v -0.052041 -0.224455 0.040801
v -0.046526 -0.219314 -0.003952
v -0.046525 -0.220600 -0.003954
v -0.047179 -0.224455 -0.005402
v -0.047405 -0.224455 -0.003683
v -0.046638 -0.221885 -0.003531
v -0.046003 -0.221885 0.039072
v -0.045731 -0.219314 -0.003682
v -0.047179 -0.220600 -0.005402
v -0.045936 -0.221885 0.037693
v -0.044330 -0.224455 0.040801
v -0.045621 -0.219314 0.040759
v -0.045730 -0.220600 -0.003684
v -0.046189 -0.220600 -0.005205
v -0.046189 -0.224455 -0.005205
v -0.046638 -0.224455 -0.003531
v -0.045936 -0.224455 0.037693
v -0.044376 -0.224455 0.023994
v -0.045573 -0.219314 0.039241
v -0.044977 -0.220600 -0.003313
v -0.045234 -0.220600 -0.004881
v -0.045898 -0.221885 -0.003279
v -0.045845 -0.221885 0.036163
v -0.045845 -0.224455 0.036163
v -0.044279 -0.224455 0.039293
v -0.044631 -0.224455 0.025506
v -0.045502 -0.219314 0.037716
v -0.045570 -0.220600 0.039241
v -0.044330 -0.220600 0.040801
v -0.044979 -0.219314 -0.003311
v -0.045234 -0.224455 -0.004881
v -0.045898 -0.224455 -0.003279
v -0.045732 -0.224455 0.034634
v -0.044209 -0.224455 0.037785
v -0.044865 -0.224455 0.027020
v -0.044376 -0.221885 0.023994
v -0.045411 -0.219314 0.036191
v -0.045499 -0.220600 0.037716
v -0.044279 -0.220600 0.039293
v -0.045621 -0.220600 0.040759
v -0.045014 -0.219314 0.031628
v -0.044279 -0.220600 -0.002847
v -0.044330 -0.220600 -0.004435
v -0.044330 -0.224455 -0.004435
v -0.045732 -0.221885 0.034634
v -0.045196 -0.221885 -0.002933
v -0.045600 -0.224455 0.033107
v -0.044119 -0.224455 0.036278
v -0.045079 -0.224455 0.028539
v -0.044631 -0.221885 0.025506
v -0.044104 -0.221885 0.022499
v -0.045299 -0.219314 0.034669
v -0.045408 -0.220600 0.036192
v -0.044209 -0.220600 0.037785
v -0.044841 -0.219314 0.030111
v -0.045167 -0.219314 0.033147
v -0.044281 -0.219314 -0.002845
v -0.044546 -0.224455 -0.002499
v -0.045196 -0.224455 -0.002933
v -0.045600 -0.221885 0.033107
v -0.045273 -0.221885 0.030059
v -0.045446 -0.224455 0.031582
v -0.044104 -0.224455 0.022499
v -0.045273 -0.224455 0.030059
v -0.044865 -0.221885 0.027020
v -0.044546 -0.221885 -0.002499
v -0.045296 -0.220600 0.034669
v -0.044119 -0.220600 0.036278
v -0.044649 -0.219314 0.028596
v -0.044839 -0.220600 0.030111
v -0.043727 -0.220600 0.031766
v -0.045012 -0.220600 0.031628
v -0.043877 -0.220600 0.033268
v -0.044435 -0.219314 0.027084
v -0.043648 -0.220600 -0.002293
v -0.043491 -0.220600 -0.003874
v -0.043491 -0.224455 -0.003874
v -0.043958 -0.224455 -0.001983
v -0.045446 -0.221885 0.031582
v -0.045079 -0.221885 0.028539
v -0.044008 -0.224455 0.034772
v -0.043799 -0.221885 0.020817
v -0.043958 -0.221885 -0.001983
v -0.045164 -0.220600 0.033147
v -0.044008 -0.220600 0.034772
v -0.044645 -0.220600 0.028597
v -0.043556 -0.220600 0.030266
v -0.044201 -0.219314 0.025575
v -0.043650 -0.219314 -0.002292
v -0.043877 -0.224455 0.033268
v -0.043799 -0.224455 0.020817
v -0.044432 -0.220600 0.027085
v -0.043365 -0.220600 0.028768
v -0.043556 -0.224455 0.030266
v -0.043727 -0.224455 0.031766
v -0.043948 -0.219314 0.024069
v -0.044199 -0.220600 0.025576
v -0.043154 -0.220600 0.027274
v -0.043676 -0.219314 0.022576
v -0.043094 -0.220600 -0.001662
v -0.042732 -0.220600 -0.003209
v -0.042732 -0.224455 -0.003209
v -0.043442 -0.224455 -0.001396
v -0.043523 -0.221885 0.019143
v -0.043365 -0.224455 0.028768
v -0.043945 -0.220600 0.024070
v -0.042923 -0.220600 0.025782
v -0.043370 -0.219314 0.020891
v -0.043097 -0.219314 -0.001661
v -0.043008 -0.224455 -0.000745
v -0.043442 -0.221885 -0.001396
v -0.043523 -0.224455 0.019143
v -0.043154 -0.224455 0.027274
v -0.043673 -0.220600 0.022577
v -0.042672 -0.220600 0.024293
v -0.042923 -0.224455 0.025782
v -0.043368 -0.220600 0.020892
v -0.042402 -0.220600 0.022808
v -0.042628 -0.220600 -0.000964
v -0.042067 -0.220600 -0.002451
v -0.042662 -0.224455 -0.000044
v -0.043272 -0.221885 0.017465
v -0.043272 -0.224455 0.017465
v -0.042672 -0.224455 0.024293
v -0.043093 -0.219314 0.019210
v -0.043090 -0.220600 0.019211
v -0.042094 -0.220600 0.021112
v -0.042631 -0.219314 -0.000963
v -0.042067 -0.224455 -0.002451
v -0.042411 -0.224455 0.000697
v -0.043008 -0.221885 -0.000745
v -0.043048 -0.221885 0.015783
v -0.043048 -0.224455 0.015783
v -0.042402 -0.224455 0.022808
v -0.042679 -0.224455 0.012410
v -0.042842 -0.219314 0.017525
v -0.042094 -0.224455 0.021112
v -0.042257 -0.220600 -0.000212
v -0.041507 -0.220600 -0.001612
v -0.042258 -0.224455 0.001463
v -0.042662 -0.221885 -0.000044
v -0.042851 -0.224455 0.014097
v -0.042415 -0.224455 0.009026
v -0.042534 -0.224455 0.010719
v -0.042839 -0.220600 0.017526
v -0.041814 -0.220600 0.019411
v -0.041814 -0.224455 0.019411
v -0.042617 -0.219314 0.015837
v -0.042260 -0.219314 -0.000211
v -0.041507 -0.224455 -0.001612
v -0.042204 -0.224455 0.002294
v -0.042411 -0.221885 0.000697
v -0.042679 -0.221885 0.012410
v -0.042851 -0.221885 0.014097
v -0.042217 -0.224455 0.003941
v -0.042322 -0.224455 0.007332
v -0.042534 -0.221885 0.010719
v -0.042614 -0.220600 0.015837
v -0.041560 -0.220600 0.017706
v -0.042418 -0.219314 0.014145
v -0.041988 -0.220600 0.000583
v -0.041061 -0.220600 -0.000707
v -0.041560 -0.224455 0.017706
v -0.042258 -0.221885 0.001463
v -0.042415 -0.221885 0.009026
v -0.042256 -0.224455 0.005637
v -0.042322 -0.221885 0.007332
v -0.042416 -0.220600 0.014145
v -0.041332 -0.220600 0.015997
v -0.042246 -0.219314 0.012450
v -0.041990 -0.219314 0.000584
v -0.041061 -0.224455 -0.000707
v -0.041332 -0.224455 0.015997
v -0.042204 -0.221885 0.002294
v -0.042217 -0.221885 0.003941
v -0.042256 -0.221885 0.005637
v -0.042244 -0.220600 0.012450
v -0.041131 -0.220600 0.014286
v -0.042100 -0.219314 0.010753
v -0.041824 -0.220600 0.001406
v -0.040737 -0.220600 0.000248
v -0.041131 -0.224455 0.014286
v -0.042098 -0.220600 0.010753
v -0.040957 -0.220600 0.012571
v -0.041981 -0.219314 0.009053
v -0.041826 -0.219314 0.001407
v -0.040737 -0.224455 0.000248
v -0.040957 -0.224455 0.012571
v -0.041888 -0.219314 0.007352
v -0.041978 -0.220600 0.009053
v -0.040809 -0.220600 0.010853
v -0.041766 -0.220600 0.002281
v -0.040540 -0.220600 0.001237
v -0.040809 -0.224455 0.010853
v -0.041885 -0.220600 0.007353
v -0.040688 -0.220600 0.009134
v -0.041822 -0.219314 0.005650
v -0.041769 -0.219314 0.002281
v -0.040540 -0.224455 0.001237
v -0.040688 -0.224455 0.009134
v -0.041819 -0.220600 0.005651
v -0.040595 -0.220600 0.007413
v -0.041782 -0.219314 0.003947
v -0.041779 -0.220600 0.003947
v -0.040474 -0.220600 0.002244
v -0.040595 -0.224455 0.007413
v -0.040527 -0.220600 0.005691
v -0.040487 -0.220600 0.003967
v -0.040474 -0.224455 0.002244
v -0.040527 -0.224455 0.005691
v -0.040487 -0.224455 0.003967
v -0.052041 -0.219314 0.040801
v 0.025137 -0.219314 0.005650
v 0.023910 -0.220600 0.007413
v 0.025203 -0.219314 0.007352
v 0.023843 -0.220600 0.005691
v 0.024004 -0.220600 0.009134
v 0.025142 -0.219314 0.001407
v 0.025203 -0.220600 0.007352
v 0.025097 -0.219314 0.003947
v 0.023855 -0.220600 0.001237
v 0.023910 -0.224455 0.007413
v 0.025296 -0.219314 0.009053
v 0.024004 -0.224455 0.009134
v 0.025084 -0.219314 0.002281
v 0.025137 -0.220600 0.005650
v 0.023803 -0.220600 0.003967
v 0.025097 -0.220600 0.003947
v 0.023789 -0.220600 0.002244
v 0.023843 -0.224455 0.005691
v 0.024125 -0.220600 0.010853
v 0.024052 -0.220600 0.000248
v 0.024125 -0.224455 0.010853
v 0.025306 -0.219314 0.000584
v 0.025142 -0.220600 0.001407
v 0.025129 -0.220600 0.019411
v 0.025296 -0.220600 0.009053
v 0.025084 -0.220600 0.002281
v 0.023789 -0.224455 0.002244
v 0.023855 -0.224455 0.001237
v 0.025416 -0.219314 0.010753
v 0.024052 -0.224455 0.000248
v 0.025416 -0.220600 0.010753
v 0.023803 -0.224455 0.003967
v 0.024875 -0.220600 0.017706
v 0.024272 -0.220600 0.012571
v 0.024272 -0.224455 0.012571
v 0.025562 -0.219314 0.012450
v 0.025306 -0.220600 0.000584
v 0.024376 -0.220600 -0.000707
v 0.024822 -0.220600 -0.001612
v 0.025410 -0.220600 0.021112
v 0.024376 -0.224455 -0.000707
v 0.025575 -0.219314 -0.000211
v 0.025575 -0.220600 -0.000211
v 0.026408 -0.219314 0.019210
v 0.025410 -0.224455 0.021112
v 0.026157 -0.219314 0.017525
v 0.025129 -0.224455 0.019411
v 0.025562 -0.220600 0.012450
v 0.024647 -0.220600 0.015997
v 0.024446 -0.220600 0.014286
v 0.024446 -0.224455 0.014286
v 0.025734 -0.219314 0.014145
v 0.025383 -0.220600 -0.002451
v 0.026686 -0.219314 0.020891
v 0.025717 -0.224455 0.022808
v 0.025932 -0.219314 0.015837
v 0.024875 -0.224455 0.017706
v 0.025717 -0.220600 0.022808
v 0.024647 -0.224455 0.015997
v 0.025946 -0.219314 -0.000963
v 0.024822 -0.224455 -0.001612
v 0.025946 -0.220600 -0.000963
v 0.026408 -0.220600 0.019210
v 0.026412 -0.219314 -0.001661
v 0.026157 -0.220600 0.017525
v 0.025383 -0.224455 -0.002451
v 0.025638 -0.224455 0.007332
v 0.025734 -0.220600 0.014145
v 0.025932 -0.220600 0.015837
v 0.026048 -0.220600 -0.003209
v 0.026991 -0.219314 0.022576
v 0.026686 -0.220600 0.020891
v 0.026966 -0.219314 -0.002292
v 0.025519 -0.224455 0.002294
v 0.025988 -0.224455 0.024293
v 0.025730 -0.224455 0.009026
v 0.025572 -0.224455 0.005637
v 0.026412 -0.220600 -0.001661
v 0.025988 -0.220600 0.024293
v 0.026680 -0.220600 0.028768
v 0.026239 -0.220600 0.025782
v 0.025574 -0.224455 0.001463
v 0.025532 -0.224455 0.003941
v 0.025849 -0.224455 0.010719
v 0.025730 -0.221885 0.009026
v 0.025638 -0.221885 0.007332
v 0.026048 -0.224455 -0.003209
v 0.026806 -0.220600 -0.003874
v 0.027263 -0.219314 0.024069
v 0.026991 -0.220600 0.022576
v 0.026871 -0.220600 0.030266
v 0.026469 -0.220600 0.027274
v 0.026966 -0.220600 -0.002292
v 0.025726 -0.224455 0.000697
v 0.025519 -0.221885 0.002294
v 0.025532 -0.221885 0.003941
v 0.026239 -0.224455 0.025782
v 0.025994 -0.224455 0.012410
v 0.025849 -0.221885 0.010719
v 0.025572 -0.221885 0.005637
v 0.026806 -0.224455 -0.003874
v 0.025977 -0.224455 -0.000044
v 0.027517 -0.219314 0.025575
v 0.027963 -0.219314 0.028596
v 0.026871 -0.224455 0.030266
v 0.027750 -0.219314 0.027084
v 0.026680 -0.224455 0.028768
v 0.026469 -0.224455 0.027274
v 0.027596 -0.219314 -0.002845
v 0.025574 -0.221885 0.001463
v 0.026166 -0.224455 0.014097
v 0.025994 -0.221885 0.012410
v 0.025726 -0.221885 0.000697
v 0.026758 -0.224455 -0.001396
v 0.026323 -0.224455 -0.000745
v 0.027596 -0.220600 -0.002845
v 0.027645 -0.224455 -0.004435
v 0.027263 -0.220600 0.024069
v 0.027517 -0.220600 0.025575
v 0.027042 -0.220600 0.031766
v 0.028157 -0.219314 0.030111
v 0.027042 -0.224455 0.031766
v 0.027645 -0.220600 -0.004435
v 0.026364 -0.224455 0.015783
v 0.026166 -0.221885 0.014097
v 0.025977 -0.221885 -0.000044
v 0.027274 -0.224455 -0.001983
v 0.027193 -0.220600 0.033268
v 0.027750 -0.220600 0.027084
v 0.028157 -0.220600 0.030111
v 0.026838 -0.224455 0.019143
v 0.026588 -0.224455 0.017465
v 0.028293 -0.219314 -0.003311
v 0.026364 -0.221885 0.015783
v 0.026758 -0.221885 -0.001396
v 0.026323 -0.221885 -0.000745
v 0.028293 -0.220600 -0.003311
v 0.028550 -0.224455 -0.004881
v 0.027862 -0.224455 -0.002499
v 0.027434 -0.220600 0.036278
v 0.027323 -0.220600 0.034772
v 0.027645 -0.220600 0.040801
v 0.028329 -0.219314 0.031628
v 0.027193 -0.224455 0.033268
v 0.027963 -0.220600 0.028596
v 0.027114 -0.224455 0.020817
v 0.028550 -0.220600 -0.004881
v 0.026588 -0.221885 0.017465
v 0.027274 -0.221885 -0.001983
v 0.028511 -0.224455 -0.002933
v 0.027862 -0.221885 -0.002499
v 0.027524 -0.220600 0.037785
v 0.028482 -0.219314 0.033147
v 0.027323 -0.224455 0.034772
v 0.027595 -0.220600 0.039293
v 0.028329 -0.220600 0.031628
v 0.026838 -0.221885 0.019143
v 0.027114 -0.221885 0.020817
v 0.029046 -0.219314 -0.003682
v 0.029046 -0.220600 -0.003682
v 0.029505 -0.224455 -0.005205
v 0.029213 -0.224455 -0.003279
v 0.028511 -0.221885 -0.002933
v 0.027524 -0.224455 0.037785
v 0.028726 -0.219314 0.036191
v 0.028614 -0.219314 0.034669
v 0.027434 -0.224455 0.036278
v 0.027645 -0.224455 0.040801
v 0.028889 -0.219314 0.039241
v 0.028482 -0.220600 0.033147
v 0.027419 -0.221885 0.022499
v 0.028939 -0.219314 0.040759
v 0.029505 -0.220600 -0.005205
v 0.027691 -0.221885 0.023994
v 0.029213 -0.221885 -0.003279
v 0.028395 -0.221885 0.028539
v 0.028817 -0.219314 0.037716
v 0.027595 -0.224455 0.039293
v 0.028614 -0.220600 0.034669
v 0.027419 -0.224455 0.022499
v 0.029840 -0.219314 -0.003952
v 0.027946 -0.221885 0.025506
v 0.029840 -0.220600 -0.003952
v 0.030494 -0.224455 -0.005402
v 0.029954 -0.224455 -0.003531
v 0.029954 -0.221885 -0.003531
v 0.029160 -0.221885 0.036163
v 0.028589 -0.221885 0.030059
v 0.028180 -0.221885 0.027020
v 0.028726 -0.220600 0.036191
v 0.028939 -0.220600 0.040759
v 0.028889 -0.220600 0.039241
v 0.030664 -0.219314 -0.004115
v 0.030494 -0.220600 -0.005402
v 0.027691 -0.224455 0.023994
v 0.029318 -0.221885 0.039072
v 0.029252 -0.221885 0.037693
v 0.029048 -0.221885 0.034634
v 0.028762 -0.221885 0.031582
v 0.028395 -0.224455 0.028539
v 0.028180 -0.224455 0.027020
v 0.028817 -0.220600 0.037716
v 0.031500 -0.219314 -0.004175
v 0.027946 -0.224455 0.025506
v 0.030664 -0.220600 -0.004115
v 0.031500 -0.224455 -0.005468
v 0.030721 -0.224455 -0.003683
v 0.030721 -0.221885 -0.003683
v 0.029160 -0.224455 0.036163
v 0.029048 -0.224455 0.034634
v 0.028915 -0.221885 0.033107
v 0.028589 -0.224455 0.030059
v 0.031543 -0.219314 -0.004173
v 0.031500 -0.220600 -0.005468
v 0.031558 -0.221885 -0.003738
v 0.029252 -0.224455 0.037693
v 0.028915 -0.224455 0.033107
v 0.028762 -0.224455 0.031582
v 0.031585 -0.219314 -0.004175
v 0.039170 -0.219314 -0.004173
v 0.031500 -0.220600 -0.004175
v 0.035356 -0.224455 -0.005468
v 0.031558 -0.224455 -0.003738
v 0.035356 -0.221885 -0.003738
v 0.029318 -0.224455 0.039072
v 0.035356 -0.219314 -0.004173
v 0.039170 -0.220600 -0.004175
v 0.031585 -0.220600 -0.004175
v 0.035356 -0.220600 -0.005468
v 0.035356 -0.221885 0.039072
v 0.035356 -0.224455 0.039072
v 0.035356 -0.220600 -0.004175
v 0.040050 -0.220600 -0.004118
v 0.039212 -0.224455 -0.005468
v 0.035356 -0.224455 -0.003738
v 0.039155 -0.221885 -0.003738
v 0.040049 -0.219314 -0.004115
v 0.039212 -0.220600 -0.005468
v 0.039155 -0.224455 -0.003738
v 0.039992 -0.221885 -0.003683
v 0.041395 -0.224455 0.039072
v 0.035356 -0.224455 0.040801
v 0.040872 -0.219314 -0.003952
v 0.040873 -0.220600 -0.003954
v 0.040219 -0.224455 -0.005402
v 0.039992 -0.224455 -0.003683
v 0.040759 -0.221885 -0.003531
v 0.041395 -0.221885 0.039072
v 0.041667 -0.219314 -0.003682
v 0.040219 -0.220600 -0.005402
v 0.041461 -0.221885 0.037693
v 0.043068 -0.224455 0.040801
v 0.041776 -0.219314 0.040759
v 0.041668 -0.220600 -0.003684
v 0.041208 -0.220600 -0.005205
v 0.041208 -0.224455 -0.005205
v 0.040759 -0.224455 -0.003531
v 0.041461 -0.224455 0.037693
v 0.043022 -0.224455 0.023994
v 0.041824 -0.219314 0.039241
v 0.042421 -0.220600 -0.003313
v 0.042163 -0.220600 -0.004881
v 0.041500 -0.221885 -0.003279
v 0.041553 -0.221885 0.036163
v 0.041553 -0.224455 0.036163
v 0.043118 -0.224455 0.039293
v 0.042767 -0.224455 0.025506
v 0.041895 -0.219314 0.037716
v 0.041827 -0.220600 0.039241
v 0.043068 -0.220600 0.040801
v 0.042419 -0.219314 -0.003311
v 0.042163 -0.224455 -0.004881
v 0.041500 -0.224455 -0.003279
v 0.041665 -0.224455 0.034634
v 0.043189 -0.224455 0.037785
v 0.042533 -0.224455 0.027020
v 0.043022 -0.221885 0.023994
v 0.041987 -0.219314 0.036191
v 0.041898 -0.220600 0.037716
v 0.043118 -0.220600 0.039293
v 0.041776 -0.220600 0.040759
v 0.042384 -0.219314 0.031628
v 0.043119 -0.220600 -0.002847
v 0.043068 -0.220600 -0.004435
v 0.043068 -0.224455 -0.004435
v 0.041665 -0.221885 0.034634
v 0.042202 -0.221885 -0.002933
v 0.041798 -0.224455 0.033107
v 0.043279 -0.224455 0.036278
v 0.042318 -0.224455 0.028539
v 0.042767 -0.221885 0.025506
v 0.043294 -0.221885 0.022499
v 0.042099 -0.219314 0.034669
v 0.041990 -0.220600 0.036192
v 0.043189 -0.220600 0.037785
v 0.042556 -0.219314 0.030111
v 0.042231 -0.219314 0.033147
v 0.043117 -0.219314 -0.002845
v 0.042851 -0.224455 -0.002499
v 0.042202 -0.224455 -0.002933
v 0.041798 -0.221885 0.033107
v 0.042124 -0.221885 0.030059
v 0.041951 -0.224455 0.031582
v 0.043294 -0.224455 0.022499
v 0.042124 -0.224455 0.030059
v 0.042533 -0.221885 0.027020
v 0.042851 -0.221885 -0.002499
v 0.042101 -0.220600 0.034669
v 0.043279 -0.220600 0.036278
v 0.042749 -0.219314 0.028596
v 0.042559 -0.220600 0.030111
v 0.043671 -0.220600 0.031766
v 0.042386 -0.220600 0.031628
v 0.043520 -0.220600 0.033268
v 0.042962 -0.219314 0.027084
v 0.043749 -0.220600 -0.002293
v 0.043907 -0.220600 -0.003874
v 0.043907 -0.224455 -0.003874
v 0.043439 -0.224455 -0.001983
v 0.041951 -0.221885 0.031582
v 0.042318 -0.221885 0.028539
v 0.043390 -0.224455 0.034772
v 0.043599 -0.221885 0.020817
v 0.043439 -0.221885 -0.001983
v 0.042233 -0.220600 0.033147
v 0.043390 -0.220600 0.034772
v 0.042752 -0.220600 0.028597
v 0.043842 -0.220600 0.030266
v 0.043196 -0.219314 0.025575
v 0.043747 -0.219314 -0.002292
v 0.043520 -0.224455 0.033268
v 0.043599 -0.224455 0.020817
v 0.042965 -0.220600 0.027085
v 0.044033 -0.220600 0.028768
v 0.043842 -0.224455 0.030266
v 0.043671 -0.224455 0.031766
v 0.043450 -0.219314 0.024069
v 0.043199 -0.220600 0.025576
v 0.044244 -0.220600 0.027274
v 0.043722 -0.219314 0.022576
v 0.044303 -0.220600 -0.001662
v 0.044665 -0.220600 -0.003209
v 0.044665 -0.224455 -0.003209
v 0.043955 -0.224455 -0.001396
v 0.043875 -0.221885 0.019143
v 0.044033 -0.224455 0.028768
v 0.043452 -0.220600 0.024070
v 0.044474 -0.220600 0.025782
v 0.044027 -0.219314 0.020891
v 0.044301 -0.219314 -0.001661
v 0.044390 -0.224455 -0.000745
v 0.043955 -0.221885 -0.001396
v 0.043875 -0.224455 0.019143
v 0.044244 -0.224455 0.027274
v 0.043725 -0.220600 0.022577
v 0.044725 -0.220600 0.024293
v 0.044474 -0.224455 0.025782
v 0.044030 -0.220600 0.020892
v 0.044996 -0.220600 0.022808
v 0.044769 -0.220600 -0.000964
v 0.045330 -0.220600 -0.002451
v 0.044736 -0.224455 -0.000044
v 0.044125 -0.221885 0.017465
v 0.044125 -0.224455 0.017465
v 0.044725 -0.224455 0.024293
v 0.044305 -0.219314 0.019210
v 0.044307 -0.220600 0.019211
v 0.045303 -0.220600 0.021112
v 0.044767 -0.219314 -0.000963
v 0.045330 -0.224455 -0.002451
v 0.044987 -0.224455 0.000697
v 0.044390 -0.221885 -0.000745
v 0.044349 -0.221885 0.015783
v 0.044349 -0.224455 0.015783
v 0.044996 -0.224455 0.022808
v 0.044719 -0.224455 0.012410
v 0.044556 -0.219314 0.017525
v 0.045303 -0.224455 0.021112
v 0.045141 -0.220600 -0.000212
v 0.045891 -0.220600 -0.001612
v 0.045139 -0.224455 0.001463
v 0.044736 -0.221885 -0.000044
v 0.044547 -0.224455 0.014097
v 0.044983 -0.224455 0.009026
v 0.044864 -0.224455 0.010719
v 0.044559 -0.220600 0.017526
v 0.045584 -0.220600 0.019411
v 0.045584 -0.224455 0.019411
v 0.044781 -0.219314 0.015837
v 0.045138 -0.219314 -0.000211
v 0.045891 -0.224455 -0.001612
v 0.045194 -0.224455 0.002294
v 0.044987 -0.221885 0.000697
v 0.044719 -0.221885 0.012410
v 0.044547 -0.221885 0.014097
v 0.045181 -0.224455 0.003941
v 0.045075 -0.224455 0.007332
v 0.044864 -0.221885 0.010719
v 0.044783 -0.220600 0.015837
v 0.045838 -0.220600 0.017706
v 0.044979 -0.219314 0.014145
v 0.045410 -0.220600 0.000583
v 0.046337 -0.220600 -0.000707
v 0.045838 -0.224455 0.017706
v 0.045139 -0.221885 0.001463
v 0.044983 -0.221885 0.009026
v 0.045141 -0.224455 0.005637
v 0.045075 -0.221885 0.007332
v 0.044982 -0.220600 0.014145
v 0.046066 -0.220600 0.015997
v 0.045151 -0.219314 0.012450
v 0.045407 -0.219314 0.000584
v 0.046337 -0.224455 -0.000707
v 0.046066 -0.224455 0.015997
v 0.045194 -0.221885 0.002294
v 0.045181 -0.221885 0.003941
v 0.045141 -0.221885 0.005637
v 0.045154 -0.220600 0.012450
v 0.046267 -0.220600 0.014286
v 0.045297 -0.219314 0.010753
v 0.045574 -0.220600 0.001406
v 0.046661 -0.220600 0.000248
v 0.046267 -0.224455 0.014286
v 0.045300 -0.220600 0.010753
v 0.046441 -0.220600 0.012571
v 0.045417 -0.219314 0.009053
v 0.045571 -0.219314 0.001407
v 0.046661 -0.224455 0.000248
v 0.046441 -0.224455 0.012571
v 0.045509 -0.219314 0.007352
v 0.045419 -0.220600 0.009053
v 0.046588 -0.220600 0.010853
v 0.045632 -0.220600 0.002281
v 0.046858 -0.220600 0.001237
v 0.046588 -0.224455 0.010853
v 0.045512 -0.220600 0.007353
v 0.046709 -0.220600 0.009134
v 0.045576 -0.219314 0.005650
v 0.045629 -0.219314 0.002281
v 0.046858 -0.224455 0.001237
v 0.046709 -0.224455 0.009134
v 0.045579 -0.220600 0.005651
v 0.046803 -0.220600 0.007413
v 0.045616 -0.219314 0.003947
v 0.045618 -0.220600 0.003947
v 0.046924 -0.220600 0.002244
v 0.046803 -0.224455 0.007413
v 0.046870 -0.220600 0.005691
v 0.046910 -0.220600 0.003967
v 0.046924 -0.224455 0.002244
v 0.046870 -0.224455 0.005691
v 0.046910 -0.224455 0.003967
v 0.035356 -0.219314 0.040801
v 0.139229 0.135925 0.009520
v 0.138733 0.134383 0.009725
v 0.139229 0.134383 0.009520
v 0.138733 0.135925 0.009725
v 0.139229 0.134383 0.005958
v 0.139654 0.135925 0.009193
v 0.138733 0.135925 0.005753
v 0.138201 0.134383 0.009796
v 0.139654 0.134383 0.006285
v 0.138733 0.134383 0.005753
v 0.139654 0.134383 0.009193
v 0.139229 0.135925 0.005958
v 0.138201 0.135925 0.005683
v 0.138201 0.135925 0.009796
v 0.139981 0.134383 0.008767
v 0.139654 0.135925 0.006285
v 0.137669 0.134383 0.009725
v 0.138201 0.134383 0.005683
v 0.139981 0.134383 0.006711
v 0.139981 0.135925 0.008767
v 0.137669 0.135925 0.005753
v 0.137669 0.135925 0.009725
v 0.139981 0.135925 0.006711
v 0.140187 0.134383 0.008272
v 0.140187 0.134383 0.007207
v 0.137172 0.134383 0.009520
v 0.137669 0.134383 0.005753
v 0.140187 0.135925 0.007207
v 0.140187 0.135925 0.008272
v 0.137172 0.135925 0.005958
v 0.137172 0.135925 0.009520
v 0.140257 0.134383 0.007739
v 0.140257 0.135925 0.007739
v 0.136747 0.134383 0.009193
v 0.137172 0.134383 0.005958
v 0.136747 0.135925 0.006285
v 0.136747 0.135925 0.009193
v 0.136420 0.135925 0.008767
v 0.136747 0.134383 0.006285
v 0.136420 0.135925 0.006711
v 0.136420 0.134383 0.008767
v 0.136420 0.134383 0.006711
v 0.136214 0.135925 0.008272
v 0.136214 0.135925 0.007207
v 0.136214 0.134383 0.007207
v 0.136214 0.134383 0.008272
v 0.136144 0.135925 0.007739
v 0.136144 0.134383 0.007739
v 0.114552 0.135925 0.009520
v 0.114056 0.134383 0.009725
v 0.114552 0.134383 0.009520
v 0.114056 0.135925 0.009725
v 0.114552 0.134383 0.005958
v 0.114978 0.135925 0.009193
v 0.114056 0.135925 0.005753
v 0.113524 0.134383 0.009796
v 0.114978 0.134383 0.006285
v 0.114056 0.134383 0.005753
v 0.114978 0.134383 0.009193
v 0.114552 0.135925 0.005958
v 0.113524 0.135925 0.005683
v 0.113524 0.135925 0.009796
v 0.115304 0.134383 0.008767
v 0.114978 0.135925 0.006285
v 0.112992 0.134383 0.009725
v 0.113524 0.134383 0.005683
v 0.115304 0.134383 0.006711
v 0.115304 0.135925 0.008767
v 0.112992 0.135925 0.005753
v 0.112992 0.135925 0.009725
v 0.115304 0.135925 0.006711
v 0.115510 0.134383 0.008272
v 0.115510 0.134383 0.007207
v 0.112495 0.134383 0.009520
v 0.112992 0.134383 0.005753
v 0.115510 0.135925 0.007207
v 0.115510 0.135925 0.008272
v 0.112495 0.135925 0.005958
v 0.112495 0.135925 0.009520
v 0.115580 0.134383 0.007739
v 0.115580 0.135925 0.007739
v 0.112070 0.134383 0.009193
v 0.112495 0.134383 0.005958
v 0.112070 0.135925 0.006285
v 0.112070 0.135925 0.009193
v 0.111743 0.135925 0.008767
v 0.112070 0.134383 0.006285
v 0.111743 0.135925 0.006711
v 0.111743 0.134383 0.008767
v 0.111743 0.134383 0.006711
v 0.111537 0.135925 0.008272
v 0.111537 0.135925 0.007207
v 0.111537 0.134383 0.007207
v 0.111537 0.134383 0.008272
v 0.111467 0.135925 0.007739
v 0.111467 0.134383 0.007739
v 0.106326 0.135925 0.009520
v 0.105830 0.134383 0.009725
v 0.106326 0.134383 0.009520
v 0.105830 0.135925 0.009725
v 0.106326 0.134383 0.005958
v 0.106752 0.135925 0.009193
v 0.105830 0.135925 0.005753
v 0.105298 0.134383 0.009796
v 0.106752 0.134383 0.006285
v 0.105830 0.134383 0.005753
v 0.106752 0.134383 0.009193
v 0.106326 0.135925 0.005958
v 0.105298 0.135925 0.005683
v 0.105298 0.135925 0.009796
v 0.107079 0.134383 0.008767
v 0.106752 0.135925 0.006285
v 0.104766 0.134383 0.009725
v 0.105298 0.134383 0.005683
v 0.107079 0.134383 0.006711
v 0.107079 0.135925 0.008767
v 0.104766 0.135925 0.005753
v 0.104766 0.135925 0.009725
v 0.107079 0.135925 0.006711
v 0.107284 0.134383 0.008272
v 0.107284 0.134383 0.007207
v 0.104270 0.134383 0.009520
v 0.104766 0.134383 0.005753
v 0.107284 0.135925 0.007207
v 0.107284 0.135925 0.008272
v 0.104270 0.135925 0.005958
v 0.104270 0.135925 0.009520
v 0.107354 0.134383 0.007739
v 0.107354 0.135925 0.007739
v 0.103844 0.134383 0.009193
v 0.104270 0.134383 0.005958
v 0.103844 0.135925 0.006285
v 0.103844 0.135925 0.009193
v 0.103517 0.135925 0.008767
v 0.103844 0.134383 0.006285
v 0.103517 0.135925 0.006711
v 0.103517 0.134383 0.008767
v 0.103517 0.134383 0.006711
v 0.103311 0.135925 0.008272
v 0.103311 0.135925 0.007207
v 0.103311 0.134383 0.007207
v 0.103311 0.134383 0.008272
v 0.103242 0.135925 0.007739
v 0.103242 0.134383 0.007739
v 0.092959 0.135925 0.009520
v 0.092463 0.134383 0.009725
v 0.092959 0.134383 0.009520
v 0.092463 0.135925 0.009725
v 0.092959 0.134383 0.005958
v 0.093385 0.135925 0.009193
v 0.092463 0.135925 0.005753
v 0.091931 0.134383 0.009796
v 0.093385 0.134383 0.006285
v 0.092463 0.134383 0.005753
v 0.093385 0.134383 0.009193
v 0.092959 0.135925 0.005958
v 0.091931 0.135925 0.005683
v 0.091931 0.135925 0.009796
v 0.093712 0.134383 0.008767
v 0.093385 0.135925 0.006285
v 0.091399 0.134383 0.009725
v 0.091931 0.134383 0.005683
v 0.093712 0.134383 0.006711
v 0.093712 0.135925 0.008767
v 0.091399 0.135925 0.005753
v 0.091399 0.135925 0.009725
v 0.093712 0.135925 0.006711
v 0.093918 0.134383 0.008272
v 0.093918 0.134383 0.007207
v 0.090903 0.134383 0.009520
v 0.091399 0.134383 0.005753
v 0.093918 0.135925 0.007207
v 0.093918 0.135925 0.008272
v 0.090903 0.135925 0.005958
v 0.090903 0.135925 0.009520
v 0.093988 0.134383 0.007739
v 0.093988 0.135925 0.007739
v 0.090477 0.134383 0.009193
v 0.090903 0.134383 0.005958
v 0.090477 0.135925 0.006285
v 0.090477 0.135925 0.009193
v 0.090150 0.135925 0.008767
v 0.090477 0.134383 0.006285
v 0.090150 0.135925 0.006711
v 0.090150 0.134383 0.008767
v 0.090150 0.134383 0.006711
v 0.089945 0.135925 0.008272
v 0.089945 0.135925 0.007207
v 0.089945 0.134383 0.007207
v 0.089945 0.134383 0.008272
v 0.089875 0.135925 0.007739
v 0.089875 0.134383 0.007739
v 0.084734 0.135925 0.009520
v 0.084238 0.134383 0.009725
v 0.084734 0.134383 0.009520
v 0.084238 0.135925 0.009725
v 0.084734 0.134383 0.005958
v 0.085160 0.135925 0.009193
v 0.084238 0.135925 0.005753
v 0.083706 0.134383 0.009796
v 0.085160 0.134383 0.006285
v 0.084238 0.134383 0.005753
v 0.085160 0.134383 0.009193
v 0.084734 0.135925 0.005958
v 0.083706 0.135925 0.005683
v 0.083706 0.135925 0.009796
v 0.085486 0.134383 0.008767
v 0.085160 0.135925 0.006285
v 0.083174 0.134383 0.009725
v 0.083706 0.134383 0.005683
v 0.085486 0.134383 0.006711
v 0.085486 0.135925 0.008767
v 0.083174 0.135925 0.005753
v 0.083174 0.135925 0.009725
v 0.085486 0.135925 0.006711
v 0.085692 0.134383 0.008272
v 0.085692 0.134383 0.007207
v 0.082677 0.134383 0.009520
v 0.083174 0.134383 0.005753
v 0.085692 0.135925 0.007207
v 0.085692 0.135925 0.008272
v 0.082677 0.135925 0.005958
v 0.082677 0.135925 0.009520
v 0.085762 0.134383 0.007739
v 0.085762 0.135925 0.007739
v 0.082252 0.134383 0.009193
v 0.082677 0.134383 0.005958
v 0.082252 0.135925 0.006285
v 0.082252 0.135925 0.009193
v 0.081925 0.135925 0.008767
v 0.082252 0.134383 0.006285
v 0.081925 0.135925 0.006711
v 0.081925 0.134383 0.008767
v 0.081925 0.134383 0.006711
v 0.081719 0.135925 0.008272
v 0.081719 0.135925 0.007207
v 0.081719 0.134383 0.007207
v 0.081719 0.134383 0.008272
v 0.081649 0.135925 0.007739
v 0.081649 0.134383 0.007739
v 0.076508 0.135925 0.009520
v 0.076012 0.134383 0.009725
v 0.076508 0.134383 0.009520
v 0.076012 0.135925 0.009725
v 0.076508 0.134383 0.005958
v 0.076934 0.135925 0.009193
v 0.076012 0.135925 0.005753
v 0.075480 0.134383 0.009796
v 0.076934 0.134383 0.006285
v 0.076012 0.134383 0.005753
v 0.076934 0.134383 0.009193
v 0.076508 0.135925 0.005958
v 0.075480 0.135925 0.005683
v 0.075480 0.135925 0.009796
v 0.077261 0.134383 0.008767
v 0.076934 0.135925 0.006285
v 0.074948 0.134383 0.009725
v 0.075480 0.134383 0.005683
v 0.077261 0.134383 0.006711
v 0.077261 0.135925 0.008767
v 0.074948 0.135925 0.005753
v 0.074948 0.135925 0.009725
v 0.077261 0.135925 0.006711
v 0.077466 0.134383 0.008272
v 0.077466 0.134383 0.007207
v 0.074452 0.134383 0.009520
v 0.074948 0.134383 0.005753
v 0.077466 0.135925 0.007207
v 0.077466 0.135925 0.008272
v 0.074452 0.135925 0.005958
v 0.074452 0.135925 0.009520
v 0.077536 0.134383 0.007739
v 0.077536 0.135925 0.007739
v 0.074026 0.134383 0.009193
v 0.074452 0.134383 0.005958
v 0.074026 0.135925 0.006285
v 0.074026 0.135925 0.009193
v 0.073699 0.135925 0.008767
v 0.074026 0.134383 0.006285
v 0.073699 0.135925 0.006711
v 0.073699 0.134383 0.008767
v 0.073699 0.134383 0.006711
v 0.073493 0.135925 0.008272
v 0.073493 0.135925 0.007207
v 0.073493 0.134383 0.007207
v 0.073493 0.134383 0.008272
v 0.073424 0.135925 0.007739
v 0.073424 0.134383 0.007739
v 0.068283 0.135925 0.009520
v 0.067786 0.134383 0.009725
v 0.068283 0.134383 0.009520
v 0.067786 0.135925 0.009725
v 0.068283 0.134383 0.005958
v 0.068708 0.135925 0.009193
v 0.067786 0.135925 0.005753
v 0.067254 0.134383 0.009796
v 0.068708 0.134383 0.006285
v 0.067786 0.134383 0.005753
v 0.068708 0.134383 0.009193
v 0.068283 0.135925 0.005958
v 0.067254 0.135925 0.005683
v 0.067254 0.135925 0.009796
v 0.069035 0.134383 0.008767
v 0.068708 0.135925 0.006285
v 0.066722 0.134383 0.009725
v 0.067254 0.134383 0.005683
v 0.069035 0.134383 0.006711
v 0.069035 0.135925 0.008767
v 0.066722 0.135925 0.005753
v 0.066722 0.135925 0.009725
v 0.069035 0.135925 0.006711
v 0.069241 0.134383 0.008272
v 0.069241 0.134383 0.007207
v 0.066226 0.134383 0.009520
v 0.066722 0.134383 0.005753
v 0.069241 0.135925 0.007207
v 0.069241 0.135925 0.008272
v 0.066226 0.135925 0.005958
v 0.066226 0.135925 0.009520
v 0.069311 0.134383 0.007739
v 0.069311 0.135925 0.007739
v 0.065800 0.134383 0.009193
v 0.066226 0.134383 0.005958
v 0.065800 0.135925 0.006285
v 0.065800 0.135925 0.009193
v 0.065473 0.135925 0.008767
v 0.065800 0.134383 0.006285
v 0.065473 0.135925 0.006711
v 0.065473 0.134383 0.008767
v 0.065473 0.134383 0.006711
v 0.065268 0.135925 0.008272
v 0.065268 0.135925 0.007207
v 0.065268 0.134383 0.007207
v 0.065268 0.134383 0.008272
v 0.065198 0.135925 0.007739
v 0.065198 0.134383 0.007739
v 0.054916 0.135925 0.009520
v 0.054420 0.134383 0.009725
v 0.054916 0.134383 0.009520
v 0.054420 0.135925 0.009725
v 0.054916 0.134383 0.005958
v 0.055342 0.135925 0.009193
v 0.054420 0.135925 0.005753
v 0.053888 0.134383 0.009796
v 0.055342 0.134383 0.006285
v 0.054420 0.134383 0.005753
v 0.055342 0.134383 0.009193
v 0.054916 0.135925 0.005958
v 0.053888 0.135925 0.005683
v 0.053888 0.135925 0.009796
v 0.055668 0.134383 0.008767
v 0.055342 0.135925 0.006285
v 0.053356 0.134383 0.009725
v 0.053888 0.134383 0.005683
v 0.055668 0.134383 0.006711
v 0.055668 0.135925 0.008767
v 0.053356 0.135925 0.005753
v 0.053356 0.135925 0.009725
v 0.055668 0.135925 0.006711
v 0.055874 0.134383 0.008272
v 0.055874 0.134383 0.007207
v 0.052859 0.134383 0.009520
v 0.053356 0.134383 0.005753
v 0.055874 0.135925 0.007207
v 0.055874 0.135925 0.008272
v 0.052859 0.135925 0.005958
v 0.052859 0.135925 0.009520
v 0.055944 0.134383 0.007739
v 0.055944 0.135925 0.007739
v 0.052434 0.134383 0.009193
v 0.052859 0.134383 0.005958
v 0.052434 0.135925 0.006285
v 0.052434 0.135925 0.009193
v 0.052107 0.135925 0.008767
v 0.052434 0.134383 0.006285
v 0.052107 0.135925 0.006711
v 0.052107 0.134383 0.008767
v 0.052107 0.134383 0.006711
v 0.051901 0.135925 0.008272
v 0.051901 0.135925 0.007207
v 0.051901 0.134383 0.007207
v 0.051901 0.134383 0.008272
v 0.051831 0.135925 0.007739
v 0.051831 0.134383 0.007739
v 0.046690 0.135925 0.009520
v 0.046194 0.134383 0.009725
v 0.046690 0.134383 0.009520
v 0.046194 0.135925 0.009725
v 0.046690 0.134383 0.005958
v 0.047116 0.135925 0.009193
v 0.046194 0.135925 0.005753
v 0.045662 0.134383 0.009796
v 0.047116 0.134383 0.006285
v 0.046194 0.134383 0.005753
v 0.047116 0.134383 0.009193
v 0.046690 0.135925 0.005958
v 0.045662 0.135925 0.005683
v 0.045662 0.135925 0.009796
v 0.047443 0.134383 0.008767
v 0.047116 0.135925 0.006285
v 0.045130 0.134383 0.009725
v 0.045662 0.134383 0.005683
v 0.047443 0.134383 0.006711
v 0.047443 0.135925 0.008767
v 0.045130 0.135925 0.005753
v 0.045130 0.135925 0.009725
v 0.047443 0.135925 0.006711
v 0.047648 0.134383 0.008272
v 0.047648 0.134383 0.007207
v 0.044634 0.134383 0.009520
v 0.045130 0.134383 0.005753
v 0.047648 0.135925 0.007207
v 0.047648 0.135925 0.008272
v 0.044634 0.135925 0.005958
v 0.044634 0.135925 0.009520
v 0.047718 0.134383 0.007739
v 0.047718 0.135925 0.007739
v 0.044208 0.134383 0.009193
v 0.044634 0.134383 0.005958
v 0.044208 0.135925 0.006285
v 0.044208 0.135925 0.009193
v 0.043881 0.135925 0.008767
v 0.044208 0.134383 0.006285
v 0.043881 0.135925 0.006711
v 0.043881 0.134383 0.008767
v 0.043881 0.134383 0.006711
v 0.043675 0.135925 0.008272
v 0.043675 0.135925 0.007207
v 0.043675 0.134383 0.007207
v 0.043675 0.134383 0.008272
v 0.043606 0.135925 0.007739
v 0.043606 0.134383 0.007739
v 0.038465 0.135925 0.009520
v 0.037968 0.134383 0.009725
v 0.038465 0.134383 0.009520
v 0.037968 0.135925 0.009725
v 0.038465 0.134383 0.005958
v 0.038891 0.135925 0.009193
v 0.037968 0.135925 0.005753
v 0.037436 0.134383 0.009796
v 0.038891 0.134383 0.006285
v 0.037968 0.134383 0.005753
v 0.038891 0.134383 0.009193
v 0.038465 0.135925 0.005958
v 0.037436 0.135925 0.005683
v 0.037436 0.135925 0.009796
v 0.039217 0.134383 0.008767
v 0.038891 0.135925 0.006285
v 0.036904 0.134383 0.009725
v 0.037436 0.134383 0.005683
v 0.039217 0.134383 0.006711
v 0.039217 0.135925 0.008767
v 0.036904 0.135925 0.005753
v 0.036904 0.135925 0.009725
v 0.039217 0.135925 0.006711
v 0.039423 0.134383 0.008272
v 0.039423 0.134383 0.007207
v 0.036408 0.134383 0.009520
v 0.036904 0.134383 0.005753
v 0.039423 0.135925 0.007207
v 0.039423 0.135925 0.008272
v 0.036408 0.135925 0.005958
v 0.036408 0.135925 0.009520
v 0.039493 0.134383 0.007739
v 0.039493 0.135925 0.007739
v 0.035982 0.134383 0.009193
v 0.036408 0.134383 0.005958
v 0.035982 0.135925 0.006285
v 0.035982 0.135925 0.009193
v 0.035655 0.135925 0.008767
v 0.035982 0.134383 0.006285
v 0.035655 0.135925 0.006711
v 0.035655 0.134383 0.008767
v 0.035655 0.134383 0.006711
v 0.035450 0.135925 0.008272
v 0.035450 0.135925 0.007207
v 0.035450 0.134383 0.007207
v 0.035450 0.134383 0.008272
v 0.035380 0.135925 0.007739
v 0.035380 0.134383 0.007739
v 0.030239 0.135925 0.009520
v 0.029743 0.134383 0.009725
v 0.030239 0.134383 0.009520
v 0.029743 0.135925 0.009725
v 0.030239 0.134383 0.005958
v 0.030665 0.135925 0.009193
v 0.029743 0.135925 0.005753
v 0.029211 0.134383 0.009796
v 0.030665 0.134383 0.006285
v 0.029743 0.134383 0.005753
v 0.030665 0.134383 0.009193
v 0.030239 0.135925 0.005958
v 0.029211 0.135925 0.005683
v 0.029211 0.135925 0.009796
v 0.030992 0.134383 0.008767
v 0.030665 0.135925 0.006285
v 0.028679 0.134383 0.009725
v 0.029211 0.134383 0.005683
v 0.030992 0.134383 0.006711
v 0.030992 0.135925 0.008767
v 0.028679 0.135925 0.005753
v 0.028679 0.135925 0.009725
v 0.030992 0.135925 0.006711
v 0.031197 0.134383 0.008272
v 0.031197 0.134383 0.007207
v 0.028182 0.134383 0.009520
v 0.028679 0.134383 0.005753
v 0.031197 0.135925 0.007207
v 0.031197 0.135925 0.008272
v 0.028182 0.135925 0.005958
v 0.028182 0.135925 0.009520
v 0.031267 0.134383 0.007739
v 0.031267 0.135925 0.007739
v 0.027757 0.134383 0.009193
v 0.028182 0.134383 0.005958
v 0.027757 0.135925 0.006285
v 0.027757 0.135925 0.009193
v 0.027430 0.135925 0.008767
v 0.027757 0.134383 0.006285
v 0.027430 0.135925 0.006711
v 0.027430 0.134383 0.008767
v 0.027430 0.134383 0.006711
v 0.027224 0.135925 0.008272
v 0.027224 0.135925 0.007207
v 0.027224 0.134383 0.007207
v 0.027224 0.134383 0.008272
v 0.027154 0.135925 0.007739
v 0.027154 0.134383 0.007739
v 0.022013 0.135925 0.009520
v 0.021517 0.134383 0.009725
v 0.022013 0.134383 0.009520
v 0.021517 0.135925 0.009725
v 0.022013 0.134383 0.005958
v 0.022439 0.135925 0.009193
v 0.021517 0.135925 0.005753
v 0.020985 0.134383 0.009796
v 0.022439 0.134383 0.006285
v 0.021517 0.134383 0.005753
v 0.022439 0.134383 0.009193
v 0.022013 0.135925 0.005958
v 0.020985 0.135925 0.005683
v 0.020985 0.135925 0.009796
v 0.022766 0.134383 0.008767
v 0.022439 0.135925 0.006285
v 0.020453 0.134383 0.009725
v 0.020985 0.134383 0.005683
v 0.022766 0.134383 0.006711
v 0.022766 0.135925 0.008767
v 0.020453 0.135925 0.005753
v 0.020453 0.135925 0.009725
v 0.022766 0.135925 0.006711
v 0.022971 0.134383 0.008272
v 0.022971 0.134383 0.007207
v 0.019957 0.134383 0.009520
v 0.020453 0.134383 0.005753
v 0.022971 0.135925 0.007207
v 0.022971 0.135925 0.008272
v 0.019957 0.135925 0.005958
v 0.019957 0.135925 0.009520
v 0.023041 0.134383 0.007739
v 0.023041 0.135925 0.007739
v 0.019531 0.134383 0.009193
v 0.019957 0.134383 0.005958
v 0.019531 0.135925 0.006285
v 0.019531 0.135925 0.009193
v 0.019204 0.135925 0.008767
v 0.019531 0.134383 0.006285
v 0.019204 0.135925 0.006711
v 0.019204 0.134383 0.008767
v 0.019204 0.134383 0.006711
v 0.018998 0.135925 0.008272
v 0.018998 0.135925 0.007207
v 0.018998 0.134383 0.007207
v 0.018998 0.134383 0.008272
v 0.018929 0.135925 0.007739
v 0.018929 0.134383 0.007739
v 0.013788 0.135925 0.009520
v 0.013291 0.134383 0.009725
v 0.013788 0.134383 0.009520
v 0.013291 0.135925 0.009725
v 0.013788 0.134383 0.005958
v 0.014213 0.135925 0.009193
v 0.013291 0.135925 0.005753
v 0.012759 0.134383 0.009796
v 0.014213 0.134383 0.006285
v 0.013291 0.134383 0.005753
v 0.014213 0.134383 0.009193
v 0.013788 0.135925 0.005958
v 0.012759 0.135925 0.005683
v 0.012759 0.135925 0.009796
v 0.014540 0.134383 0.008767
v 0.014213 0.135925 0.006285
v 0.012227 0.134383 0.009725
v 0.012759 0.134383 0.005683
v 0.014540 0.134383 0.006711
v 0.014540 0.135925 0.008767
v 0.012227 0.135925 0.005753
v 0.012227 0.135925 0.009725
v 0.014540 0.135925 0.006711
v 0.014746 0.134383 0.008272
v 0.014746 0.134383 0.007207
v 0.011731 0.134383 0.009520
v 0.012227 0.134383 0.005753
v 0.014746 0.135925 0.007207
v 0.014746 0.135925 0.008272
v 0.011731 0.135925 0.005958
v 0.011731 0.135925 0.009520
v 0.014816 0.134383 0.007739
v 0.014816 0.135925 0.007739
v 0.011305 0.134383 0.009193
v 0.011731 0.134383 0.005958
v 0.011305 0.135925 0.006285
v 0.011305 0.135925 0.009193
v 0.010978 0.135925 0.008767
v 0.011305 0.134383 0.006285
v 0.010978 0.135925 0.006711
v 0.010978 0.134383 0.008767
v 0.010978 0.134383 0.006711
v 0.010773 0.135925 0.008272
v 0.010773 0.135925 0.007207
v 0.010773 0.134383 0.007207
v 0.010773 0.134383 0.008272
v 0.010703 0.135925 0.007739
v 0.010703 0.134383 0.007739
v -0.020657 0.135925 0.009520
v -0.021154 0.134383 0.009725
v -0.020657 0.134383 0.009520
v -0.021154 0.135925 0.009725
v -0.020657 0.134383 0.005958
v -0.020232 0.135925 0.009193
v -0.021154 0.135925 0.005753
v -0.021686 0.134383 0.009796
v -0.020232 0.134383 0.006285
v -0.021154 0.134383 0.005753
v -0.020232 0.134383 0.009193
v -0.020657 0.135925 0.005958
v -0.021686 0.135925 0.005683
v -0.021686 0.135925 0.009796
v -0.019905 0.134383 0.008767
v -0.020232 0.135925 0.006285
v -0.022218 0.134383 0.009725
v -0.021686 0.134383 0.005683
v -0.019905 0.134383 0.006711
v -0.019905 0.135925 0.008767
v -0.022218 0.135925 0.005753
v -0.022218 0.135925 0.009725
v -0.019905 0.135925 0.006711
v -0.019699 0.134383 0.008272
v -0.019699 0.134383 0.007207
v -0.022714 0.134383 0.009520
v -0.022218 0.134383 0.005753
v -0.019699 0.135925 0.007207
v -0.019699 0.135925 0.008272
v -0.022714 0.135925 0.005958
v -0.022714 0.135925 0.009520
v -0.019629 0.134383 0.007739
v -0.019629 0.135925 0.007739
v -0.023139 0.134383 0.009193
v -0.022714 0.134383 0.005958
v -0.023139 0.135925 0.006285
v -0.023139 0.135925 0.009193
v -0.023466 0.135925 0.008767
v -0.023139 0.134383 0.006285
v -0.023466 0.135925 0.006711
v -0.023466 0.134383 0.008767
v -0.023466 0.134383 0.006711
v -0.023672 0.135925 0.008272
v -0.023672 0.135925 0.007207
v -0.023672 0.134383 0.007207
v -0.023672 0.134383 0.008272
v -0.023742 0.135925 0.007739
v -0.023742 0.134383 0.007739
v -0.028883 0.135925 0.009520
v -0.029379 0.134383 0.009725
v -0.028883 0.134383 0.009520
v -0.029379 0.135925 0.009725
v -0.028883 0.134383 0.005958
v -0.028457 0.135925 0.009193
v -0.029379 0.135925 0.005753
v -0.029911 0.134383 0.009796
v -0.028457 0.134383 0.006285
v -0.029379 0.134383 0.005753
v -0.028457 0.134383 0.009193
v -0.028883 0.135925 0.005958
v -0.029911 0.135925 0.005683
v -0.029911 0.135925 0.009796
v -0.028130 0.134383 0.008767
v -0.028457 0.135925 0.006285
v -0.030443 0.134383 0.009725
v -0.029911 0.134383 0.005683
v -0.028130 0.134383 0.006711
v -0.028130 0.135925 0.008767
v -0.030443 0.135925 0.005753
v -0.030443 0.135925 0.009725
v -0.028130 0.135925 0.006711
v -0.027925 0.134383 0.008272
v -0.027925 0.134383 0.007207
v -0.030939 0.134383 0.009520
v -0.030443 0.134383 0.005753
v -0.027925 0.135925 0.007207
v -0.027925 0.135925 0.008272
v -0.030939 0.135925 0.005958
v -0.030939 0.135925 0.009520
v -0.027855 0.134383 0.007739
v -0.027855 0.135925 0.007739
v -0.031365 0.134383 0.009193
v -0.030939 0.134383 0.005958
v -0.031365 0.135925 0.006285
v -0.031365 0.135925 0.009193
v -0.031692 0.135925 0.008767
v -0.031365 0.134383 0.006285
v -0.031692 0.135925 0.006711
v -0.031692 0.134383 0.008767
v -0.031692 0.134383 0.006711
v -0.031898 0.135925 0.008272
v -0.031898 0.135925 0.007207
v -0.031898 0.134383 0.007207
v -0.031898 0.134383 0.008272
v -0.031968 0.135925 0.007739
v -0.031968 0.134383 0.007739
v -0.037109 0.135925 0.009520
v -0.037605 0.134383 0.009725
v -0.037109 0.134383 0.009520
v -0.037605 0.135925 0.009725
v -0.037109 0.134383 0.005958
v -0.036683 0.135925 0.009193
v -0.037605 0.135925 0.005753
v -0.038137 0.134383 0.009796
v -0.036683 0.134383 0.006285
v -0.037605 0.134383 0.005753
v -0.036683 0.134383 0.009193
v -0.037109 0.135925 0.005958
v -0.038137 0.135925 0.005683
v -0.038137 0.135925 0.009796
v -0.036356 0.134383 0.008767
v -0.036683 0.135925 0.006285
v -0.038669 0.134383 0.009725
v -0.038137 0.134383 0.005683
v -0.036356 0.134383 0.006711
v -0.036356 0.135925 0.008767
v -0.038669 0.135925 0.005753
v -0.038669 0.135925 0.009725
v -0.036356 0.135925 0.006711
v -0.036150 0.134383 0.008272
v -0.036150 0.134383 0.007207
v -0.039165 0.134383 0.009520
v -0.038669 0.134383 0.005753
v -0.036150 0.135925 0.007207
v -0.036150 0.135925 0.008272
v -0.039165 0.135925 0.005958
v -0.039165 0.135925 0.009520
v -0.036080 0.134383 0.007739
v -0.036080 0.135925 0.007739
v -0.039591 0.134383 0.009193
v -0.039165 0.134383 0.005958
v -0.039591 0.135925 0.006285
v -0.039591 0.135925 0.009193
v -0.039918 0.135925 0.008767
v -0.039591 0.134383 0.006285
v -0.039918 0.135925 0.006711
v -0.039918 0.134383 0.008767
v -0.039918 0.134383 0.006711
v -0.040123 0.135925 0.008272
v -0.040123 0.135925 0.007207
v -0.040123 0.134383 0.007207
v -0.040123 0.134383 0.008272
v -0.040193 0.135925 0.007739
v -0.040193 0.134383 0.007739
v -0.045334 0.135925 0.009520
v -0.045830 0.134383 0.009725
v -0.045334 0.134383 0.009520
v -0.045830 0.135925 0.009725
v -0.045334 0.134383 0.005958
v -0.044908 0.135925 0.009193
v -0.045830 0.135925 0.005753
v -0.046363 0.134383 0.009796
v -0.044908 0.134383 0.006285
v -0.045830 0.134383 0.005753
v -0.044908 0.134383 0.009193
v -0.045334 0.135925 0.005958
v -0.046363 0.135925 0.005683
v -0.046363 0.135925 0.009796
v -0.044582 0.134383 0.008767
v -0.044908 0.135925 0.006285
v -0.046895 0.134383 0.009725
v -0.046363 0.134383 0.005683
v -0.044582 0.134383 0.006711
v -0.044582 0.135925 0.008767
v -0.046895 0.135925 0.005753
v -0.046895 0.135925 0.009725
v -0.044582 0.135925 0.006711
v -0.044376 0.134383 0.008272
v -0.044376 0.134383 0.007207
v -0.047391 0.134383 0.009520
v -0.046895 0.134383 0.005753
v -0.044376 0.135925 0.007207
v -0.044376 0.135925 0.008272
v -0.047391 0.135925 0.005958
v -0.047391 0.135925 0.009520
v -0.044306 0.134383 0.007739
v -0.044306 0.135925 0.007739
v -0.047816 0.134383 0.009193
v -0.047391 0.134383 0.005958
v -0.047816 0.135925 0.006285
v -0.047816 0.135925 0.009193
v -0.048143 0.135925 0.008767
v -0.047816 0.134383 0.006285
v -0.048143 0.135925 0.006711
v -0.048143 0.134383 0.008767
v -0.048143 0.134383 0.006711
v -0.048349 0.135925 0.008272
v -0.048349 0.135925 0.007207
v -0.048349 0.134383 0.007207
v -0.048349 0.134383 0.008272
v -0.048419 0.135925 0.007739
v -0.048419 0.134383 0.007739
v -0.058701 0.135925 0.009520
v -0.059197 0.134383 0.009725
v -0.058701 0.134383 0.009520
v -0.059197 0.135925 0.009725
v -0.058701 0.134383 0.005958
v -0.058275 0.135925 0.009193
v -0.059197 0.135925 0.005753
v -0.059729 0.134383 0.009796
v -0.058275 0.134383 0.006285
v -0.059197 0.134383 0.005753
v -0.058275 0.134383 0.009193
v -0.058701 0.135925 0.005958
v -0.059729 0.135925 0.005683
v -0.059729 0.135925 0.009796
v -0.057948 0.134383 0.008767
v -0.058275 0.135925 0.006285
v -0.060261 0.134383 0.009725
v -0.059729 0.134383 0.005683
v -0.057948 0.134383 0.006711
v -0.057948 0.135925 0.008767
v -0.060261 0.135925 0.005753
v -0.060261 0.135925 0.009725
v -0.057948 0.135925 0.006711
v -0.057743 0.134383 0.008272
v -0.057743 0.134383 0.007207
v -0.060757 0.134383 0.009520
v -0.060261 0.134383 0.005753
v -0.057743 0.135925 0.007207
v -0.057743 0.135925 0.008272
v -0.060757 0.135925 0.005958
v -0.060757 0.135925 0.009520
v -0.057673 0.134383 0.007739
v -0.057673 0.135925 0.007739
v -0.061183 0.134383 0.009193
v -0.060757 0.134383 0.005958
v -0.061183 0.135925 0.006285
v -0.061183 0.135925 0.009193
v -0.061510 0.135925 0.008767
v -0.061183 0.134383 0.006285
v -0.061510 0.135925 0.006711
v -0.061510 0.134383 0.008767
v -0.061510 0.134383 0.006711
v -0.061716 0.135925 0.008272
v -0.061716 0.135925 0.007207
v -0.061716 0.134383 0.007207
v -0.061716 0.134383 0.008272
v -0.061786 0.135925 0.007739
v -0.061786 0.134383 0.007739
v -0.066927 0.135925 0.009520
v -0.067423 0.134383 0.009725
v -0.066927 0.134383 0.009520
v -0.067423 0.135925 0.009725
v -0.066927 0.134383 0.005958
v -0.066501 0.135925 0.009193
v -0.067423 0.135925 0.005753
v -0.067955 0.134383 0.009796
v -0.066501 0.134383 0.006285
v -0.067423 0.134383 0.005753
v -0.066501 0.134383 0.009193
v -0.066927 0.135925 0.005958
v -0.067955 0.135925 0.005683
v -0.067955 0.135925 0.009796
v -0.066174 0.134383 0.008767
v -0.066501 0.135925 0.006285
v -0.068487 0.134383 0.009725
v -0.067955 0.134383 0.005683
v -0.066174 0.134383 0.006711
v -0.066174 0.135925 0.008767
v -0.068487 0.135925 0.005753
v -0.068487 0.135925 0.009725
v -0.066174 0.135925 0.006711
v -0.065968 0.134383 0.008272
v -0.065968 0.134383 0.007207
v -0.068983 0.134383 0.009520
v -0.068487 0.134383 0.005753
v -0.065968 0.135925 0.007207
v -0.065968 0.135925 0.008272
v -0.068983 0.135925 0.005958
v -0.068983 0.135925 0.009520
v -0.065899 0.134383 0.007739
v -0.065899 0.135925 0.007739
v -0.069409 0.134383 0.009193
v -0.068983 0.134383 0.005958
v -0.069409 0.135925 0.006285
v -0.069409 0.135925 0.009193
v -0.069736 0.135925 0.008767
v -0.069409 0.134383 0.006285
v -0.069736 0.135925 0.006711
v -0.069736 0.134383 0.008767
v -0.069736 0.134383 0.006711
v -0.069941 0.135925 0.008272
v -0.069941 0.135925 0.007207
v -0.069941 0.134383 0.007207
v -0.069941 0.134383 0.008272
v -0.070011 0.135925 0.007739
v -0.070011 0.134383 0.007739
v -0.075152 0.135925 0.009520
v -0.075648 0.134383 0.009725
v -0.075152 0.134383 0.009520
v -0.075648 0.135925 0.009725
v -0.075152 0.134383 0.005958
v -0.074727 0.135925 0.009193
v -0.075648 0.135925 0.005753
v -0.076181 0.134383 0.009796
v -0.074727 0.134383 0.006285
v -0.075648 0.134383 0.005753
v -0.074727 0.134383 0.009193
v -0.075152 0.135925 0.005958
v -0.076181 0.135925 0.005683
v -0.076181 0.135925 0.009796
v -0.074400 0.134383 0.008767
v -0.074727 0.135925 0.006285
v -0.076713 0.134383 0.009725
v -0.076181 0.134383 0.005683
v -0.074400 0.134383 0.006711
v -0.074400 0.135925 0.008767
v -0.076713 0.135925 0.005753
v -0.076713 0.135925 0.009725
v -0.074400 0.135925 0.006711
v -0.074194 0.134383 0.008272
v -0.074194 0.134383 0.007207
v -0.077209 0.134383 0.009520
v -0.076713 0.134383 0.005753
v -0.074194 0.135925 0.007207
v -0.074194 0.135925 0.008272
v -0.077209 0.135925 0.005958
v -0.077209 0.135925 0.009520
v -0.074124 0.134383 0.007739
v -0.074124 0.135925 0.007739
v -0.077634 0.134383 0.009193
v -0.077209 0.134383 0.005958
v -0.077634 0.135925 0.006285
v -0.077634 0.135925 0.009193
v -0.077961 0.135925 0.008767
v -0.077634 0.134383 0.006285
v -0.077961 0.135925 0.006711
v -0.077961 0.134383 0.008767
v -0.077961 0.134383 0.006711
v -0.078167 0.135925 0.008272
v -0.078167 0.135925 0.007207
v -0.078167 0.134383 0.007207
v -0.078167 0.134383 0.008272
v -0.078237 0.135925 0.007739
v -0.078237 0.134383 0.007739
v -0.083378 0.135925 0.009520
v -0.083874 0.134383 0.009725
v -0.083378 0.134383 0.009520
v -0.083874 0.135925 0.009725
v -0.083378 0.134383 0.005958
v -0.082952 0.135925 0.009193
v -0.083874 0.135925 0.005753
v -0.084406 0.134383 0.009796
v -0.082952 0.134383 0.006285
v -0.083874 0.134383 0.005753
v -0.082952 0.134383 0.009193
v -0.083378 0.135925 0.005958
v -0.084406 0.135925 0.005683
v -0.084406 0.135925 0.009796
v -0.082625 0.134383 0.008767
v -0.082952 0.135925 0.006285
v -0.084938 0.134383 0.009725
v -0.084406 0.134383 0.005683
v -0.082625 0.134383 0.006711
v -0.082625 0.135925 0.008767
v -0.084938 0.135925 0.005753
v -0.084938 0.135925 0.009725
v -0.082625 0.135925 0.006711
v -0.082420 0.134383 0.008272
v -0.082420 0.134383 0.007207
v -0.085434 0.134383 0.009520
v -0.084938 0.134383 0.005753
v -0.082420 0.135925 0.007207
v -0.082420 0.135925 0.008272
v -0.085434 0.135925 0.005958
v -0.085434 0.135925 0.009520
v -0.082350 0.134383 0.007739
v -0.082350 0.135925 0.007739
v -0.085860 0.134383 0.009193
v -0.085434 0.134383 0.005958
v -0.085860 0.135925 0.006285
v -0.085860 0.135925 0.009193
v -0.086187 0.135925 0.008767
v -0.085860 0.134383 0.006285
v -0.086187 0.135925 0.006711
v -0.086187 0.134383 0.008767
v -0.086187 0.134383 0.006711
v -0.086393 0.135925 0.008272
v -0.086393 0.135925 0.007207
v -0.086393 0.134383 0.007207
v -0.086393 0.134383 0.008272
v -0.086463 0.135925 0.007739
v -0.086463 0.134383 0.007739
v -0.091604 0.135925 0.009520
v -0.092100 0.134383 0.009725
v -0.091604 0.134383 0.009520
v -0.092100 0.135925 0.009725
v -0.091604 0.134383 0.005958
v -0.091178 0.135925 0.009193
v -0.092100 0.135925 0.005753
v -0.092632 0.134383 0.009796
v -0.091178 0.134383 0.006285
v -0.092100 0.134383 0.005753
v -0.091178 0.134383 0.009193
v -0.091604 0.135925 0.005958
v -0.092632 0.135925 0.005683
v -0.092632 0.135925 0.009796
v -0.090851 0.134383 0.008767
v -0.091178 0.135925 0.006285
v -0.093164 0.134383 0.009725
v -0.092632 0.134383 0.005683
v -0.090851 0.134383 0.006711
v -0.090851 0.135925 0.008767
v -0.093164 0.135925 0.005753
v -0.093164 0.135925 0.009725
v -0.090851 0.135925 0.006711
v -0.090645 0.134383 0.008272
v -0.090645 0.134383 0.007207
v -0.093660 0.134383 0.009520
v -0.093164 0.134383 0.005753
v -0.090645 0.135925 0.007207
v -0.090645 0.135925 0.008272
v -0.093660 0.135925 0.005958
v -0.093660 0.135925 0.009520
v -0.090575 0.134383 0.007739
v -0.090575 0.135925 0.007739
v -0.094086 0.134383 0.009193
v -0.093660 0.134383 0.005958
v -0.094086 0.135925 0.006285
v -0.094086 0.135925 0.009193
v -0.094413 0.135925 0.008767
v -0.094086 0.134383 0.006285
v -0.094413 0.135925 0.006711
v -0.094413 0.134383 0.008767
v -0.094413 0.134383 0.006711
v -0.094618 0.135925 0.008272
v -0.094618 0.135925 0.007207
v -0.094618 0.134383 0.007207
v -0.094618 0.134383 0.008272
v -0.094688 0.135925 0.007739
v -0.094688 0.134383 0.007739
v -0.347652 0.164956 0.030516
v 0.330966 0.164956 0.030516
v 0.330966 0.145603 0.067867
v 0.330966 0.164956 0.019183
v 0.330966 0.145603 0.026225
v -0.347652 0.145603 0.067867
v -0.347652 0.164956 0.019183
v 0.330966 0.144683 0.019237
v 0.330966 0.143826 0.025748
v -0.347652 0.145603 0.026225
v -0.347652 0.164724 0.018751
v -0.347652 0.144683 0.019237
v 0.330966 0.160329 0.019183
v 0.330966 0.143826 0.019593
v 0.330966 0.143090 0.025184
v 0.330966 0.144683 0.026104
v -0.347652 0.143826 0.025748
v 0.330966 0.164724 0.018751
v -0.347652 0.160329 0.019183
v -0.347652 0.143826 0.019593
v 0.330966 0.145603 0.019116
v 0.330966 0.143090 0.020157
v 0.330966 0.142525 0.024448
v -0.347652 0.144683 0.026104
v -0.347652 0.143090 0.025184
v -0.347652 0.164412 0.018372
v -0.347652 0.160561 0.018751
v -0.347652 0.145603 0.019116
v -0.347652 0.143090 0.020157
v 0.330966 0.160561 0.018751
v 0.330966 0.142525 0.020893
v 0.330966 0.142170 0.023590
v -0.347652 0.142525 0.024448
v 0.330966 0.164412 0.018372
v -0.347652 0.142525 0.020893
v 0.330966 0.142170 0.021751
v 0.330966 0.142049 0.022671
v -0.347652 0.142170 0.023590
v 0.330966 0.164033 0.018062
v -0.347652 0.160873 0.018372
v -0.347652 0.142170 0.021751
v 0.330966 0.160873 0.018372
v -0.347652 0.142049 0.022671
v -0.347652 0.164033 0.018062
v 0.330966 0.163600 0.017831
v 0.330966 0.161252 0.018062
v -0.347652 0.161252 0.018062
v -0.347652 0.163600 0.017831
v 0.330966 0.163130 0.017688
v 0.330966 0.161685 0.017831
v -0.347652 0.161685 0.017831
v -0.347652 0.163130 0.017688
v 0.330966 0.162642 0.017641
v 0.330966 0.162155 0.017688
v -0.347652 0.162155 0.017688
v -0.347652 0.162642 0.017641
v -0.347652 0.078866 0.168813
v 0.330966 0.078866 0.167271
v 0.330966 0.078866 0.168813
v -0.347652 0.078866 0.167271
v -0.347652 0.186827 0.168813
v -0.347652 0.186827 0.167271
v -0.326266 0.121536 -0.014783
v -0.326266 0.122766 -0.014772
v -0.326266 0.109712 -0.014886
v -0.326266 0.122787 -0.017050
v -0.326266 0.109712 -0.014722
v -0.326266 0.121022 -0.091837
v -0.347652 0.144392 0.026317
v -0.347652 0.144392 0.026291
v -0.347652 0.142100 0.026317
v -0.347652 0.144392 0.031548
v -0.347652 0.141996 0.023183
v -0.347652 0.109712 0.031548
v -0.347652 0.141832 0.020051
v -0.347652 0.141608 0.016923
v -0.347652 0.121536 -0.091837
v -0.347652 0.141326 0.013800
v -0.347652 0.133535 -0.053574
v -0.347652 0.121536 -0.017050
v -0.347652 0.140985 0.010683
v -0.347652 0.134548 -0.050121
v -0.347652 0.136959 -0.010881
v -0.347652 0.140585 0.007572
v -0.347652 0.135431 -0.046632
v -0.347652 0.137409 -0.014452
v -0.347652 0.137708 -0.007836
v -0.347652 0.140126 0.004470
v -0.347652 0.136183 -0.043112
v -0.347652 0.137724 -0.018037
v -0.347652 0.138400 -0.004777
v -0.347652 0.139609 0.001377
v -0.347652 0.136804 -0.039567
v -0.347652 0.137906 -0.021631
v -0.347652 0.139034 -0.001706
v -0.347652 0.137291 -0.036001
v -0.347652 0.137954 -0.025230
v -0.347652 0.137646 -0.032420
v -0.347652 0.137867 -0.028828
v -0.347652 -0.239879 0.128199
v -0.347652 -0.209032 0.128199
v -0.349709 -0.209032 0.128199
v -0.349709 -0.209032 0.040801
v -0.347652 -0.239879 0.040801
v -0.347652 -0.209032 0.040801
v 0.330966 -0.239879 0.128199
v 0.330966 -0.209032 0.128199
v 0.333022 -0.209032 0.128199
v 0.330966 -0.239879 0.040801
v 0.333022 -0.209032 0.040801
v 0.330966 -0.209032 0.040801
v 0.027138 -0.247538 -0.247144
v 0.027133 -0.247538 -0.247296
v 0.039209 -0.247538 -0.247296
v 0.039204 -0.247538 -0.247144
v -0.347652 0.160329 0.019116

# 1468 UV coordinates
vt 0 0 0
vt 0 0.153635 0
vt 0.000813 0.147638 0
vt 0.772656 0.153635 0
vt 0.000813 0.005468 0
vt 0.022685 0.147638 0
vt 0.000813 0.144357 0
vt 0.022685 0.145997 0
vt 0.772656 0 0
vt 0.000813 0.145997 0
vt 0.74447 0.031941 0
vt 0.022685 0.005468 0
vt 0.022685 0.144357 0
vt 0.74447 0.008348 0
vt 0.022685 0.008348 0
vt 0.022685 0.031941 0
vt 0.032742 -0.038726 0
vt 0.03821 -0.044547 0
vt 0.038178 -0.038726 0
vt 0.03271 -0.044547 0
vt 0.042537 -0.044963 0
vt 0.037069 -0.039142 0
vt 0.037037 -0.044963 0
vt 0.069306 0.040907 0
vt 0.069503 0.021935 0
vt 0.069518 0.035476 0
vt -0.038178 0.012303 0
vt -0.032742 0.016404 0
vt -0.038178 0.016404 0
vt 0.028406 -0.038358 0
vt 0.033874 -0.044179 0
vt 0.033842 -0.038358 0
vt -0.073608 0.021395 0
vt -0.073433 0.0411 0
vt -0.073648 0.035605 0
vt 0.03271 0.012303 0
vt 0.03821 0 0
vt 0.03821 0.012303 0
vt 0.042505 -0.039142 0
vt -0.073134 0.046592 0
vt 0.037037 0.012303 0
vt 0.042537 0 0
vt 0.042537 0.012303 0
vt 0.06901 0.046335 0
vt 0.069686 0.024725 0
vt -0.032742 0.012303 0
vt -0.042505 0.016404 0
vt -0.037069 0.012303 0
vt -0.037069 0.016404 0
vt 0.028374 -0.044179 0
vt 0.069645 0.030042 0
vt -0.033842 0.016404 0
vt -0.028406 0.012303 0
vt -0.028406 0.016404 0
vt -0.073819 0.024606 0
vt 0.03271 0 0
vt 0.037037 0 0
vt 0.046855 -0.045427 0
vt 0.041387 -0.039605 0
vt 0.041355 -0.045427 0
vt -0.07298 0.018238 0
vt 0.046855 0 0
vt 0.041355 0.012303 0
vt 0.041355 0 0
vt 0.068981 0.019309 0
vt -0.02923 0.016404 0
vt -0.026434 0.012303 0
vt -0.026434 0.016404 0
vt 0.026163 -0.04247 0
vt 0.02923 -0.036649 0
vt 0.026434 -0.036649 0
vt -0.069306 0.040907 0
vt -0.069543 0.079385 0
vt -0.069518 0.035476 0
vt -0.033842 0.012303 0
vt -0.042505 0.012303 0
vt 0.024182 -0.038037 0
vt 0.029531 -0.043859 0
vt 0.029498 -0.038037 0
vt -0.073776 0.030106 0
vt 0.028374 0.012303 0
vt 0.033874 0 0
vt 0.033874 0.012303 0
vt -0.029498 0.016404 0
vt -0.024182 0.012303 0
vt -0.024182 0.016404 0
vt -0.029498 0.012303 0
vt 0.029382 -0.04247 0
vt 0.026163 0.012303 0
vt 0.029382 0 0
vt 0.029382 0.012303 0
vt 0.046823 -0.039605 0
vt -0.072748 0.052079 0
vt 0.046855 0.012303 0
vt 0.035073 -0.033787 0
vt 0.032125 -0.039609 0
vt 0.035344 -0.039609 0
vt 0.032125 0.012303 0
vt 0.035344 0 0
vt 0.035344 0.012303 0
vt 0.068629 0.051757 0
vt -0.035073 0.012303 0
vt -0.032396 0.016404 0
vt -0.035073 0.016404 0
vt 0.032396 -0.033787 0
vt -0.02923 0.012303 0
vt -0.06901 0.046335 0
vt -0.069645 0.030042 0
vt -0.041387 0.016404 0
vt -0.046823 0.012303 0
vt -0.041387 0.012303 0
vt 0.024031 -0.043859 0
vt 0.024031 0.012303 0
vt 0.029531 0 0
vt 0.029531 0.012303 0
vt 0.028374 0 0
vt -0.070354 0.073945 0
vt -0.069686 0.024725 0
vt 0.026163 0 0
vt 0.024031 0 0
vt 0.051162 -0.045938 0
vt 0.045694 -0.040117 0
vt 0.045662 -0.045938 0
vt -0.046823 0.016404 0
vt -0.072278 0.057559 0
vt 0.051162 0 0
vt 0.045662 0.012303 0
vt 0.045662 0 0
vt 0.032125 0 0
vt 0.068164 0.057173 0
vt -0.032396 0.012303 0
vt 0.040458 -0.030398 0
vt 0.03751 -0.03622 0
vt 0.040729 -0.03622 0
vt -0.070522 0.012303 0
vt -0.069503 0.021935 0
vt -0.068647 0.084811 0
vt -0.068629 0.051757 0
vt 0.05113 -0.040117 0
vt 0.051162 0.012303 0
vt -0.05113 0.016404 0
vt -0.045694 0.012303 0
vt -0.045694 0.016404 0
vt -0.071946 0.01519 0
vt 0.03751 0.012303 0
vt 0.040729 0 0
vt 0.040729 0.012303 0
vt 0.068121 0.016774 0
vt -0.068981 0.019309 0
vt -0.037781 0.012303 0
vt -0.040458 0.016404 0
vt -0.040458 0.012303 0
vt 0.037781 -0.030398 0
vt 0.072499 -0.049206 0
vt 0.067031 -0.043385 0
vt 0.066999 -0.049206 0
vt 0.066999 0.012303 0
vt 0.072499 0 0
vt 0.072499 0.012303 0
vt 0.068261 -0.048459 0
vt 0.062794 -0.042637 0
vt 0.062761 -0.048459 0
vt 0.062761 0.012303 0
vt 0.068261 0 0
vt 0.068261 0.012303 0
vt -0.068164 0.057173 0
vt -0.07108 0.068493 0
vt 0.055457 -0.046497 0
vt 0.049989 -0.040676 0
vt 0.049957 -0.046497 0
vt 0.055457 0 0
vt 0.049957 0.012303 0
vt 0.049957 0 0
vt -0.05113 0.012303 0
vt -0.071722 0.06303 0
vt 0.03751 0 0
vt 0.067614 0.062581 0
vt -0.037781 0.016404 0
vt -0.068734 0.009627 0
vt -0.068121 0.016774 0
vt 0.045173 -0.026539 0
vt 0.042226 -0.032361 0
vt 0.045444 -0.032361 0
vt 0.072467 -0.043385 0
vt 0.068229 -0.042637 0
vt 0.066999 0 0
vt 0.07672 0 0
vt 0.07122 0.012303 0
vt 0.07122 0 0
vt 0.05854 -0.041936 0
vt 0.064008 -0.047758 0
vt 0.063976 -0.041936 0
vt 0.062761 0 0
vt -0.067667 0.090223 0
vt 0.058508 -0.047758 0
vt 0.058508 0.012303 0
vt 0.064008 0 0
vt 0.064008 0.012303 0
vt 0.055425 -0.040676 0
vt 0.055457 0.012303 0
vt -0.055425 0.016404 0
vt -0.049989 0.012303 0
vt -0.049989 0.016404 0
vt 0.042226 0.012303 0
vt 0.045444 0 0
vt 0.045444 0.012303 0
vt 0.066981 0.067979 0
vt -0.045173 0.012303 0
vt -0.042496 0.016404 0
vt -0.045173 0.016404 0
vt 0.049139 -0.022277 0
vt 0.046191 -0.028098 0
vt 0.04941 -0.028098 0
vt 0.046191 0.012303 0
vt 0.04941 0 0
vt 0.04941 0.012303 0
vt -0.066936 0.014373 0
vt 0.042496 -0.026539 0
vt 0.07672 -0.050001 0
vt 0.071252 -0.04418 0
vt 0.07122 -0.050001 0
vt -0.072467 0.016404 0
vt -0.067031 0.012303 0
vt -0.067031 0.016404 0
vt 0.064576 0.084107 0
vt 0.065449 0.012148 0
vt 0.065461 0.078743 0
vt -0.068229 0.016404 0
vt -0.062794 0.012303 0
vt -0.062794 0.016404 0
vt 0.066936 0.014373 0
vt 0.066263 0.073367 0
vt 0.07672 0.012303 0
vt -0.06792 0.040843 0
vt -0.063976 0.012303 0
vt -0.05854 0.016404 0
vt -0.063976 0.016404 0
vt -0.067614 0.062581 0
vt 0.054271 -0.041283 0
vt 0.059739 -0.047104 0
vt 0.059707 -0.041283 0
vt 0.058508 0 0
vt 0.054239 -0.047104 0
vt 0.059739 0 0
vt 0.054239 0.012303 0
vt 0.054239 0 0
vt -0.055425 0.012303 0
vt 0.059739 0.012303 0
vt 0.042226 0 0
vt -0.059707 0.012303 0
vt -0.054271 0.016404 0
vt -0.059707 0.016404 0
vt -0.042496 0.012303 0
vt 0.046462 -0.022277 0
vt 0.046191 0 0
vt -0.066612 0.007207 0
vt 0.076718 -0.04418 0
vt -0.072467 0.012303 0
vt -0.068229 0.012303 0
vt 0.063684 0.010135 0
vt -0.068298 0.024766 0
vt 0.081446 0 0
vt 0.076629 0.012303 0
vt 0.076629 0 0
vt -0.067625 0.046249 0
vt -0.068131 0.035433 0
vt -0.05854 0.012303 0
vt -0.066981 0.067979 0
vt -0.054271 0.012303 0
vt -0.046462 0.012303 0
vt -0.049139 0.016404 0
vt -0.049139 0.012303 0
vt -0.046462 0.016404 0
vt 0.052287 -0.017683 0
vt 0.049339 -0.023505 0
vt 0.052557 -0.023505 0
vt 0.049339 0.012303 0
vt 0.052557 0 0
vt 0.052557 0.012303 0
vt -0.065449 0.012148 0
vt 0.081446 -0.050061 0
vt 0.076631 -0.04424 0
vt 0.076629 -0.050061 0
vt 0.063602 0.089485 0
vt -0.076718 0.016404 0
vt -0.071252 0.012303 0
vt -0.071252 0.016404 0
vt -0.064576 0.084107 0
vt -0.064594 0.109242 0
vt -0.065461 0.078743 0
vt -0.066003 0.099712 0
vt -0.066263 0.073367 0
vt -0.052287 0.012303 0
vt -0.04961 0.016404 0
vt -0.052287 0.016404 0
vt 0.04961 -0.017683 0
vt -0.068125 0.022116 0
vt -0.068257 0.03002 0
vt 0.081446 0.012303 0
vt -0.067246 0.051649 0
vt -0.066804 0.094962 0
vt -0.03708 0 0
vt -0.042494 0.008202 0
vt -0.042494 0 0
vt -0.032753 0 0
vt -0.038167 0.008202 0
vt -0.038167 0 0
vt 0.049339 0 0
vt -0.064192 0.005085 0
vt 0.081473 -0.04424 0
vt 0.062734 0.094248 0
vt -0.076718 0.012303 0
vt -0.063985 0.114021 0
vt -0.065267 0.104473 0
vt -0.04961 0.012303 0
vt 0.054563 -0.012837 0
vt 0.051615 -0.018659 0
vt 0.054833 -0.018659 0
vt -0.067638 0.019669 0
vt -0.026525 0 0
vt -0.029179 0.008202 0
vt -0.029179 0 0
vt -0.024233 0 0
vt -0.029488 0.008202 0
vt -0.029488 0 0
vt 0.087362 0 0
vt 0.082545 0.012303 0
vt 0.082545 0 0
vt -0.066782 0.057043 0
vt -0.041398 0 0
vt -0.046812 0.008202 0
vt -0.046812 0 0
vt -0.03708 0.008202 0
vt -0.041398 0.008202 0
vt -0.028417 0 0
vt -0.033831 0.008202 0
vt -0.033831 0 0
vt -0.032753 0.008202 0
vt 0.054833 0.012303 0
vt 0.051615 0 0
vt 0.054833 0 0
vt -0.066836 0.017306 0
vt -0.063684 0.010135 0
vt 0.051615 0.012303 0
vt 0.087362 -0.049283 0
vt 0.082517 -0.043462 0
vt 0.082545 -0.049283 0
vt -0.081473 0.016404 0
vt -0.076631 0.012303 0
vt -0.076631 0.016404 0
vt 0.061925 0.099053 0
vt -0.063602 0.089485 0
vt 0.105015 -0.046613 0
vt 0.10017 -0.040792 0
vt 0.100198 -0.046613 0
vt 0.100198 0.012303 0
vt 0.105015 0 0
vt 0.105015 0.012303 0
vt 0.099147 -0.047559 0
vt 0.094303 -0.041737 0
vt 0.09433 -0.047559 0
vt 0.09433 0.012303 0
vt 0.099147 0 0
vt 0.099147 0.012303 0
vt 0.093263 -0.048449 0
vt 0.088418 -0.042628 0
vt 0.088446 -0.048449 0
vt 0.088446 0.012303 0
vt 0.093263 0 0
vt 0.093263 0.012303 0
vt 0.087362 0.012303 0
vt -0.054563 0.012303 0
vt -0.051886 0.016404 0
vt -0.054563 0.016404 0
vt 0.051886 -0.012837 0
vt -0.032487 0 0
vt -0.034982 0.008202 0
vt -0.034982 0 0
vt -0.026525 0.008202 0
vt -0.024233 0.008202 0
vt -0.028417 0.008202 0
vt -0.066235 0.06243 0
vt -0.045705 0 0
vt -0.051119 0.008202 0
vt -0.051119 0 0
vt -0.045705 0.008202 0
vt -0.064346 0.012994 0
vt -0.065732 0.015069 0
vt -0.061671 0.00837 0
vt 0.056199 0.012303 0
vt 0.05298 0 0
vt 0.056199 0 0
vt 0.087389 -0.043462 0
vt -0.081473 0.012303 0
vt 0.061671 0.00837 0
vt -0.087389 0.012303 0
vt -0.082517 0.016404 0
vt -0.087389 0.016404 0
vt -0.063439 0.118807 0
vt 0.105042 -0.040792 0
vt 0.099175 -0.041737 0
vt 0.100198 0 0
vt 0.110864 0 0
vt 0.106047 0.012303 0
vt 0.106047 0 0
vt 0.09329 -0.042628 0
vt 0.09433 0 0
vt 0.088446 0 0
vt -0.051886 0.012303 0
vt 0.055928 -0.007822 0
vt 0.05298 -0.013643 0
vt 0.056199 -0.013643 0
vt -0.037872 0 0
vt -0.040367 0.008202 0
vt -0.040367 0 0
vt -0.032487 0.008202 0
vt -0.065604 0.067807 0
vt -0.05 0 0
vt -0.055414 0.008202 0
vt -0.055414 0 0
vt -0.05 0.008202 0
vt -0.062701 0.011118 0
vt -0.042587 0 0
vt -0.045082 0.008202 0
vt -0.045082 0 0
vt -0.061516 0.003297 0
vt 0.05298 0.012303 0
vt -0.082517 0.012303 0
vt -0.062734 0.094248 0
vt -0.062958 0.1236 0
vt 0.061179 0.103868 0
vt -0.088418 0.016404 0
vt -0.09329 0.012303 0
vt -0.088418 0.012303 0
vt 0.110864 -0.045612 0
vt 0.106019 -0.03979 0
vt 0.106047 -0.045612 0
vt 0.110864 0.012303 0
vt -0.105042 0.012303 0
vt -0.10017 0.016404 0
vt -0.105042 0.016404 0
vt 0.059883 0.113526 0
vt 0.060499 0.108693 0
vt -0.099175 0.016404 0
vt -0.094303 0.012303 0
vt -0.094303 0.016404 0
vt -0.064091 0.078528 0
vt -0.09329 0.016404 0
vt -0.064889 0.073173 0
vt -0.055928 0.012303 0
vt -0.053251 0.016404 0
vt -0.055928 0.016404 0
vt 0.053251 -0.007822 0
vt -0.037872 0.008202 0
vt -0.054282 0 0
vt -0.059696 0.008202 0
vt -0.059696 0 0
vt -0.054282 0.008202 0
vt -0.049701 0 0
vt -0.052196 0.008202 0
vt -0.052196 0 0
vt -0.046553 0 0
vt -0.049048 0.008202 0
vt -0.049048 0 0
vt -0.042587 0.008202 0
vt -0.059445 0.006882 0
vt 0.05663 0.012303 0
vt 0.053411 0 0
vt 0.05663 0 0
vt -0.060825 0.009473 0
vt -0.061925 0.099053 0
vt -0.062188 0.133203 0
vt -0.062541 0.128399 0
vt -0.061179 0.103868 0
vt -0.061516 0.147638 0
vt 0.116693 -0.044555 0
vt 0.111849 -0.038734 0
vt 0.111876 -0.044555 0
vt 0.111876 0.012303 0
vt 0.116693 0 0
vt 0.116693 0.012303 0
vt 0.110891 -0.03979 0
vt 0.111876 0 0
vt -0.10017 0.012303 0
vt -0.110891 0.016404 0
vt -0.106019 0.012303 0
vt -0.106019 0.016404 0
vt 0.059445 0.006882 0
vt -0.099175 0.012303 0
vt -0.063209 0.08387 0
vt -0.053251 0.012303 0
vt 0.056359 -0.002723 0
vt 0.053411 -0.008545 0
vt 0.05663 -0.008545 0
vt -0.063965 0.008202 0
vt -0.058551 0 0
vt -0.058551 0.008202 0
vt -0.049701 0.008202 0
vt -0.046553 0.008202 0
vt -0.058629 0.001873 0
vt 0.053411 0.012303 0
vt -0.05875 0.008087 0
vt -0.051976 0.008202 0
vt -0.054472 0 0
vt -0.051976 0 0
vt -0.0619 0.138012 0
vt 0.122503 -0.043443 0
vt 0.117658 -0.037621 0
vt 0.117685 -0.043443 0
vt 0.117685 0.012303 0
vt 0.122503 0 0
vt 0.122503 0.012303 0
vt -0.060499 0.108693 0
vt -0.061676 0.142823 0
vt 0.116721 -0.038734 0
vt 0.117685 0 0
vt 0.059331 0.118367 0
vt -0.059883 0.113526 0
vt -0.110891 0.012303 0
vt -0.062804 0 0
vt -0.068218 0.008202 0
vt -0.068218 0 0
vt -0.067042 0 0
vt -0.072456 0.008202 0
vt -0.072456 0 0
vt -0.063965 0 0
vt -0.056359 0.012303 0
vt -0.053682 0.016404 0
vt -0.056359 0.016404 0
vt 0.053682 -0.002723 0
vt -0.054472 0.008202 0
vt -0.057045 0.005698 0
vt 0.05612 0.012303 0
vt 0.052901 0 0
vt 0.05612 0 0
vt -0.056512 0.006983 0
vt -0.053342 0.008202 0
vt -0.055837 0 0
vt -0.053342 0 0
vt -0.055837 0.008202 0
vt 0.129238 0.012303 0
vt 0.134055 0 0
vt 0.134055 0.012303 0
vt 0.134055 -0.041054 0
vt 0.129211 -0.035233 0
vt 0.129238 -0.041054 0
vt 0.12829 -0.042276 0
vt 0.123446 -0.036454 0
vt 0.123473 -0.042276 0
vt 0.123473 0.012303 0
vt 0.12829 0 0
vt 0.12829 0.012303 0
vt 0.12253 -0.037621 0
vt 0.123473 0 0
vt 0.140697 0.012303 0
vt 0.145514 0 0
vt 0.145514 0.012303 0
vt 0.145514 -0.038447 0
vt 0.14067 -0.032625 0
vt 0.140697 -0.038447 0
vt -0.116721 0.012303 0
vt -0.111849 0.016404 0
vt -0.116721 0.016404 0
vt 0.058845 0.123215 0
vt -0.059331 0.118367 0
vt -0.111849 0.012303 0
vt -0.062804 0.008202 0
vt -0.067042 0.008202 0
vt -0.076717 0.008202 0
vt -0.071263 0 0
vt -0.071263 0.008202 0
vt -0.053682 0.012303 0
vt 0.057386 0.147501 0
vt 0.057045 0.005698 0
vt 0.055849 0.002372 0
vt 0.052901 -0.003449 0
vt 0.05612 -0.003449 0
vt -0.061367 0.094009 0
vt -0.062237 0.089237 0
vt -0.055581 0.000838 0
vt 0.052901 0.012303 0
vt -0.053773 0.008202 0
vt -0.056268 0 0
vt -0.053773 0 0
vt -0.056268 0.008202 0
vt -0.059124 0.108508 0
vt 0.139797 -0.039778 0
vt 0.134952 -0.033956 0
vt 0.13498 -0.039778 0
vt 0.13498 0.012303 0
vt 0.139797 0 0
vt 0.139797 0.012303 0
vt 0.129238 0 0
vt 0.13498 0 0
vt 0.134083 -0.035233 0
vt 0.128318 -0.036454 0
vt -0.12253 0.012303 0
vt -0.117658 0.016404 0
vt -0.12253 0.016404 0
vt 0.058423 0.128069 0
vt 0.140697 0 0
vt 0.145514 -0.032625 0
vt 0.139825 -0.033956 0
vt -0.117658 0.012303 0
vt -0.058845 0.123215 0
vt -0.076717 0 0
vt -0.055849 0.012303 0
vt -0.053172 0.016404 0
vt -0.055849 0.016404 0
vt 0.05451 0.004838 0
vt 0.057547 0.142659 0
vt 0.053172 0.002372 0
vt -0.060555 0.098832 0
vt -0.05451 0.004838 0
vt 0.054677 0.012303 0
vt 0.051458 0 0
vt 0.054677 0 0
vt -0.05415 0.006181 0
vt -0.055758 0 0
vt -0.053263 0.008202 0
vt -0.055758 0.008202 0
vt -0.056681 0.132836 0
vt -0.058505 0.11336 0
vt -0.059807 0.103665 0
vt -0.134083 0.016404 0
vt -0.129211 0.012303 0
vt -0.129211 0.016404 0
vt 0.057774 0.137792 0
vt 0.058066 0.132928 0
vt -0.128318 0.012303 0
vt -0.123446 0.016404 0
vt -0.128318 0.016404 0
vt -0.123446 0.012303 0
vt -0.062251 0.016404 0
vt -0.066383 0.012303 0
vt -0.062251 0.012303 0
vt -0.145514 0.012303 0
vt -0.14067 0.016404 0
vt -0.145514 0.016404 0
vt -0.139825 0.012303 0
vt -0.134952 0.016404 0
vt -0.139825 0.016404 0
vt -0.058423 0.128069 0
vt -0.081483 0.008202 0
vt -0.076632 0 0
vt -0.076632 0.008202 0
vt -0.053172 0.012303 0
vt 0.051884 0.004316 0
vt 0.054406 0.007376 0
vt 0.051458 0.001555 0
vt 0.054677 0.001555 0
vt -0.087399 0.008202 0
vt -0.082508 0 0
vt -0.082508 0.008202 0
vt -0.052424 0.000211 0
vt 0.051458 0.012303 0
vt -0.053263 0 0
vt -0.056177 0.142119 0
vt -0.056388 0.137718 0
vt -0.05704 0.127958 0
vt -0.057952 0.118219 0
vt -0.105052 0.008202 0
vt -0.100161 0 0
vt -0.100161 0.008202 0
vt -0.099184 0.008202 0
vt -0.094293 0 0
vt -0.094293 0.008202 0
vt -0.134083 0.012303 0
vt -0.058066 0.132928 0
vt -0.057547 0.142659 0
vt -0.057386 0.147501 0
vt -0.14067 0.012303 0
vt -0.134952 0.012303 0
vt -0.081483 0 0
vt -0.054406 0.012303 0
vt -0.051729 0.016404 0
vt -0.054406 0.016404 0
vt 0.049213 0.004123 0
vt 0.051729 0.007376 0
vt -0.0933 0.008202 0
vt -0.088409 0 0
vt -0.088409 0.008202 0
vt -0.087399 0 0
vt -0.051884 0.004316 0
vt 0.052326 0.012303 0
vt 0.049107 0 0
vt 0.052326 0 0
vt -0.051702 0.005694 0
vt -0.054315 0 0
vt -0.05182 0.008202 0
vt -0.054315 0.008202 0
vt -0.134092 0.008202 0
vt -0.129202 0 0
vt -0.129202 0.008202 0
vt -0.128327 0.008202 0
vt -0.123436 0 0
vt -0.123436 0.008202 0
vt -0.057463 0.123085 0
vt -0.110901 0.008202 0
vt -0.10601 0 0
vt -0.10601 0.008202 0
vt -0.105052 0 0
vt -0.099184 0 0
vt -0.0933 0 0
vt -0.057774 0.137792 0
vt -0.051729 0.012303 0
vt 0.049077 0.004132 0
vt 0.049378 0.012165 0
vt 0.052323 0.006354 0
vt 0.052056 0.012176 0
vt -0.052057 0.012304 0
vt -0.049379 0.016405 0
vt -0.052057 0.016405 0
vt -0.049213 0 0
vt 0.049107 0.012303 0
vt -0.05182 0 0
vt -0.049032 0.005519 0
vt -0.139257 0.008202 0
vt -0.134851 0 0
vt -0.134851 0.008202 0
vt -0.134092 0 0
vt -0.128327 0 0
vt -0.117649 0 0
vt -0.122539 0.008202 0
vt -0.122539 0 0
vt -0.117649 0.008202 0
vt -0.11673 0.008202 0
vt -0.111839 0 0
vt -0.111839 0.008202 0
vt -0.110901 0 0
vt 0.048942 0.004123 0
vt 0.024741 0.01641 0
vt 0.049212 0.01641 0
vt 0.049077 0.01641 0
vt 0.049077 0.014497 0
vt 0.049213 0.008676 0
vt 0.049212 0.014491 0
vt 0.049104 0.006356 0
vt -0.049379 0.012304 0
vt -0.049213 0.004123 0
vt 0.049213 0.012303 0
vt 0.036909 0 0
vt 0.049213 0 0
vt -0.051964 0 0
vt -0.049288 0.008202 0
vt -0.051964 0.008202 0
vt -0.036909 0.005519 0
vt -0.139257 0 0
vt -0.11673 0 0
vt 0.036909 0.004132 0
vt 0.048942 0.01641 0
vt 0.048942 0.014491 0
vt 0.024741 0.012309 0
vt -0.004123 0.012303 0
vt 0 0.012303 0
vt -0.004123 0.016404 0
vt 0.048942 0.012309 0
vt 0.049212 0.012309 0
vt 0.036909 0.012303 0
vt -0.036909 0 0
vt -0.049288 0 0
vt -0.036909 0.142119 0
vt -0.049032 0 0
vt -0.036909 0.008202 0
vt -0.049032 0.008202 0
vt 0.056177 0.008202 0
vt 0.056177 0 0
vt 0.024742 0.004132 0
vt 0.036909 0.01641 0
vt 0.036909 0.014496 0
vt 0.036909 0.012309 0
vt 0.024418 0.016417 0
vt 0.021605 0.012315 0
vt 0.024419 0.012315 0
vt 0.036909 0.008674 0
vt 0.024606 0 0
vt -0.024787 0.005519 0
vt 0.036909 0.008202 0
vt 0.021935 0.004316 0
vt 0.024741 0.014494 0
vt 0.021606 0.016417 0
vt 0.024606 0.012303 0
vt -0.024606 0 0
vt -0.022116 0.005694 0
vt -0.024787 0.008202 0
vt 0.017642 0 0
vt -0.036909 0.147638 0
vt 0.019309 0.004838 0
vt 0.021606 0.015631 0
vt 0.024554 0.009809 0
vt 0.024418 0.015631 0
vt 0.024606 0.008673 0
vt 0.020672 0.016423 0
vt 0.017994 0.012321 0
vt 0.020672 0.012321 0
vt 0.024554 0.012303 0
vt 0.021335 0 0
vt 0.024554 0 0
vt -0.024787 0 0
vt -0.019669 0.006181 0
vt -0.024373 0 0
vt -0.021697 0.008202 0
vt -0.024373 0.008202 0
vt 0.017642 0.008202 0
vt -0.017642 0.142119 0
vt 0.016774 0.005698 0
vt 0.017995 0.017598 0
vt 0.020942 0.011776 0
vt 0.020672 0.017598 0
vt 0.017995 0.016423 0
vt 0.021335 0.009809 0
vt 0.021335 0.012303 0
vt -0.021395 0.000211 0
vt -0.021697 0 0
vt -0.020581 0 0
vt -0.018085 0.008202 0
vt -0.020581 0.008202 0
vt 0.138396 0.008202 0
vt 0.142802 0 0
vt 0.142802 0.008202 0
vt -0.012303 0.147638 0
vt 0.016424 0.147501 0
vt 0.014052 0.012326 0
vt 0.01673 0.016427 0
vt 0.014052 0.016427 0
vt 0.014052 0.019213 0
vt 0.017 0.013391 0
vt 0.01673 0.019213 0
vt 0.017724 0.011776 0
vt 0.01673 0.012326 0
vt 0.020942 0.012303 0
vt 0.017724 0 0
vt 0.020942 0 0
vt -0.01743 0.137718 0
vt -0.018085 0 0
vt 0.138396 0 0
vt -0.012452 0.094009 0
vt 0.016272 0.142659 0
vt 0.012524 0.016431 0
vt 0.009847 0.01233 0
vt 0.012525 0.01233 0
vt 0.013782 0.013391 0
vt 0.017724 0.012303 0
vt -0.018238 0.000838 0
vt -0.017306 0.006983 0
vt -0.016639 0 0
vt -0.014143 0.008202 0
vt -0.016639 0.008202 0
vt 0.133624 0.008202 0
vt 0.138515 0 0
vt 0.138515 0.008202 0
vt -0.017137 0.132836 0
vt -0.012143 0.142823 0
vt -0.013264 0.098832 0
vt 0.016045 0.137792 0
vt -0.147953 0.016419 0
vt -0.143108 0.012318 0
vt -0.143108 0.016419 0
vt -0.147957 0.014027 0
vt -0.143108 0.019845 0
vt -0.147953 0.019842 0
vt 0.009847 0.016431 0
vt 0.009847 0.020449 0
vt 0.012795 0.014628 0
vt 0.012524 0.020449 0
vt 0.013782 0 0
vt 0.017 0.012303 0
vt 0.013782 0.012303 0
vt 0.017 0 0
vt -0.014143 0 0
vt 0.133624 0 0
vt -0.016779 0.127958 0
vt -0.011919 0.138012 0
vt -0.143148 0 0
vt -0.147965 0.012303 0
vt -0.147965 0 0
vt -0.014012 0.103665 0
vt 0.099662 0 0
vt 0.094771 0.008202 0
vt 0.094771 0 0
vt 0.015753 0.132928 0
vt -0.143261 0.016425 0
vt -0.138389 0.012324 0
vt -0.138389 0.016425 0
vt -0.143234 0.012557 0
vt -0.138389 0.018379 0
vt -0.143261 0.018379 0
vt -0.147953 0.012318 0
vt -0.143261 0.012324 0
vt -0.14314 0.014023 0
vt 0.014488 0.118367 0
vt 0.014373 0.006882 0
vt 0.008127 0.016434 0
vt 0.00545 0.012333 0
vt 0.008128 0.012333 0
vt 0.009576 0.014628 0
vt 0.012795 0.012303 0
vt 0.009576 0 0
vt 0.012795 0 0
vt -0.01519 0.001873 0
vt -0.012433 0 0
vt -0.009938 0.008202 0
vt -0.012433 0.008202 0
vt 0.128843 0.008202 0
vt 0.133734 0 0
vt 0.133734 0.008202 0
vt -0.016356 0.123085 0
vt 0.128843 0 0
vt -0.01163 0.133203 0
vt -0.138417 0 0
vt -0.143234 0.012303 0
vt -0.143234 0 0
vt -0.143148 0.012303 0
vt -0.014695 0.108508 0
vt 0.104589 0 0
vt 0.099698 0.008202 0
vt 0.099698 0 0
vt 0.099662 0.008202 0
vt 0.089867 0.008202 0
vt 0.094718 0 0
vt 0.094718 0.008202 0
vt 0.015396 0.128069 0
vt -0.138505 0.016421 0
vt -0.133633 0.01232 0
vt -0.133633 0.016421 0
vt -0.138478 0.011243 0
vt -0.133633 0.017065 0
vt -0.138505 0.017065 0
vt -0.138505 0.01232 0
vt -0.138417 0.012557 0
vt 0.013936 0.113526 0
vt 0.014974 0.123215 0
vt 0.00545 0.016434 0
vt 0.00545 0.021285 0
vt 0.008398 0.015464 0
vt 0.008127 0.021285 0
vt 0.009576 0.012303 0
vt -0.012303 0.003297 0
vt -0.012994 0.009473 0
vt -0.015069 0.008087 0
vt -0.009938 0 0
vt -0.015314 0.11336 0
vt -0.015867 0.118219 0
vt 0.12893 0 0
vt 0.124039 0.008202 0
vt 0.124039 0 0
vt 0.12893 0.008202 0
vt -0.011582 0.089237 0
vt -0.133661 0 0
vt -0.138478 0.012303 0
vt -0.138478 0 0
vt -0.138417 0.012303 0
vt 0.109497 0 0
vt 0.104606 0.008202 0
vt 0.104606 0 0
vt 0.104589 0.008202 0
vt 0.089867 0 0
vt -0.133725 0.016417 0
vt -0.128853 0.012316 0
vt -0.128853 0.016417 0
vt -0.133697 0.009975 0
vt -0.128853 0.015796 0
vt -0.133725 0.015796 0
vt -0.133725 0.012316 0
vt -0.133661 0.011243 0
vt 0.01332 0.108693 0
vt -0.119246 0.016406 0
vt -0.114374 0.012305 0
vt -0.114374 0.016406 0
vt -0.119218 0.006443 0
vt -0.114374 0.012265 0
vt -0.119246 0.012265 0
vt -0.124094 0.01641 0
vt -0.119222 0.012309 0
vt -0.119222 0.01641 0
vt -0.124067 0.007575 0
vt -0.119222 0.013396 0
vt -0.124094 0.013396 0
vt 0.012639 0.103868 0
vt 0.012148 0.00837 0
vt 0.003614 0.016435 0
vt 0.000937 0.012334 0
vt 0.003615 0.012334 0
vt 0.00518 0.015464 0
vt 0.008398 0.012303 0
vt 0.00518 0 0
vt 0.008398 0 0
vt -0.011118 0.011118 0
vt -0.008036 0 0
vt -0.005541 0.008202 0
vt -0.008036 0.008202 0
vt 0.124104 0 0
vt 0.119213 0.008202 0
vt 0.119213 0 0
vt 0.124104 0.008202 0
vt -0.011278 0.128399 0
vt -0.133661 0.012303 0
vt 0.114386 0 0
vt 0.109495 0.008202 0
vt 0.109495 0 0
vt 0.109497 0.008202 0
vt 0.084418 0.008202 0
vt 0.089872 0 0
vt 0.089872 0.008202 0
vt -0.128921 0.016413 0
vt -0.124049 0.012312 0
vt -0.124049 0.016413 0
vt -0.128893 0.008752 0
vt -0.124049 0.014573 0
vt -0.128921 0.014573 0
vt -0.128921 0.012312 0
vt -0.12888 0.009975 0
vt -0.114377 0.016403 0
vt -0.109505 0.012302 0
vt -0.109504 0.016403 0
vt -0.114349 0.005358 0
vt -0.109504 0.011179 0
vt -0.114377 0.011179 0
vt -0.119246 0.012305 0
vt -0.114377 0.012302 0
vt -0.114401 0.006443 0
vt -0.11925 0.007575 0
vt -0.124094 0.012309 0
vt -0.124076 0.008752 0
vt 0.011894 0.099053 0
vt 0.000937 0.016435 0
vt 0.000937 0.021707 0
vt 0.003885 0.015886 0
vt 0.003614 0.021707 0
vt 0.00518 0.012303 0
vt -0.009627 0.005085 0
vt -0.001028 0.008202 0
vt -0.003524 0 0
vt -0.001028 0 0
vt -0.005541 0 0
vt 0.114386 0.008202 0
vt 0.114364 0.008202 0
vt 0.119255 0 0
vt 0.119255 0.008202 0
vt 0.114364 0 0
vt -0.010861 0.1236 0
vt -0.12888 0 0
vt -0.133697 0.012303 0
vt -0.133697 0 0
vt 0.084418 0 0
vt -0.01061 0.08387 0
vt -0.003524 0.008202 0
vt -0.12888 0.012303 0
vt -0.109488 0.0164 0
vt -0.104615 0.012299 0
vt -0.104615 0.0164 0
vt -0.10946 0.004319 0
vt -0.104615 0.01014 0
vt -0.109488 0.01014 0
vt -0.109488 0.012299 0
vt -0.109532 0.005358 0
vt -0.119218 0.012303 0
vt -0.114401 0 0
vt -0.114401 0.012303 0
vt -0.124067 0.012303 0
vt -0.11925 0 0
vt -0.11925 0.012303 0
vt -0.128893 0.012303 0
vt -0.124076 0 0
vt -0.124076 0.012303 0
vt 0.011085 0.094248 0
vt -0.104579 0.016397 0
vt -0.099707 0.012296 0
vt -0.099707 0.016397 0
vt -0.104552 0.003326 0
vt -0.099707 0.009148 0
vt -0.104579 0.009148 0
vt 0.010217 0.089485 0
vt 0.010135 0.010135 0
vt -0.000937 0.016435 0
vt -0.003615 0.012334 0
vt -0.000937 0.012334 0
vt 0.000667 0.015886 0
vt 0.003885 0.012303 0
vt 0.000667 0 0
vt 0.003885 0 0
vt -0.009473 0.012994 0
vt 0.003524 0 0
vt 0.001028 0.008202 0
vt 0.001028 0 0
vt -0.128893 0 0
vt 0.079064 0.008202 0
vt 0.084478 0 0
vt 0.084478 0.008202 0
vt -0.009728 0.078528 0
vt -0.104579 0.012296 0
vt -0.104643 0.004319 0
vt -0.114349 0.012303 0
vt -0.109532 0 0
vt -0.109532 0.012303 0
vt -0.119218 0 0
vt -0.114349 0 0
vt -0.124067 0 0
vt -0.099653 0.016394 0
vt -0.09478 0.012293 0
vt -0.09478 0.016394 0
vt -0.099625 0.002381 0
vt -0.09478 0.008202 0
vt -0.099653 0.008202 0
vt -0.099653 0.012293 0
vt -0.099735 0.003326 0
vt 0.009243 0.084107 0
vt -0.003614 0.016435 0
vt -0.003614 0.021707 0
vt -0.000667 0.015886 0
vt -0.000937 0.021707 0
vt 0.000667 0.012303 0
vt -0.007207 0.007207 0
vt -0.008087 0.015069 0
vt 0.003524 0.008202 0
vt -0.010379 0.118807 0
vt 0.079064 0 0
vt -0.10946 0.012303 0
vt -0.104643 0 0
vt -0.104643 0.012303 0
vt -0.10946 0 0
vt -0.009834 0.114021 0
vt -0.009225 0.109242 0
vt -0.094709 0.016391 0
vt -0.089866 0.01229 0
vt -0.089866 0.016391 0
vt -0.094681 0.001482 0
vt -0.089866 0.007303 0
vt -0.094709 0.007303 0
vt -0.094709 0.01229 0
vt -0.094808 0.002381 0
vt -0.104552 0.012303 0
vt -0.099735 0 0
vt -0.099735 0.012303 0
vt 0.00837 0.012148 0
vt -0.089873 0.016391 0
vt -0.084407 0.01229 0
vt -0.084407 0.016391 0
vt -0.089875 0.001552 0
vt -0.084407 0.007373 0
vt -0.089873 0.007373 0
vt -0.00545 0.016434 0
vt -0.008128 0.012333 0
vt -0.00545 0.012333 0
vt -0.003885 0.015886 0
vt -0.003885 0.012303 0
vt -0.000667 0 0
vt -0.000667 0.012303 0
vt -0.006983 0.017306 0
vt 0.008036 0 0
vt 0.005541 0.008202 0
vt 0.005541 0 0
vt 0.07369 0.008202 0
vt 0.079104 0 0
vt 0.079104 0.008202 0
vt -0.00893 0.073173 0
vt -0.104552 0 0
vt -0.008552 0.104473 0
vt -0.089873 0.01229 0
vt -0.089864 0.001482 0
vt -0.099625 0.012303 0
vt -0.094808 0 0
vt -0.094808 0.012303 0
vt -0.099625 0 0
vt 0.008357 0.078743 0
vt -0.079053 0.012293 0
vt -0.084489 0.016394 0
vt -0.084489 0.012293 0
vt -0.084375 0.001552 0
vt -0.008127 0.016434 0
vt -0.008127 0.021285 0
vt -0.00518 0.015464 0
vt -0.00545 0.021285 0
vt -0.003885 0 0
vt -0.006181 0.019669 0
vt 0.012433 0 0
vt 0.009938 0.008202 0
vt 0.009938 0 0
vt 0.008036 0.008202 0
vt 0.07369 0 0
vt -0.008215 0.067807 0
vt -0.007815 0.099712 0
vt -0.094681 0.012303 0
vt -0.089864 0 0
vt -0.089864 0.012303 0
vt -0.094681 0 0
vt -0.007036 0.057043 0
vt -0.007015 0.094962 0
vt 0.007556 0.073367 0
vt -0.079053 0.016394 0
vt -0.084521 0.002486 0
vt -0.079053 0.008307 0
vt -0.084489 0.008307 0
vt -0.089875 0.012303 0
vt -0.084375 0 0
vt -0.084375 0.012303 0
vt 0.006882 0.014373 0
vt -0.009847 0.016431 0
vt -0.012525 0.01233 0
vt -0.009847 0.01233 0
vt -0.008398 0.015464 0
vt -0.008398 0.012303 0
vt -0.00518 0 0
vt -0.00518 0.012303 0
vt -0.005085 0.009627 0
vt -0.005694 0.022116 0
vt 0.016639 0 0
vt 0.014143 0.008202 0
vt 0.014143 0 0
vt 0.012433 0.008202 0
vt 0.068298 0.008202 0
vt 0.073712 0 0
vt 0.073712 0.008202 0
vt -0.007584 0.06243 0
vt 0.068298 0 0
vt -0.089875 0 0
vt -0.006194 0.046249 0
vt -0.006152 0.090223 0
vt -0.006573 0.051649 0
vt -0.079115 0.016397 0
vt -0.073679 0.012296 0
vt -0.073679 0.016397 0
vt -0.079147 0.00336 0
vt -0.073679 0.009182 0
vt -0.079115 0.009182 0
vt -0.079115 0.012296 0
vt -0.079021 0.002486 0
vt -0.079021 0 0
vt -0.084521 0.012303 0
vt -0.084521 0 0
vt 0.006838 0.067979 0
vt -0.012524 0.016431 0
vt -0.012524 0.020449 0
vt -0.009576 0.014628 0
vt -0.009847 0.020449 0
vt -0.008398 0 0
vt -0.005521 0.024766 0
vt 0.020581 0 0
vt 0.018085 0.008202 0
vt 0.018085 0 0
vt 0.016639 0.008202 0
vt 0.068302 0 0
vt 0.062888 0.008202 0
vt 0.062888 0 0
vt 0.068302 0.008202 0
vt -0.005561 0.03002 0
vt -0.005171 0.084811 0
vt -0.005899 0.040843 0
vt 0.057436 0 0
vt 0.052022 0.008202 0
vt 0.052022 0 0
vt 0.062876 0 0
vt 0.057462 0.008202 0
vt 0.057462 0 0
vt -0.068287 0.012298 0
vt -0.073723 0.016399 0
vt -0.073723 0.012298 0
vt -0.073647 0.00336 0
vt -0.079021 0.012303 0
vt -0.004276 0.079385 0
vt 0.006205 0.062581 0
vt -0.068287 0.016399 0
vt -0.073755 0.004175 0
vt -0.068287 0.009997 0
vt -0.073723 0.009997 0
vt 0.005698 0.016774 0
vt -0.014052 0.016427 0
vt -0.01673 0.012326 0
vt -0.014052 0.012326 0
vt -0.012795 0.014628 0
vt -0.012795 0.012303 0
vt -0.009576 0 0
vt -0.009576 0.012303 0
vt -0.003297 0.012303 0
vt -0.003465 0.073945 0
vt 0.024351 0 0
vt 0.021697 0.008202 0
vt 0.021697 0 0
vt 0.020581 0.008202 0
vt 0.062876 0.008202 0
vt -0.005688 0.035433 0
vt 0.046517 0 0
vt 0.041103 0.008202 0
vt 0.041103 0 0
vt 0.051983 0 0
vt 0.046569 0.008202 0
vt 0.046569 0 0
vt 0.057436 0.008202 0
vt 0.051983 0.008202 0
vt -0.079147 0.012303 0
vt -0.073647 0 0
vt -0.073647 0.012303 0
vt -0.079147 0 0
vt -0.068313 0.016402 0
vt -0.062877 0.012301 0
vt -0.062877 0.016402 0
vt -0.068345 0.00493 0
vt -0.062877 0.010752 0
vt -0.068313 0.010752 0
vt -0.068313 0.012301 0
vt -0.068255 0.004175 0
vt 0.005655 0.057173 0
vt -0.01673 0.016427 0
vt -0.01673 0.019213 0
vt -0.013782 0.013391 0
vt -0.014052 0.019213 0
vt -0.012795 0 0
vt -0.002738 0.068493 0
vt 0.024351 0.008202 0
vt 0.030063 0 0
vt 0.024808 0.008202 0
vt 0.024808 0 0
vt 0.035556 0 0
vt 0.030142 0.008202 0
vt 0.030142 0 0
vt 0.041041 0 0
vt 0.035627 0.008202 0
vt 0.035627 0 0
vt 0.046517 0.008202 0
vt 0.041041 0.008202 0
vt -0.068255 0 0
vt -0.073755 0.012303 0
vt -0.073755 0 0
vt -0.057452 0.012303 0
vt -0.062887 0.016404 0
vt -0.062887 0.012303 0
vt -0.062845 0.00493 0
vt -0.068255 0.012303 0
vt 0.00519 0.051757 0
vt -0.057452 0.016404 0
vt -0.062919 0.005626 0
vt -0.057452 0.011447 0
vt -0.062887 0.011447 0
vt 0.004838 0.019309 0
vt -0.017995 0.016423 0
vt -0.020672 0.012321 0
vt -0.017994 0.012321 0
vt -0.017 0.013391 0
vt -0.017 0.012303 0
vt -0.013782 0 0
vt -0.013782 0.012303 0
vt -0.001873 0.01519 0
vt -0.002097 0.06303 0
vt 0.030063 0.008202 0
vt 0.035556 0.008202 0
vt -0.068345 0.012303 0
vt -0.062845 0 0
vt -0.062845 0.012303 0
vt -0.068345 0 0
vt -0.052011 0.012305 0
vt -0.057447 0.016406 0
vt -0.057447 0.012305 0
vt -0.057419 0.005626 0
vt 0.004809 0.046335 0
vt -0.020672 0.016423 0
vt -0.020672 0.017598 0
vt -0.017724 0.011776 0
vt -0.017995 0.017598 0
vt -0.017 0 0
vt -0.001541 0.057559 0
vt -0.057419 0 0
vt -0.062919 0.012303 0
vt -0.062919 0 0
vt -0.052011 0.016406 0
vt -0.057419 0.012303 0
vt -0.057479 0.006261 0
vt -0.052011 0.012082 0
vt -0.057447 0.012082 0
vt 0.004513 0.040907 0
vt -0.051994 0.016408 0
vt -0.046558 0.012306 0
vt -0.046558 0.016408 0
vt -0.052026 0.006836 0
vt -0.046558 0.012657 0
vt -0.051994 0.012657 0
vt 0.004316 0.021935 0
vt -0.021606 0.016417 0
vt -0.024403 0.012315 0
vt -0.021605 0.012315 0
vt -0.020942 0.011776 0
vt -0.020942 0.012303 0
vt -0.017724 0 0
vt -0.017724 0.012303 0
vt -0.000838 0.018238 0
vt -0.001071 0.052079 0
vt -0.051994 0.012306 0
vt -0.051979 0 0
vt -0.057479 0.012303 0
vt -0.057479 0 0
vt -0.051979 0.006261 0
vt -0.046528 0.016409 0
vt -0.041092 0.012308 0
vt -0.041093 0.016409 0
vt -0.04656 0.007351 0
vt -0.041093 0.013172 0
vt -0.046528 0.013172 0
vt -0.046528 0.012308 0
vt -0.046526 0.006836 0
vt 0.004301 0.035476 0
vt -0.024402 0.016417 0
vt -0.024402 0.015631 0
vt -0.021335 0.009809 0
vt -0.021606 0.015631 0
vt -0.020942 0 0
vt -0.000685 0.046592 0
vt -0.051979 0.012303 0
vt -0.035616 0.012309 0
vt -0.041052 0.01641 0
vt -0.041052 0.012309 0
vt -0.04106 0.007351 0
vt -0.052026 0.012303 0
vt -0.046526 0 0
vt -0.046526 0.012303 0
vt 0.004174 0.030042 0
vt -0.035616 0.01641 0
vt -0.041084 0.007805 0
vt -0.035616 0.013626 0
vt -0.041052 0.013626 0
vt 0.004133 0.024725 0
vt -0.024757 0.016413 0
vt -0.030073 0.012312 0
vt -0.024757 0.012312 0
vt -0.024554 0.009809 0
vt -0.024554 0.012303 0
vt -0.021335 0 0
vt -0.021335 0.012303 0
vt -0.000211 0.021395 0
vt -0.000386 0.0411 0
vt -0.052026 0 0
vt -0.04656 0.012303 0
vt -0.04106 0 0
vt -0.04106 0.012303 0
vt -0.04656 0 0
vt -0.035567 0.016412 0
vt -0.030131 0.012311 0
vt -0.030131 0.016412 0
vt -0.035599 0.008198 0
vt -0.030131 0.01402 0
vt -0.035567 0.01402 0
vt -0.035567 0.012311 0
vt -0.035584 0.007805 0
vt -0.030073 0.016413 0
vt -0.030106 0.008531 0
vt -0.024757 0.014353 0
vt -0.030073 0.014353 0
vt -0.024606 0.008531 0
vt -0.024554 0 0
vt -0.000171 0.035605 0
vt -0.035584 0 0
vt -0.041084 0.012303 0
vt -0.041084 0 0
vt -0.030099 0.008198 0
vt -0.035584 0.012303 0
vt -0.030106 0.012303 0
vt -0.024606 0.012303 0
vt -4.3e-05 0.030106 0
vt 0 0.024606 0
vt -0.035599 0.012303 0
vt -0.030099 0 0
vt -0.030099 0.012303 0
vt -0.035599 0 0
vt -0.030106 0 0
vt -1.47595 0.481933 0
vt -0.032378 0.478652 0
vt -0.032378 0.481933 0
vt -1.47595 0.478652 0
vt -0.032378 -0.072529 0
vt -1.47595 -0.072529 0

# 1014 vertex normals
vn 0 0.00022165 -0.025399
vn 0 -0.00022165 0.025399
vn 0 -0.025399 -0.00022165
vn 0 0.025399 0.00022165
vn -0.0254 0 0
vn 0.0254 0 -0
vn 0 0.0151784 -0.020366
vn 0 -0.0151784 0.020366
vn 0 0 -0.01
vn 0 0 0.01
vn 0 -0.01 0
vn 0 0.01 0
vn -0.01 0 0
vn 0.01 -0 -0
vn 0 0.00065403 -0.00997859
vn 0 -0.00065403 0.00997859
vn 0 0.00258819 -0.00965926
vn 0 -0.00258819 0.00965926
vn 0 0.005 -0.00866025
vn 0 -0.005 0.00866025
vn 0 0.00065403 0.00997859
vn 0 -0.00065403 -0.00997859
vn 0 0.00707107 -0.00707107
vn 0 -0.00707107 0.00707107
vn 0 0.00866025 -0.005
vn 0 -0.00866025 0.005
vn 0 0.00258819 0.00965926
vn 0 -0.00258819 -0.00965926
vn 0 0.00965926 -0.00258819
vn 0 -0.00965926 0.00258819
vn 0 0.005 0.00866025
vn 0 -0.005 -0.00866025
vn 0 0.00707107 0.00707107
vn 0 -0.00707107 -0.00707107
vn 0 0.00965926 0.00258819
vn 0 -0.00965926 -0.00258819
vn 0 0.00866025 0.005
vn 0 -0.00866025 -0.005
vn 0 0.00032719 -0.00999465
vn 0 -0.00032719 0.00999465
vn 0.01 1e-08 0
vn -0.01 -1e-08 0
vn 0 0.00956934 -0.00290307
vn 0 0.00954184 -0.00299219
vn 0 -0.00954184 0.00299219
vn 0 -0.00956934 0.00290307
vn 0 0.00130526 -0.00991445
vn 0 -0.00130526 0.00991445
vn 0 -0.00371391 0.00928477
vn 0 0.00371391 -0.00928477
vn 0 0.00964681 -0.00263422
vn 0 -0.00964681 0.00263422
vn 0 0.00994335 0.00106292
vn 0 0.00992179 0.0012482
vn 0 -0.00992179 -0.0012482
vn 0 -0.00994335 -0.00106292
vn 0 0.00971047 -0.00238889
vn 0 0.0097326 -0.00229708
vn 0 -0.00971047 0.00238889
vn 0 -0.0097326 0.00229708
vn 0 0.00382683 -0.0092388
vn 0 -0.00382683 0.0092388
vn 0 0.00973834 -0.00227259
vn 0 -0.00973834 0.00227259
vn -0.01 -1.1e-07 1e-08
vn 0.01 1.1e-07 -1e-08
vn 0 0.00997608 0.00069132
vn 0 -0.00997608 -0.00069132
vn 0 0.00977424 -0.00211285
vn 0 -0.00977424 0.00211285
vn 0 0.00981633 -0.00190779
vn 0 -0.00981633 0.00190779
vn 0 0.00999492 0.00031876
vn 0 -0.00999492 -0.00031876
vn 0 0.00981241 -0.00192787
vn 0 -0.00981241 0.00192787
vn 0 0.0099908 -0.00042885
vn 0 0.0099944 -0.00033448
vn 0 -0.0099944 0.00033448
vn 0 -0.0099908 0.00042885
vn 0 0.00608761 -0.00793353
vn 0 -0.00608761 0.00793353
vn 0 0.00988066 -0.00154034
vn 0 -0.00988066 0.00154034
vn 0 0.00999465 -0.00032719
vn 0 -0.00999465 0.00032719
vn 0 0.00999985 -5.425e-05
vn 0 -0.00999985 5.425e-05
vn 0 0.00984707 -0.0017422
vn 0 -0.00984707 0.0017422
vn 0 0.00998092 -0.00061746
vn 0 -0.00998092 0.00061746
vn 0 0.00993123 -0.00117074
vn 0 -0.00993123 0.00117074
vn 0 0.00961861 -0.0027354
vn 0 -0.00961861 0.0027354
vn 0 0.00999087 -0.00042718
vn 0 -0.00999087 0.00042718
vn 0 0.00987822 -0.00155591
vn 0 -0.00987822 0.00155591
vn 0 0.00996748 -0.00080586
vn 0 -0.00996748 0.00080586
vn 0 0.00793353 -0.00608761
vn 0 -0.00793353 0.00608761
vn 0 0.00996799 -0.00079952
vn 0 -0.00996799 0.00079952
vn 0 0.00991445 -0.00130526
vn 0 -0.00991445 0.00130526
vn 0 0.00962652 0.00270742
vn -0 -0.00962652 -0.00270742
vn 0 0.00990584 -0.00136907
vn 0 -0.00990584 0.00136907
vn 0 0.00995048 -0.00099397
vn 0 -0.00995048 0.00099397
vn 0 0.00074738 -0.00997203
vn 0 -0.00074738 0.00997203
vn 0 0.00992993 -0.00118173
vn 0 -0.00992993 0.00118173
vn 0 0.0092388 -0.00382683
vn 0 -0.0092388 0.00382683
vn 0 0.00747409 -0.00664364
vn 0 0.00682057 -0.00731299
vn 0 -0.00747409 0.00664364
vn 0 -0.00682057 0.00731299
vn 0 0.00806221 -0.00591615
vn 0 -0.00806221 0.00591615
vn 0 0.00610736 -0.00791834
vn 0 -0.00610736 0.00791834
vn 0 0.00857977 -0.00513688
vn 0 -0.00857977 0.00513688
vn 0 0.0053407 -0.0084544
vn 0 -0.0053407 0.0084544
vn 0 0.00902225 -0.00431266
vn 0 -0.00902225 0.00431266
vn 0 0.0045273 -0.00891648
vn 0 -0.0045273 0.00891648
vn 0 0.00938577 -0.0034507
vn 0 -0.00938577 0.0034507
vn 0 0.00367428 -0.00930052
vn 0 -0.00367428 0.00930052
vn 0 0.00966715 -0.00255854
vn 0 -0.00966715 0.00255854
vn 0 0.00323524 -0.0094622
vn 0 -0.00323524 0.0094622
vn 0.00999465 0 -0.00032719
vn -0.00999465 0 0.00032719
vn 0 0.00982278 -0.00187429
vn 0 -0.00982278 0.00187429
vn 0 0.00986394 -0.00164399
vn 0.00991445 -0 -0.00130526
vn 0.00965926 -0 -0.00258819
vn 0.0092388 0 -0.00382683
vn 0.00032719 0 -0.00999465
vn -0.00032719 0 0.00999465
vn 0.00866025 0 -0.005
vn 0.00130526 0 -0.00991445
vn 0.00793353 0 -0.00608761
vn 0.00258819 0 -0.00965926
vn 0.00707107 0 -0.00707107
vn 0.00382683 0 -0.0092388
vn 0.00608761 -0 -0.00793353
vn 0.005 -0 -0.00866025
vn 0 -0.00986394 0.00164399
vn -0.00991445 0 0.00130526
vn -0.00965926 0 0.00258819
vn -0.0092388 0 0.00382683
vn -0.00866025 0 0.005
vn -0.00130526 0 0.00991445
vn -0.00793353 0 0.00608761
vn -0.00258819 0 0.00965926
vn -0.00707107 0 0.00707107
vn -0.00382683 0 0.0092388
vn -0.00608761 0 0.00793353
vn -0.005 0 0.00866025
vn -0.00999465 0 -0.00032719
vn 0.00999465 0 0.00032719
vn -0.00991445 0 -0.00130526
vn -0.00965926 0 -0.00258819
vn -0.0092388 0 -0.00382683
vn -0.00032719 0 -0.00999465
vn 0.00032719 0 0.00999465
vn -0.00866025 0 -0.005
vn -0.00130526 0 -0.00991445
vn -0.00793353 0 -0.00608761
vn -0.00258819 0 -0.00965926
vn -0.00707107 0 -0.00707107
vn -0.00382683 0 -0.0092388
vn -0.00608761 0 -0.00793353
vn -0.005 0 -0.00866025
vn 0.00991445 0 0.00130526
vn 0.00965926 0 0.00258819
vn 0.0092388 0 0.00382683
vn 0.00866025 0 0.005
vn 0.00130526 0 0.00991445
vn 0.00793353 0 0.00608761
vn 0.00258819 0 0.00965926
vn 0.00707107 0 0.00707107
vn 0.00382683 0 0.0092388
vn 0.00608761 0 0.00793353
vn 0.005 0 0.00866025
vn 0.00032509 0 -0.00999471
vn -0.00032509 0 0.00999471
vn -0.0003293 0 -0.00999458
vn 0.0003293 0 0.00999458
vn 0.00038008 0.00965228 0.00258632
vn 0.00032241 0.00965424 0.00258684
vn -0.00032241 -0.00965424 -0.00258684
vn -0.00038008 -0.00965228 -0.00258632
vn 0.00026474 0.00965587 0.00258728
vn -0.00026474 -0.00965587 -0.00258728
vn 0.00043773 0.00965 0.00258571
vn -0.00043773 -0.00965 -0.00258571
vn 0.00020705 0.00965719 0.00258764
vn -0.00020705 -0.00965719 -0.00258764
vn -0.00026957 0.00965575 0.00258725
vn -0.00032329 0.00965421 0.00258684
vn 0.00032329 -0.00965421 -0.00258684
vn 0.00026957 -0.00965575 -0.00258725
vn -0.000377 0.00965239 0.00258635
vn 0.000377 -0.00965239 -0.00258635
vn 0.00049537 0.0096474 0.00258501
vn -0.00049537 -0.0096474 -0.00258501
vn -0.00021584 0.00965701 0.00258759
vn 0.00021584 -0.00965701 -0.00258759
vn -0.0004307 0.00965029 0.00258579
vn 0.0004307 -0.00965029 -0.00258579
vn 0.00014936 0.00965818 0.0025879
vn -0.00014936 -0.00965818 -0.0025879
vn -0.0001621 0.00965799 0.00258785
vn 0.0001621 -0.00965799 -0.00258785
vn 0.000553 0.00964448 0.00258423
vn -0.000553 -0.00964448 -0.00258423
vn -0.00048439 0.00964792 0.00258515
vn 0.00048439 -0.00964792 -0.00258515
vn 9.166e-05 0.00965885 0.00258808
vn -9.166e-05 -0.00965885 -0.00258808
vn -0.00010836 0.00965869 0.00258804
vn 0.00010836 -0.00965869 -0.00258804
vn 0.0006106 0.00964123 0.00258336
vn -0.0006106 -0.00964123 -0.00258336
vn -0.00053806 0.00964527 0.00258444
vn 0.00053806 -0.00964527 -0.00258444
vn 3.396e-05 0.0096592 0.00258818
vn -3.396e-05 -0.0096592 -0.00258818
vn -5.462e-05 0.00965911 0.00258815
vn 5.462e-05 -0.00965911 -0.00258815
vn 0.0006262 0.0096403 0.00258311
vn -0.0006262 -0.0096403 -0.00258311
vn -0.00059172 0.00964233 0.00258366
vn 0.00059172 -0.00964233 -0.00258366
vn 0.00033042 0.00965398 0.00258678
vn -0.00033042 -0.00965398 -0.00258678
vn -0.00033918 0.0096537 0.0025867
vn 0.00033918 -0.0096537 -0.0025867
vn 0.0005866 0.00964263 0.00258373
vn -0.0005866 -0.00964263 -0.00258373
vn -0.00061811 0.00964079 0.00258324
vn 0.00061811 -0.00964079 -0.00258324
vn -0.00130165 0.00957708 0.00256617
vn 0.00130165 -0.00957708 -0.00256617
vn 0.00130671 0.00957644 0.002566
vn -0.00130671 -0.00957644 -0.002566
vn 0.00053379 0.00964549 0.0025845
vn -0.00053379 -0.00964549 -0.0025845
vn -0.00059085 0.00964238 0.00258367
vn 0.00059085 -0.00964238 -0.00258367
vn -0.00258489 0.00933098 0.00250023
vn 0.00258489 -0.00933098 -0.00250023
vn -0.00053719 0.00964531 0.00258445
vn 0.00053719 -0.00964531 -0.00258445
vn 0.00258982 0.00932971 0.00249989
vn -0.00258982 -0.00932971 -0.00249989
vn 0.00048097 0.00964808 0.0025852
vn -0.00048097 -0.00964808 -0.0025852
vn -0.00382387 0.00892517 0.00239149
vn 0.00382387 -0.00892517 -0.00239149
vn -0.00048351 0.00964796 0.00258516
vn 0.00048351 -0.00964796 -0.00258516
vn 0.00382859 0.00892329 0.00239099
vn -0.00382859 -0.00892329 -0.00239099
vn 0.00042813 0.0096504 0.00258582
vn -0.00042813 -0.0096504 -0.00258582
vn -0.00499741 0.00836661 0.00224183
vn 0.00499741 -0.00836661 -0.00224183
vn -0.00042983 0.00965033 0.0025858
vn 0.00042983 -0.00965033 -0.0025858
vn 0.00500183 0.00836414 0.00224116
vn -0.00500183 -0.00836414 -0.00224116
vn 0.00037527 0.00965245 0.00258637
vn -0.00037527 -0.00965245 -0.00258637
vn -0.00608542 0.00766483 0.00205379
vn 0.00608542 -0.00766483 -0.00205379
vn -0.00037612 0.00965242 0.00258636
vn 0.00037612 -0.00965242 -0.00258636
vn 0.00608947 0.00766183 0.00205298
vn -0.00608947 -0.00766183 -0.00205298
vn -0.00706926 0.00683187 0.00183059
vn 0.00706926 -0.00683187 -0.00183059
vn -0.00032241 0.00965424 0.00258684
vn 0.00032241 -0.00965424 -0.00258684
vn 0.00707287 0.00682838 0.00182966
vn -0.00707287 -0.00682838 -0.00182966
vn 0.00026954 0.00965575 0.00258725
vn -0.00026954 -0.00965575 -0.00258725
vn -0.00793211 0.00588197 0.00157607
vn 0.00793211 -0.00588197 -0.00157607
vn -0.00026869 0.00965577 0.00258726
vn 0.00026869 -0.00965577 -0.00258726
vn 0.00793522 0.00587806 0.00157502
vn -0.00793522 -0.00587806 -0.00157502
vn 0.00021666 0.00965699 0.00258758
vn -0.00021666 -0.00965699 -0.00258758
vn -0.0086592 0.0048314 0.00129457
vn 0.0086592 -0.0048314 -0.00129457
vn -0.00021496 0.00965703 0.00258759
vn 0.00021496 -0.00965703 -0.00258759
vn 0.00866175 0.00482713 0.00129343
vn -0.00866175 -0.00482713 -0.00129343
vn 0.00016378 0.00965796 0.00258784
vn -0.00016378 -0.00965796 -0.00258784
vn -0.00923807 0.00369813 0.00099091
vn 0.00923807 -0.00369813 -0.00099091
vn -0.00016123 0.009658 0.00258785
vn 0.00016123 -0.009658 -0.00258785
vn 0.00924002 0.00369358 0.00098969
vn -0.00924002 -0.00369358 -0.00098969
vn 0.00011089 0.00965866 0.00258803
vn -0.00011089 -0.00965866 -0.00258803
vn -0.00965882 0.00250157 0.00067029
vn 0.00965882 -0.00250157 -0.00067029
vn -0.00010749 0.0096587 0.00258804
vn 0.00010749 -0.0096587 -0.00258804
vn 0.00966014 0.00249681 0.00066902
vn -0.00966014 -0.00249681 -0.00066902
vn 5.8e-05 0.0096591 0.00258815
vn -5.8e-05 -0.0096591 -0.00258815
vn -0.00991426 0.00126219 0.0003382
vn 0.00991426 -0.00126219 -0.0003382
vn -5.374e-05 0.00965912 0.00258815
vn 5.374e-05 -0.00965912 -0.00258815
vn 0.00991492 0.0012573 0.00033689
vn -0.00991492 -0.0012573 -0.00033689
vn 2.34e-06 0.00965926 0.00258819
vn -2.34e-06 -0.00965926 -0.00258819
vn -0.00999462 0.0003167 8.486e-05
vn 0.00999462 -0.0003167 -8.486e-05
vn 0.00999471 0.00031423 8.42e-05
vn -0.00999471 -0.00031423 -8.42e-05
vn 0 0.00998557 0.00053707
vn 0 0.00988025 0.00154296
vn 0 0.00999359 0.00035786
vn 0 0.00999999 1.549e-05
vn 0 0.00967386 0.00253307
vn 1e-08 0.01 -4.3e-07
vn 0 0.00936852 0.00349727
vn 0 0.00995604 -0.00093665
vn 0 0.00968891 -0.00247488
vn 0 0.00896734 0.0044257
vn 0 0.00930458 -0.00366399
vn 0 0.00847444 0.00530886
vn 0 0.00877494 -0.00479588
vn 0 0.00789484 0.00613771
vn 0 0.00810826 -0.00585287
vn 0 0.0072345 0.00690377
vn 0 0.00731496 -0.00681846
vn 0 0.00650014 0.00759922
vn 0 0.00640742 -0.00767756
vn 0 0.0056993 0.00821693
vn 0 0.00539982 -0.00841677
vn 0 0.00482719 0.00875775
vn 0 0.00436482 0.00899713
vn 0 0.00430788 -0.00902453
vn 0 0.00314868 -0.00949136
vn 0 0.0016367 -0.00986515
vn 0 0.00070966 -0.00997479
vn -0 -0.00999359 -0.00035786
vn -0 -0.00988025 -0.00154296
vn -0 -0.00998557 -0.00053707
vn -0 -0.00999999 -1.549e-05
vn 0 -0.00967386 -0.00253307
vn -1e-08 -0.01 4.3e-07
vn 0 -0.00936852 -0.00349727
vn 0 -0.00995604 0.00093665
vn 0 -0.00968891 0.00247488
vn 0 -0.00896734 -0.0044257
vn 0 -0.00930458 0.00366399
vn 0 -0.00847444 -0.00530886
vn 0 -0.00877494 0.00479588
vn 0 -0.00789484 -0.00613771
vn 0 -0.00810826 0.00585287
vn 0 -0.0072345 -0.00690377
vn 0 -0.00731496 0.00681846
vn 0 -0.00650014 -0.00759922
vn 0 -0.00640742 0.00767756
vn 0 -0.0056993 -0.00821693
vn 0 -0.00539982 0.00841677
vn 0 -0.00482719 -0.00875775
vn 0 -0.00436482 -0.00899713
vn 0 -0.00430788 0.00902453
vn 0 -0.00314868 0.00949136
vn 0 -0.0016367 0.00986515
vn 0 -0.00070966 0.00997479
vn -0 -1.2e-07 -0.01
vn 0 1.2e-07 0.01
vn 0 0.00707115 0.00707098
vn 0 -0.00707115 -0.00707098
vn -0.01 1e-08 0
vn 0.01 -1e-08 0
vn 0.01 -1.1e-07 1e-08
vn -0.01 1.1e-07 -1e-08
vn -0.0178846 0.0180274 0.000557454
vn -0.0251823 0.0031021 0.00117785
vn -0.0178738 0.0180274 0.00083599
vn -0.0251976 0.0031021 0.000785393
vn 0.0178738 -0.0180274 -0.00083599
vn 0.0251823 -0.0031021 -0.00117785
vn 0.0178846 -0.0180274 -0.000557454
vn 0.0251976 -0.0031021 -0.000785393
vn -0.0251609 0.0031021 0.00157
vn 0.0251609 -0.0031021 -0.00157
vn 0 0.0254 0
vn 0 -0.0254 -0
vn 0.0226935 -0.0113595 -0.00106144
vn 0.0253877 -0 -0.000791312
vn 0.0253723 -0 -0.00118671
vn -0.0253723 0 0.00118671
vn -0.0253877 0 0.000791312
vn -0.0226935 0.0113595 0.00106144
vn -0.0178911 0.0180274 0.000278765
vn 0.0178911 -0.0180274 -0.000278765
vn -0.0249934 0.00310858 -0.00329044
vn 0.0249934 -0.00310858 0.00329044
vn -0.0178586 0.0180274 0.00111435
vn 0.0178586 -0.0180274 -0.00111435
vn -0.0253507 0 0.00158186
vn 0.0253507 -0 -0.00158186
vn -0.0252068 0.0031021 0.000392735
vn 0.0252068 -0.0031021 -0.000392735
vn 0.0253969 -0 -0.000395707
vn -0.0253969 0 0.000395707
vn -0.0251991 0.00310406 -0.000726694
vn 0.0251991 -0.00310406 0.000726694
vn -0.0251334 0.0031021 0.00196179
vn 0.0251334 -0.0031021 -0.00196179
vn -0.0243501 0.00310858 -0.00652457
vn 0.0243501 -0.00310858 0.00652457
vn -0.025323 0 0.0019766
vn 0.025323 -0 -0.0019766
vn 0.0253894 0 0.00073218
vn 0.0251827 0 0.00331536
vn -0.0251827 0 -0.00331536
vn -0.0253894 0 -0.00073218
vn -0.0178801 0.0180332 -0.00051562
vn -0.0177214 0.0180463 -0.00233307
vn 0.0177214 -0.0180463 0.00233307
vn 0.0178801 -0.0180332 0.00051562
vn -0.0249045 0.0031021 0.0039117
vn 0.0249045 -0.0031021 -0.0039117
vn 0.0226742 -0.0113595 -0.00141483
vn -0.0226742 0.0113595 0.00141483
vn -0.0178391 0.0180274 0.00139243
vn 0.0178391 -0.0180274 -0.00139243
vn 0.0245345 0 0.006574
vn -0.0245345 0 -0.006574
vn -0.0172652 0.0180463 -0.0046262
vn 0.0172652 -0.0180463 0.0046262
vn 0.0226494 -0.0113595 -0.00176792
vn -0.0226494 0.0113595 0.00176792
vn -0.0249624 0.0031021 0.00352323
vn 0.0249624 -0.0031021 -0.00352323
vn -0.0250998 0.0031021 0.00235311
vn 0.0250998 -0.0031021 -0.00235311
vn -0.0252891 0 0.00237086
vn 0.0252891 -0 -0.00237086
vn -0.0232901 0.00310858 -0.0096471
vn 0.0232901 -0.00310858 0.0096471
vn -0.0218317 0.00310858 -0.0126045
vn 0.0218317 -0.00310858 0.0126045
vn -0.0248406 0.0031021 0.0042992
vn 0.0248406 -0.0031021 -0.0042992
vn -0.0178152 0.0180274 0.00167018
vn 0.0178152 -0.0180274 -0.00167018
vn 0.0234666 0 0.00972015
vn -0.0234666 0 -0.00972015
vn -0.0165137 0.0180463 -0.00684019
vn 0.0165137 -0.0180463 0.00684019
vn -0.0176766 0.0180274 0.00277642
vn 0.0176766 -0.0180274 -0.00277642
vn -0.0250279 0 0.00433161
vn 0.0250279 -0 -0.00433161
vn -0.0177177 0.0180274 0.00250071
vn 0.0177177 -0.0180274 -0.00250071
vn -0.0250924 0 0.00394119
vn 0.0250924 -0 -0.00394119
vn 0.0226191 -0.0113595 -0.00212054
vn -0.0226191 0.0113595 0.00212054
vn -0.0250143 0.0031021 0.00313393
vn 0.0250143 -0.0031021 -0.00313393
vn -0.0250601 0.0031021 0.00274383
vn 0.0250601 -0.0031021 -0.00274383
vn -0.0252491 0 0.00276454
vn 0.0252491 -0 -0.00276454
vn -0.0199997 0.00310858 -0.0153463
vn 0.0199997 -0.00310858 0.0153463
vn -0.0176312 0.0180274 0.00305145
vn 0.0176312 -0.0180274 -0.00305145
vn -0.0249909 0 0.00454025
vn 0.0249909 -0 -0.00454025
vn -0.0177545 0.0180274 0.00222438
vn 0.0177545 -0.0180274 -0.00222438
vn -0.0251507 0 0.0035498
vn 0.0251507 -0 -0.0035498
vn -0.0248039 0.00310203 0.00450626
vn 0.0248039 -0.00310203 -0.00450626
vn -0.017787 0.0180274 0.00194752
vn 0.017787 -0.0180274 -0.00194752
vn 0.021997 0 0.0127
vn -0.021997 0 -0.0127
vn -0.0154796 0.0180463 -0.00893714
vn 0.0154796 -0.0180463 0.00893714
vn 0.025203 -0 -0.00315755
vn -0.025203 0 0.00315755
vn -0.0141806 0.0180463 -0.0108812
vn 0.0141806 -0.0180463 0.0108812
vn -0.0201512 0 -0.0154625
vn 0.0201512 0 0.0154625
vn -0.0178255 0.00310858 -0.0178255
vn 0.0178255 -0.00310858 0.0178255
vn -0.0176054 0.0180272 0.0031985
vn 0.0176054 -0.0180272 -0.0031985
vn -0.0250183 0 0.00438694
vn 0.0250183 -0 -0.00438694
vn -0.024831 0.00310208 0.00435409
vn 0.024831 -0.00310208 -0.00435409
vn -0.0249856 0.00310208 0.00335491
vn 0.0249856 -0.00310208 -0.00335491
vn -0.024887 0.00310208 0.00402173
vn 0.024887 -0.00310208 -0.00402173
vn 0.0179605 0 0.0179605
vn -0.0179605 0 -0.0179605
vn -0.012639 0.0180463 -0.012639
vn 0.012639 -0.0180463 0.012639
vn -0.0153463 0.00310858 -0.0199997
vn 0.0153463 -0.00310858 0.0199997
vn -0.0176245 0.0180274 0.00309042
vn 0.0176245 -0.0180274 -0.00309042
vn -0.0250282 0.00310208 0.00302057
vn 0.0250282 -0.00310208 -0.00302057
vn -0.0249385 0.00310208 0.00368864
vn 0.0249385 -0.00310208 -0.00368864
vn 0.0253456 0 0.00166124
vn -0.0253456 0 -0.00166124
vn 0.0253992 0 -0.000197866
vn -0.0253992 0 0.000197866
vn -0.0250747 0 0.00405206
vn 0.0250747 -0 -0.00405206
vn -0.0154625 0 -0.0201512
vn 0.0154625 0 0.0201512
vn -0.0177342 0.0180274 0.00238122
vn 0.0177342 -0.0180274 -0.00238122
vn -0.025217 0 0.00304335
vn 0.025217 -0 -0.00304335
vn -0.0177008 0.0180274 0.0026181
vn 0.0177008 -0.0180274 -0.0026181
vn -0.0251741 0 0.00338021
vn 0.0251741 -0 -0.00338021
vn -0.0176642 0.0180274 0.00285453
vn 0.0176642 -0.0180274 -0.00285453
vn -0.0251266 0 0.00371645
vn 0.0251266 -0 -0.00371645
vn -0.0108812 0.0180463 -0.0141806
vn 0.0108812 -0.0180463 0.0141806
vn -0.0127 0 -0.021997
vn 0.0127 0 0.021997
vn -0.0250664 0.00310208 0.00268569
vn 0.0250664 -0.00310208 -0.00268569
vn -0.0177645 0.0180274 0.00214394
vn 0.0177645 -0.0180274 -0.00214394
vn -0.0252554 0 0.00270594
vn 0.0252554 -0 -0.00270594
vn -0.0126045 0.00310858 -0.0218317
vn 0.0126045 -0.00310858 0.0218317
vn -0.0251001 0.00310208 0.00235034
vn 0.0251001 -0.00310208 -0.00235034
vn -0.00893714 0.0180463 -0.0154796
vn 0.00893714 -0.0180463 0.0154796
vn -0.00972015 0 -0.0234666
vn 0.00972015 0 0.0234666
vn -0.0251539 0.00310208 0.00167841
vn 0.0251539 -0.00310208 -0.00167841
vn -0.0251292 0.00310208 0.00201455
vn 0.0251292 -0.00310208 -0.00201455
vn -0.0250257 -0.00426418 0.000831215
vn 0.0250257 0.00426418 -0.000831215
vn -0.0177916 0.0180274 0.00190624
vn 0.0177916 -0.0180274 -0.00190624
vn -0.0252894 0 0.00236804
vn 0.0252894 -0 -0.00236804
vn -0.0096471 0.00310858 -0.0232901
vn 0.0096471 -0.00310858 0.0232901
vn -0.0251741 0.00310208 0.00134196
vn 0.0251741 -0.00310208 -0.00134196
vn -0.0178155 0.0180274 0.00166822
vn 0.0178155 -0.0180274 -0.00166822
vn -0.0253188 0 0.00202974
vn 0.0253188 -0 -0.00202974
vn -0.0251898 0.00310208 0.00100528
vn 0.0251898 -0.00310208 -0.00100528
vn -0.00684019 0.0180463 -0.0165137
vn 0.00684019 -0.0180463 0.0165137
vn -0.006574 0 -0.0245345
vn 0.006574 0 0.0245345
vn -0.025364 0 0.00135209
vn 0.025364 -0 -0.00135209
vn -0.0178537 0.0180274 0.00119129
vn 0.0178537 -0.0180274 -0.00119129
vn -0.0178362 0.0180274 0.00142987
vn 0.0178362 -0.0180274 -0.00142987
vn -0.0253436 0 0.00169106
vn 0.0253436 -0 -0.00169106
vn -0.025386 0 0.000843204
vn 0.025386 -0 -0.000843204
vn -0.0178792 0.0180274 0.000713537
vn 0.0178792 -0.0180274 -0.000713537
vn 0.0249934 0 -0.00452646
vn -0.0249934 0 0.00452646
vn -0.00652457 0.00310858 -0.0243501
vn 0.00652457 -0.00310858 0.0243501
vn -0.017868 0.0180274 0.0009525
vn 0.017868 -0.0180274 -0.0009525
vn -0.0253798 0 0.00101288
vn 0.0253798 -0 -0.00101288
vn -0.0178837 0.0180272 0.000594004
vn 0.0178837 -0.0180272 -0.000594004
vn -0.0046262 0.0180463 -0.0172652
vn 0.0046262 -0.0180463 0.0172652
vn -0.00331536 0 -0.0251827
vn 0.00331536 0 0.0251827
vn 0.000843204 0 0.025386
vn -0.000843204 0 -0.025386
vn 0.0249884 0 -0.00455407
vn -0.0249884 0 0.00455407
vn -0.00329501 0.00310596 -0.0249931
vn 0.00329501 -0.00310596 0.0249931
vn 0.00334239 -6.1214e-06 0.0251791
vn -0.00334239 6.1214e-06 -0.0251791
vn -0.00234137 0.0180421 -0.0177246
vn 0.00234137 -0.0180421 0.0177246
vn -0.000831063 0 -0.0253864
vn 0.000831063 0 0.0253864
vn 0.025363 0 -0.00137076
vn -0.025363 0 0.00137076
vn 0.0109346 0.0162739 -0.016148
vn -0.0109346 -0.0162739 0.016148
vn 0.00171562 -1.22428e-05 0.025342
vn -0.00171562 1.22428e-05 -0.025342
vn 0.00636331 0.00300198 -0.0244061
vn -0.00636331 -0.00300198 0.0244061
vn 0.0253707 0 -0.00121984
vn -0.0253707 0 0.00121984
vn 0.000832917 4.46786e-05 -0.0253863
vn 3.7338e-06 3.45186e-05 -0.0254
vn -3.7338e-06 -3.45186e-05 0.0254
vn -0.000832917 -4.46786e-05 0.0253863
vn 2.9718e-06 0.0180213 -0.0178995
vn -2.9718e-06 -0.0180213 0.0178995
vn 0.0179605 -0.0179605 0
vn -0.0179605 0.0179605 0
vn 0 0 -0.0254
vn 0 0 0.0254
vn 0.00166124 0 0.0253456
vn -0.00166124 0 -0.0253456
vn 1.0668e-06 0.00644489 -0.0245688
vn -1.0668e-06 -0.00644489 0.0245688
vn 0.00331536 5.49148e-05 -0.0251827
vn -0.00331536 -5.49148e-05 0.0251827
vn 0.000831063 0 -0.0253864
vn -0.000831063 0 0.0253864
vn 0.000586791 0.018029 -0.0178821
vn -0.000586791 -0.018029 0.0178821
vn 0.000767918 0.0097663 -0.0234348
vn -0.000767918 -0.0097663 0.0234348
vn 0.00233307 0.0180463 -0.0177214
vn -0.00233307 -0.0180463 0.0177214
vn 0.00657398 5.49148e-05 -0.0245345
vn -0.00657398 -5.49148e-05 0.0245345
vn 0.00331536 0 -0.0251827
vn -0.00331536 0 0.0251827
vn -0.00166124 0 0.0253456
vn 0.00166124 -0 -0.0253456
vn 0.0046262 0.0180463 -0.0172652
vn 0.00305966 0.00978162 -0.0232404
vn -0.00305966 -0.00978162 0.0232404
vn -0.0046262 -0.0180463 0.0172652
vn -0.006574 0 0.0245345
vn 0.006574 -0 -0.0245345
vn -0.025363 0 -0.00137076
vn -0.0253707 0 -0.00121984
vn 0.0253707 0 0.00121984
vn 0.025363 0 0.00137076
vn 0.00972015 5.49148e-05 -0.0234665
vn -0.00972015 -5.49148e-05 0.0234665
vn 0.00684019 0.0180463 -0.0165137
vn 0.00606697 0.00978162 -0.0226422
vn -0.00606697 -0.00978162 0.0226422
vn -0.00684019 -0.0180463 0.0165137
vn 0.0127 5.49148e-05 -0.021997
vn -0.0127 -5.49148e-05 0.021997
vn 0.00897047 0.00978162 -0.0216566
vn -0.00897047 -0.00978162 0.0216566
vn -0.00972015 0 0.0234666
vn 0.00972015 -0 -0.0234666
vn -0.0253436 0 -0.00169106
vn 0.0253436 0 0.00169106
vn 0.0253868 3.3147e-05 0.000816839
vn 0.0253803 4.39674e-05 0.000999693
vn -0.0253803 -4.39674e-05 -0.000999693
vn -0.0253868 -3.3147e-05 -0.000816839
vn 0.0234379 0.00975881 0.000768375
vn 0.0178833 0.0180236 0.000704317
vn 0.017892 0.0180196 0.000575589
vn -0.017892 -0.0180196 -0.000575589
vn -0.0178833 -0.0180236 -0.000704317
vn -0.0234379 -0.00975881 -0.000768375
vn 0.00893714 0.0180463 -0.0154796
vn -0.00893714 -0.0180463 0.0154796
vn 0.0253798 0 0.00101288
vn 0.025386 0 0.000843204
vn -0.025386 0 -0.000843204
vn -0.0253798 0 -0.00101288
vn -0.0250747 0 -0.00405206
vn -0.0250183 0 -0.00438694
vn 0.0250183 0 0.00438694
vn 0.0250747 0 0.00405206
vn 0.0253639 5.47878e-05 0.00135209
vn -0.0253639 -5.47878e-05 -0.00135209
vn 0.0234309 0.0097615 0.000930021
vn 0.017868 0.0180274 0.0009525
vn -0.017868 -0.0180274 -0.0009525
vn -0.0234309 -0.0097615 -0.000930021
vn 0.0154625 5.49148e-05 -0.0201511
vn -0.0154625 -5.49148e-05 0.0201511
vn 0.0117205 0.00978162 -0.0203005
vn -0.0117205 -0.00978162 0.0203005
vn 0.0127 0 -0.021997
vn -0.0127 0 0.021997
vn -0.0253188 0 -0.00202974
vn 0.0253188 0 0.00202974
vn 0.025364 0 0.00135209
vn -0.025364 0 -0.00135209
vn -0.0251266 0 -0.00371645
vn 0.0251266 0 0.00371645
vn -0.0249884 0 -0.00455407
vn 0.0249884 0 0.00455407
vn 0.0253436 5.47878e-05 0.00169106
vn -0.0253436 -5.47878e-05 -0.00169106
vn 0.0234151 0.00976396 0.00124821
vn 0.0178537 0.0180274 0.00119129
vn -0.0178537 -0.0180274 -0.00119129
vn -0.0234151 -0.00976396 -0.00124821
vn 0.0108812 0.0180463 -0.0141806
vn -0.0108812 -0.0180463 0.0141806
vn -0.0252894 0 -0.00236804
vn 0.0252894 0 0.00236804
vn -0.0251741 0 -0.00338021
vn 0.0251741 0 0.00338021
vn 0.0253187 5.47878e-05 0.00202974
vn -0.0253187 -5.47878e-05 -0.00202974
vn 0.0233963 0.00976396 0.00156113
vn 0.0178362 0.0180274 0.00142987
vn -0.0178362 -0.0180274 -0.00142987
vn -0.0233963 -0.00976396 -0.00156113
vn 0.0252554 5.47878e-05 0.00270594
vn 0.025217 5.47878e-05 0.00304333
vn -0.025217 -5.47878e-05 -0.00304333
vn -0.0252554 -5.47878e-05 -0.00270594
vn 0.0233149 0.00976396 0.00249801
vn 0.0177645 0.0180274 0.00214394
vn 0.0177916 0.0180274 0.00190624
vn -0.0177916 -0.0180274 -0.00190624
vn -0.0177645 -0.0180274 -0.00214394
vn -0.0233149 -0.00976396 -0.00249801
vn 0.0252893 5.47878e-05 0.00236804
vn -0.0252893 -5.47878e-05 -0.00236804
vn 0.0233462 0.00976396 0.0021861
vn 0.0178155 0.0180274 0.00166822
vn -0.0178155 -0.0180274 -0.00166822
vn -0.0233462 -0.00976396 -0.0021861
vn 0.0179605 5.49148e-05 -0.0179605
vn -0.0179605 -5.49148e-05 0.0179605
vn 0.01427 0.00978162 -0.018597
vn -0.01427 -0.00978162 0.018597
vn 0.0154625 0 -0.0201512
vn -0.0154625 0 0.0201512
vn -0.0252554 0 -0.00270594
vn 0.0252554 0 0.00270594
vn -0.025217 0 -0.00304335
vn 0.025217 0 0.00304335
vn -0.0250279 0 -0.00433161
vn -0.0249934 0 -0.00452646
vn 0.0249934 0 0.00452646
vn 0.0250279 0 0.00433161
vn 0.0233734 0.00976396 0.00187378
vn -0.0233734 -0.00976396 -0.00187378
vn 0.025174 5.47878e-05 0.00338021
vn -0.025174 -5.47878e-05 -0.00338021
vn 0.0232794 0.00976396 0.00280949
vn 0.0177342 0.0180274 0.00238122
vn -0.0177342 -0.0180274 -0.00238122
vn -0.0232794 -0.00976396 -0.00280949
vn 0.012639 0.0180463 -0.012639
vn -0.012639 -0.0180463 0.012639
vn -0.0179605 0 0.0179605
vn 0.0179605 -0 -0.0179605
vn 0.0251266 5.47878e-05 0.00371645
vn -0.0251266 -5.47878e-05 -0.00371645
vn 0.0232398 0.00976396 0.00312049
vn 0.0177008 0.0180274 0.0026181
vn -0.0177008 -0.0180274 -0.0026181
vn -0.0232398 -0.00976396 -0.00312049
vn 0.0250747 5.47878e-05 0.00405204
vn -0.0250747 -5.47878e-05 -0.00405204
vn 0.023196 0.00976396 0.00343091
vn 0.0176642 0.0180274 0.00285453
vn -0.0176642 -0.0180274 -0.00285453
vn -0.023196 -0.00976396 -0.00343091
vn 0.0201511 5.49148e-05 -0.0154625
vn -0.0201511 -5.49148e-05 0.0154625
vn 0.0165753 0.00978162 -0.0165753
vn -0.0165753 -0.00978162 0.0165753
vn -0.0201512 0 0.0154625
vn 0.0201512 -0 -0.0154625
vn -0.0250924 0 -0.00394119
vn 0.0250924 0 0.00394119
vn 0.0250182 5.47878e-05 0.00438691
vn -0.0250182 -5.47878e-05 -0.00438691
vn 0.023148 0.00976396 0.00374071
vn 0.0176245 0.0180274 0.00309042
vn -0.0176245 -0.0180274 -0.00309042
vn -0.023148 -0.00976396 -0.00374071
vn 0.0141806 0.0180463 -0.0108812
vn -0.0141806 -0.0180463 0.0108812
vn 0.0249909 5.47878e-05 0.00454025
vn -0.0249909 -5.47878e-05 -0.00454025
vn 0.023096 0.00976396 0.00404985
vn 0.0176054 0.0180272 0.0031985
vn -0.0176054 -0.0180272 -0.0031985
vn -0.023096 -0.00976396 -0.00404985
vn 0.0250279 5.47878e-05 0.00433161
vn -0.0250279 -5.47878e-05 -0.00433161
vn 0.0230708 0.00976378 0.00419141
vn 0.0176312 0.0180274 0.00305145
vn -0.0176312 -0.0180274 -0.00305145
vn -0.0230708 -0.00976378 -0.00419141
vn 0.021997 5.49148e-05 -0.0127
vn -0.021997 -5.49148e-05 0.0127
vn 0.018597 0.00978162 -0.01427
vn -0.018597 -0.00978162 0.01427
vn -0.021997 0 0.0127
vn 0.021997 -0 -0.0127
vn -0.0251507 0 -0.0035498
vn 0.0251507 0 0.0035498
vn 0.0250923 5.47878e-05 0.00394119
vn -0.0250923 -5.47878e-05 -0.00394119
vn 0.0231048 0.00976404 0.0039988
vn -0.0231048 -0.00976404 -0.0039988
vn 0.0154796 0.0180463 -0.00893714
vn -0.0154796 -0.0180463 0.00893714
vn -0.0234666 0 0.00972015
vn 0.0234666 -0 -0.00972015
vn 0.0249909 0 0.00454025
vn -0.0249909 0 -0.00454025
vn 0.0176766 0.0180274 0.00277642
vn -0.0176766 -0.0180274 -0.00277642
vn 0.0234665 5.49148e-05 -0.00972015
vn -0.0234665 -5.49148e-05 0.00972015
vn 0.0203005 0.00978162 -0.0117205
vn -0.0203005 -0.00978162 0.0117205
vn -0.0245345 0 0.006574
vn 0.0245345 -0 -0.006574
vn -0.025203 0 -0.00315755
vn 0.025203 0 0.00315755
vn 0.0251507 5.47878e-05 0.0035498
vn -0.0251507 -5.47878e-05 -0.0035498
vn 0.0231643 0.00976404 0.00363837
vn 0.0177177 0.0180274 0.00250071
vn -0.0177177 -0.0180274 -0.00250071
vn -0.0231643 -0.00976404 -0.00363837
vn 0.0165137 0.0180463 -0.00684019
vn -0.0165137 -0.0180463 0.00684019
vn -0.0251827 0 0.00331536
vn 0.0251827 -0 -0.00331536
vn -0.0252491 0 -0.00276454
vn 0.0252491 0 0.00276454
vn -0.0252891 0 -0.00237086
vn -0.025323 0 -0.0019766
vn 0.025323 0 0.0019766
vn 0.0252891 0 0.00237086
vn 0.0252029 5.47878e-05 0.00315755
vn -0.0252029 -5.47878e-05 -0.00315755
vn 0.0232182 0.00976404 0.00327706
vn -0.0232182 -0.00976404 -0.00327706
vn 0.0177545 0.0180274 0.00222438
vn -0.0177545 -0.0180274 -0.00222438
vn 0.0245345 5.49148e-05 -0.00657398
vn -0.0245345 -5.49148e-05 0.00657398
vn 0.0216566 0.00978162 -0.00897047
vn -0.0216566 -0.00978162 0.00897047
vn -0.0253456 0 0.00166124
vn 0.0253456 -0 -0.00166124
vn -0.0253507 0 -0.00158186
vn -0.0253723 0 -0.00118671
vn 0.0253723 0 0.00118671
vn 0.0253507 0 0.00158186
vn 0.025249 5.47878e-05 0.00276454
vn -0.025249 -5.47878e-05 -0.00276454
vn 0.0232664 0.00976404 0.00291493
vn 0.017787 0.0180274 0.00194752
vn -0.017787 -0.0180274 -0.00194752
vn -0.0232664 -0.00976404 -0.00291493
vn 0.0172652 0.0180463 -0.0046262
vn -0.0172652 -0.0180463 0.0046262
vn -0.0253969 0 -0.000395707
vn -0.0253992 0 -0.000197866
vn 0.0253992 0 0.000197866
vn 0.0253969 0 0.000395707
vn -0.0253877 0 -0.000791312
vn 0.0253877 0 0.000791312
vn 0.0252891 5.47878e-05 0.00237084
vn -0.0252891 -5.47878e-05 -0.00237084
vn 0.023309 0.00976404 0.00255212
vn -0.023309 -0.00976404 -0.00255212
vn 0.0178152 0.0180274 0.00167018
vn -0.0178152 -0.0180274 -0.00167018
vn 0.0251827 5.49148e-05 -0.00331536
vn -0.0251827 -5.49148e-05 0.00331536
vn 0.0226422 0.00978162 -0.00606697
vn -0.0226422 -0.00978162 0.00606697
vn 0.0253229 5.47878e-05 0.00197658
vn -0.0253229 -5.47878e-05 -0.00197658
vn 0.023346 0.00976404 0.00218869
vn -0.023346 -0.00976404 -0.00218869
vn 0.0177214 0.0180463 -0.00233307
vn -0.0177214 -0.0180463 0.00233307
vn 0.0178391 0.0180274 0.00139243
vn -0.0178391 -0.0180274 -0.00139243
vn 0.0253506 5.47878e-05 0.00158184
vn -0.0253506 -5.47878e-05 -0.00158184
vn 0.0233772 0.00976404 0.00182471
vn 0.0178586 0.0180274 0.00111435
vn -0.0178586 -0.0180274 -0.00111435
vn -0.0233772 -0.00976404 -0.00182471
vn 0.0253894 5.48386e-05 -0.00073218
vn -0.0253894 -5.48386e-05 0.00073218
vn 0.0232404 0.00978162 -0.00305966
vn -0.0232404 -0.00978162 0.00305966
vn 0.0253722 5.47878e-05 0.00118671
vn -0.0253722 -5.47878e-05 -0.00118671
vn 0.0234028 0.00976404 0.0014603
vn 0.0178738 0.0180274 0.00083599
vn -0.0178738 -0.0180274 -0.00083599
vn -0.0234028 -0.00976404 -0.0014603
vn 0.0178801 0.0180332 -0.00051562
vn -0.0178801 -0.0180332 0.00051562
vn 0.0253876 5.47878e-05 0.000791312
vn -0.0253876 -5.47878e-05 -0.000791312
vn 0.0234227 0.00976404 0.00109553
vn -0.0234227 -0.00976404 -0.00109553
vn 0.0178846 0.0180274 0.000557454
vn -0.0178846 -0.0180274 -0.000557454
vn 0.0253968 5.47878e-05 0.000395707
vn -0.0253968 -5.47878e-05 -0.000395707
vn 0.0234364 0.00976935 -0.000675869
vn -0.0234364 -0.00976935 0.000675869
vn 0.0234369 0.00976404 0.000730504
vn 0.0178911 0.0180274 0.000278765
vn -0.0178911 -0.0180274 -0.000278765
vn -0.0234369 -0.00976404 -0.000730504
vn 0.0234455 0.00976404 0.000365303
vn -0.0234455 -0.00976404 -0.000365303
vn 0.0253894 0 -0.00073218
vn -0.0253894 0 0.00073218
vn 0 0.00376224 -0.00926529
vn 0 -0.00376224 0.00926529
vn 0 3.437e-05 -0.00999994
vn 0 -3.437e-05 0.00999994
vn 0 0.00881016 -0.00473087
vn 0 0.008305 -0.00557019
vn 0 -0.00881016 0.00473087
vn 0 -0.008305 0.00557019
vn 0 0.0070612 -0.00708092
vn 0 -0.0070612 0.00708092
vn 0 0.00998004 -0.0006315
vn 0 4.516e-05 -0.0099999
vn 0 -4.516e-05 0.0099999
vn 0 -0.00998004 0.0006315
vn 0 -0.008305 -0.00557019
vn 0 -0.00881016 -0.00473087
vn 0 0.008305 0.00557019
vn 0 0.00881016 0.00473087
vn 0 0.005547 -0.0083205
vn 0 -0.005547 0.0083205
vn 0 -0.0070612 -0.00708092
vn 0 0.0070612 0.00708092
vn 0 0.00382039 -0.00924146
vn 0 -0.00382039 0.00924146
vn 0 -0.005547 -0.0083205
vn 0 0.005547 0.0083205
vn 0 0.00194748 -0.00980853
vn 0 -0.00194748 0.00980853
vn 0 -0.00382039 -0.00924146
vn 0 0.00382039 0.00924146
vn 0 -0.00194748 -0.00980853
vn 0 0.00194748 0.00980853

# Mesh 'mesh1_mesh1-geometry' with 40 faces
g mesh1_mesh1-geometry
# usemtl material_0_24
f  1//1 2//1 3//1
f  2//1 1//1 4//1
f  3//2 2//2 1//2
f  4//2 1//2 2//2
f  2//3 5//3 3//3
f  3//4 5//4 2//4
f  5//5 1//5 3//5
f  3//6 1//6 5//6
f  1//3 6//3 4//3
f  4//4 6//4 1//4
f  4//6 7//6 2//6
f  2//5 7//5 4//5
f  5//3 2//3 8//3
f  8//4 2//4 5//4
f  9//5 1//5 5//5
f  5//6 1//6 9//6
f  6//3 1//3 10//3
f  10//4 1//4 6//4
f  6//6 7//6 4//6
f  4//5 7//5 6//5
f  2//6 7//6 8//6
f  8//5 7//5 2//5
f  7//2 5//2 8//2
f  8//1 5//1 7//1
f  11//5 1//5 9//5
f  9//6 1//6 11//6
f  5//2 7//2 9//2
f  9//1 7//1 5//1
f  1//5 11//5 10//5
f  10//6 11//6 1//6
f  11//1 6//1 10//1
f  10//2 6//2 11//2
f  7//6 6//6 12//6
f  12//5 6//5 7//5
f  7//4 11//4 9//4
f  9//3 11//3 7//3
f  6//1 11//1 12//1
f  12//2 11//2 6//2
f  11//4 7//4 12//4
f  12//3 7//3 11//3

# Mesh 'mesh2_mesh2-geometry' with 18 faces
g mesh2_mesh2-geometry
# usemtl material_0_0
l  4 6
l  4 1
l  2 4
l  6 12
l  6 10
l  1 10
l  3 1
l  2 8
l  3 2
l  12 7
l  11 12
l  10 11
l  5 3
l  8 7
l  8 5
l  7 9
l  9 11
l  5 9

# Mesh 'mesh3_mesh3-geometry' with 16 faces
g mesh3_mesh3-geometry
# usemtl material_1_24
f  13//2 14//2 15//2
f  14//2 13//2 16//2
f  14//3 17//3 15//3
f  15//6 18//6 13//6
f  13//4 19//4 16//4
f  19//5 14//5 16//5
f  17//3 14//3 20//3
f  17//6 18//6 15//6
f  19//4 13//4 18//4
f  21//5 14//5 19//5
f  14//5 21//5 20//5
f  21//1 17//1 20//1
f  18//6 17//6 22//6
f  22//7 19//7 18//7
f  19//7 22//7 21//7
f  17//1 21//1 22//1

# Mesh 'mesh3_mesh3-geometry' with 16 faces
g mesh3_mesh3-geometry
# usemtl material_0_24
f  15//1 14//1 13//1
f  16//1 13//1 14//1
f  15//4 17//4 14//4
f  13//5 18//5 15//5
f  16//3 19//3 13//3
f  16//6 14//6 19//6
f  20//4 14//4 17//4
f  15//5 18//5 17//5
f  18//3 13//3 19//3
f  19//6 14//6 21//6
f  20//6 21//6 14//6
f  20//2 17//2 21//2
f  22//5 17//5 18//5
f  18//8 19//8 22//8
f  21//8 22//8 19//8
f  22//2 21//2 17//2

# Mesh 'mesh3_mesh3-geometry' with 16 faces
g mesh3_mesh3-geometry
# usemtl material_1_24
f  23//2 24//2 25//2
f  24//2 23//2 26//2
f  24//3 27//3 25//3
f  25//6 28//6 23//6
f  23//4 29//4 26//4
f  29//5 24//5 26//5
f  27//3 24//3 30//3
f  27//6 28//6 25//6
f  29//4 23//4 28//4
f  31//5 24//5 29//5
f  24//5 31//5 30//5
f  31//1 27//1 30//1
f  28//6 27//6 32//6
f  32//7 29//7 28//7
f  29//7 32//7 31//7
f  27//1 31//1 32//1

# Mesh 'mesh3_mesh3-geometry' with 16 faces
g mesh3_mesh3-geometry
# usemtl material_0_24
f  25//1 24//1 23//1
f  26//1 23//1 24//1
f  25//4 27//4 24//4
f  23//5 28//5 25//5
f  26//3 29//3 23//3
f  26//6 24//6 29//6
f  30//4 24//4 27//4
f  25//5 28//5 27//5
f  28//3 23//3 29//3
f  29//6 24//6 31//6
f  30//6 31//6 24//6
f  30//2 27//2 31//2
f  32//5 27//5 28//5
f  28//8 29//8 32//8
f  31//8 32//8 29//8
f  32//2 31//2 27//2

# Mesh 'mesh1_mesh1-geometry' with 40 faces
g mesh1_mesh1-geometry
# usemtl material_0_24
f  33//1 34//1 35//1
f  34//1 33//1 36//1
f  35//2 34//2 33//2
f  36//2 33//2 34//2
f  34//3 37//3 35//3
f  35//4 37//4 34//4
f  37//5 33//5 35//5
f  35//6 33//6 37//6
f  33//3 38//3 36//3
f  36//4 38//4 33//4
f  36//6 39//6 34//6
f  34//5 39//5 36//5
f  37//3 34//3 40//3
f  40//4 34//4 37//4
f  41//5 33//5 37//5
f  37//6 33//6 41//6
f  38//3 33//3 42//3
f  42//4 33//4 38//4
f  38//6 39//6 36//6
f  36//5 39//5 38//5
f  34//6 39//6 40//6
f  40//5 39//5 34//5
f  39//2 37//2 40//2
f  40//1 37//1 39//1
f  43//5 33//5 41//5
f  41//6 33//6 43//6
f  37//2 39//2 41//2
f  41//1 39//1 37//1
f  33//5 43//5 42//5
f  42//6 43//6 33//6
f  43//1 38//1 42//1
f  42//2 38//2 43//2
f  39//6 38//6 44//6
f  44//5 38//5 39//5
f  39//4 43//4 41//4
f  41//3 43//3 39//3
f  38//1 43//1 44//1
f  44//2 43//2 38//2
f  43//4 39//4 44//4
f  44//3 39//3 43//3

# Mesh 'mesh2_mesh2-geometry' with 18 faces
g mesh2_mesh2-geometry
# usemtl material_0_0
l  36 38
l  36 33
l  34 36
l  38 44
l  38 42
l  33 42
l  35 33
l  34 40
l  35 34
l  44 39
l  43 44
l  42 43
l  37 35
l  40 39
l  40 37
l  39 41
l  41 43
l  37 41

# Mesh 'mesh1_mesh1-geometry' with 40 faces
g mesh1_mesh1-geometry
# usemtl material_0_24
f  45//1 46//1 47//1
f  46//1 45//1 48//1
f  47//2 46//2 45//2
f  48//2 45//2 46//2
f  46//3 49//3 47//3
f  47//4 49//4 46//4
f  49//5 45//5 47//5
f  47//6 45//6 49//6
f  45//3 50//3 48//3
f  48//4 50//4 45//4
f  48//6 51//6 46//6
f  46//5 51//5 48//5
f  49//3 46//3 52//3
f  52//4 46//4 49//4
f  53//5 45//5 49//5
f  49//6 45//6 53//6
f  50//3 45//3 54//3
f  54//4 45//4 50//4
f  50//6 51//6 48//6
f  48//5 51//5 50//5
f  46//6 51//6 52//6
f  52//5 51//5 46//5
f  51//2 49//2 52//2
f  52//1 49//1 51//1
f  55//5 45//5 53//5
f  53//6 45//6 55//6
f  49//2 51//2 53//2
f  53//1 51//1 49//1
f  45//5 55//5 54//5
f  54//6 55//6 45//6
f  55//1 50//1 54//1
f  54//2 50//2 55//2
f  51//6 50//6 56//6
f  56//5 50//5 51//5
f  51//4 55//4 53//4
f  53//3 55//3 51//3
f  50//1 55//1 56//1
f  56//2 55//2 50//2
f  55//4 51//4 56//4
f  56//3 51//3 55//3

# Mesh 'mesh2_mesh2-geometry' with 18 faces
g mesh2_mesh2-geometry
# usemtl material_0_0
l  48 50
l  48 45
l  46 48
l  50 56
l  50 54
l  45 54
l  47 45
l  46 52
l  47 46
l  56 51
l  55 56
l  54 55
l  49 47
l  52 51
l  52 49
l  51 53
l  53 55
l  49 53

# Mesh 'mesh3_mesh3-geometry' with 16 faces
g mesh3_mesh3-geometry
# usemtl material_1_24
f  57//2 58//2 59//2
f  58//2 57//2 60//2
f  58//3 61//3 59//3
f  59//6 62//6 57//6
f  57//4 63//4 60//4
f  63//5 58//5 60//5
f  61//3 58//3 64//3
f  61//6 62//6 59//6
f  63//4 57//4 62//4
f  65//5 58//5 63//5
f  58//5 65//5 64//5
f  65//1 61//1 64//1
f  62//6 61//6 66//6
f  66//7 63//7 62//7
f  63//7 66//7 65//7
f  61//1 65//1 66//1

# Mesh 'mesh3_mesh3-geometry' with 16 faces
g mesh3_mesh3-geometry
# usemtl material_0_24
f  59//1 58//1 57//1
f  60//1 57//1 58//1
f  59//4 61//4 58//4
f  57//5 62//5 59//5
f  60//3 63//3 57//3
f  60//6 58//6 63//6
f  64//4 58//4 61//4
f  59//5 62//5 61//5
f  62//3 57//3 63//3
f  63//6 58//6 65//6
f  64//6 65//6 58//6
f  64//2 61//2 65//2
f  66//5 61//5 62//5
f  62//8 63//8 66//8
f  65//8 66//8 63//8
f  66//2 65//2 61//2

# Mesh 'mesh1_mesh1-geometry' with 40 faces
g mesh1_mesh1-geometry
# usemtl material_0_24
f  4//1 67//1 2//1
f  67//1 4//1 68//1
f  2//2 67//2 4//2
f  68//2 4//2 67//2
f  67//3 8//3 2//3
f  2//4 8//4 67//4
f  8//5 4//5 2//5
f  2//6 4//6 8//6
f  4//3 69//3 68//3
f  68//4 69//4 4//4
f  68//6 70//6 67//6
f  67//5 70//5 68//5
f  8//3 67//3 71//3
f  71//4 67//4 8//4
f  7//5 4//5 8//5
f  8//6 4//6 7//6
f  69//3 4//3 6//3
f  6//4 4//4 69//4
f  69//6 70//6 68//6
f  68//5 70//5 69//5
f  67//6 70//6 71//6
f  71//5 70//5 67//5
f  70//2 8//2 71//2
f  71//1 8//1 70//1
f  12//5 4//5 7//5
f  7//6 4//6 12//6
f  8//2 70//2 7//2
f  7//1 70//1 8//1
f  4//5 12//5 6//5
f  6//6 12//6 4//6
f  12//1 69//1 6//1
f  6//2 69//2 12//2
f  70//6 69//6 72//6
f  72//5 69//5 70//5
f  70//4 12//4 7//4
f  7//3 12//3 70//3
f  69//1 12//1 72//1
f  72//2 12//2 69//2
f  12//4 70//4 72//4
f  72//3 70//3 12//3

# Mesh 'mesh2_mesh2-geometry' with 18 faces
g mesh2_mesh2-geometry
# usemtl material_0_0
l  68 69
l  68 4
l  67 68
l  69 72
l  69 6
l  4 6
l  2 4
l  67 71
l  2 67
l  72 70
l  12 72
l  6 12
l  8 2
l  71 70
l  71 8
l  70 7
l  7 12
l  8 7

# Mesh 'mesh3_mesh3-geometry' with 16 faces
g mesh3_mesh3-geometry
# usemtl material_1_24
f  73//2 74//2 75//2
f  74//2 73//2 76//2
f  74//3 77//3 75//3
f  75//6 78//6 73//6
f  73//4 79//4 76//4
f  79//5 74//5 76//5
f  77//3 74//3 80//3
f  77//6 78//6 75//6
f  79//4 73//4 78//4
f  81//5 74//5 79//5
f  74//5 81//5 80//5
f  81//1 77//1 80//1
f  78//6 77//6 82//6
f  82//7 79//7 78//7
f  79//7 82//7 81//7
f  77//1 81//1 82//1

# Mesh 'mesh3_mesh3-geometry' with 16 faces
g mesh3_mesh3-geometry
# usemtl material_0_24
f  75//1 74//1 73//1
f  76//1 73//1 74//1
f  75//4 77//4 74//4
f  73//5 78//5 75//5
f  76//3 79//3 73//3
f  76//6 74//6 79//6
f  80//4 74//4 77//4
f  75//5 78//5 77//5
f  78//3 73//3 79//3
f  79//6 74//6 81//6
f  80//6 81//6 74//6
f  80//2 77//2 81//2
f  82//5 77//5 78//5
f  78//8 79//8 82//8
f  81//8 82//8 79//8
f  82//2 81//2 77//2

# Mesh 'mesh1_mesh1-geometry' with 40 faces
g mesh1_mesh1-geometry
# usemtl material_0_24
f  36//1 83//1 34//1
f  83//1 36//1 84//1
f  34//2 83//2 36//2
f  84//2 36//2 83//2
f  83//3 40//3 34//3
f  34//4 40//4 83//4
f  40//5 36//5 34//5
f  34//6 36//6 40//6
f  36//3 85//3 84//3
f  84//4 85//4 36//4
f  84//6 86//6 83//6
f  83//5 86//5 84//5
f  40//3 83//3 87//3
f  87//4 83//4 40//4
f  39//5 36//5 40//5
f  40//6 36//6 39//6
f  85//3 36//3 38//3
f  38//4 36//4 85//4
f  85//6 86//6 84//6
f  84//5 86//5 85//5
f  83//6 86//6 87//6
f  87//5 86//5 83//5
f  86//2 40//2 87//2
f  87//1 40//1 86//1
f  44//5 36//5 39//5
f  39//6 36//6 44//6
f  40//2 86//2 39//2
f  39//1 86//1 40//1
f  36//5 44//5 38//5
f  38//6 44//6 36//6
f  44//1 85//1 38//1
f  38//2 85//2 44//2
f  86//6 85//6 88//6
f  88//5 85//5 86//5
f  86//4 44//4 39//4
f  39//3 44//3 86//3
f  85//1 44//1 88//1
f  88//2 44//2 85//2
f  44//4 86//4 88//4
f  88//3 86//3 44//3

# Mesh 'mesh2_mesh2-geometry' with 18 faces
g mesh2_mesh2-geometry
# usemtl material_0_0
l  84 85
l  84 36
l  83 84
l  85 88
l  85 38
l  36 38
l  34 36
l  83 87
l  34 83
l  88 86
l  44 88
l  38 44
l  40 34
l  87 86
l  87 40
l  86 39
l  39 44
l  40 39

# Mesh 'mesh1_mesh1-geometry' with 40 faces
g mesh1_mesh1-geometry
# usemtl material_0_24
f  84//1 89//1 83//1
f  89//1 84//1 90//1
f  83//2 89//2 84//2
f  90//2 84//2 89//2
f  89//3 87//3 83//3
f  83//4 87//4 89//4
f  87//5 84//5 83//5
f  83//6 84//6 87//6
f  84//3 91//3 90//3
f  90//4 91//4 84//4
f  90//6 92//6 89//6
f  89//5 92//5 90//5
f  87//3 89//3 93//3
f  93//4 89//4 87//4
f  86//5 84//5 87//5
f  87//6 84//6 86//6
f  91//3 84//3 85//3
f  85//4 84//4 91//4
f  91//6 92//6 90//6
f  90//5 92//5 91//5
f  89//6 92//6 93//6
f  93//5 92//5 89//5
f  92//2 87//2 93//2
f  93//1 87//1 92//1
f  88//5 84//5 86//5
f  86//6 84//6 88//6
f  87//2 92//2 86//2
f  86//1 92//1 87//1
f  84//5 88//5 85//5
f  85//6 88//6 84//6
f  88//1 91//1 85//1
f  85//2 91//2 88//2
f  92//6 91//6 94//6
f  94//5 91//5 92//5
f  92//4 88//4 86//4
f  86//3 88//3 92//3
f  91//1 88//1 94//1
f  94//2 88//2 91//2
f  88//4 92//4 94//4
f  94//3 92//3 88//3

# Mesh 'mesh2_mesh2-geometry' with 18 faces
g mesh2_mesh2-geometry
# usemtl material_0_0
l  90 91
l  90 84
l  89 90
l  91 94
l  91 85
l  84 85
l  83 84
l  89 93
l  83 89
l  94 92
l  88 94
l  85 88
l  87 83
l  93 92
l  93 87
l  92 86
l  86 88
l  87 86

# Mesh 'mesh1_mesh1-geometry' with 40 faces
g mesh1_mesh1-geometry
# usemtl material_0_24
f  95//1 96//1 97//1
f  96//1 95//1 98//1
f  97//2 96//2 95//2
f  98//2 95//2 96//2
f  96//3 99//3 97//3
f  97//4 99//4 96//4
f  99//5 95//5 97//5
f  97//6 95//6 99//6
f  95//3 100//3 98//3
f  98//4 100//4 95//4
f  98//6 101//6 96//6
f  96//5 101//5 98//5
f  99//3 96//3 102//3
f  102//4 96//4 99//4
f  103//5 95//5 99//5
f  99//6 95//6 103//6
f  100//3 95//3 104//3
f  104//4 95//4 100//4
f  100//6 101//6 98//6
f  98//5 101//5 100//5
f  96//6 101//6 102//6
f  102//5 101//5 96//5
f  101//2 99//2 102//2
f  102//1 99//1 101//1
f  105//5 95//5 103//5
f  103//6 95//6 105//6
f  99//2 101//2 103//2
f  103//1 101//1 99//1
f  95//5 105//5 104//5
f  104//6 105//6 95//6
f  105//1 100//1 104//1
f  104//2 100//2 105//2
f  101//6 100//6 106//6
f  106//5 100//5 101//5
f  101//4 105//4 103//4
f  103//3 105//3 101//3
f  100//1 105//1 106//1
f  106//2 105//2 100//2
f  105//4 101//4 106//4
f  106//3 101//3 105//3

# Mesh 'mesh2_mesh2-geometry' with 18 faces
g mesh2_mesh2-geometry
# usemtl material_0_0
l  98 100
l  98 95
l  96 98
l  100 106
l  100 104
l  95 104
l  97 95
l  96 102
l  97 96
l  106 101
l  105 106
l  104 105
l  99 97
l  102 101
l  102 99
l  101 103
l  103 105
l  99 103

# Mesh 'mesh3_mesh3-geometry' with 16 faces
g mesh3_mesh3-geometry
# usemtl material_1_24
f  107//2 108//2 109//2
f  108//2 107//2 110//2
f  108//3 111//3 109//3
f  109//6 112//6 107//6
f  107//4 113//4 110//4
f  113//5 108//5 110//5
f  111//3 108//3 114//3
f  111//6 112//6 109//6
f  113//4 107//4 112//4
f  115//5 108//5 113//5
f  108//5 115//5 114//5
f  115//1 111//1 114//1
f  112//6 111//6 116//6
f  116//7 113//7 112//7
f  113//7 116//7 115//7
f  111//1 115//1 116//1

# Mesh 'mesh3_mesh3-geometry' with 16 faces
g mesh3_mesh3-geometry
# usemtl material_0_24
f  109//1 108//1 107//1
f  110//1 107//1 108//1
f  109//4 111//4 108//4
f  107//5 112//5 109//5
f  110//3 113//3 107//3
f  110//6 108//6 113//6
f  114//4 108//4 111//4
f  109//5 112//5 111//5
f  112//3 107//3 113//3
f  113//6 108//6 115//6
f  114//6 115//6 108//6
f  114//2 111//2 115//2
f  116//5 111//5 112//5
f  112//8 113//8 116//8
f  115//8 116//8 113//8
f  116//2 115//2 111//2

# Mesh 'mesh3_mesh3-geometry' with 16 faces
g mesh3_mesh3-geometry
# usemtl material_1_24
f  117//2 118//2 119//2
f  118//2 117//2 120//2
f  118//3 121//3 119//3
f  119//6 122//6 117//6
f  117//4 123//4 120//4
f  123//5 118//5 120//5
f  121//3 118//3 124//3
f  121//6 122//6 119//6
f  123//4 117//4 122//4
f  125//5 118//5 123//5
f  118//5 125//5 124//5
f  125//1 121//1 124//1
f  122//6 121//6 126//6
f  126//7 123//7 122//7
f  123//7 126//7 125//7
f  121//1 125//1 126//1

# Mesh 'mesh3_mesh3-geometry' with 16 faces
g mesh3_mesh3-geometry
# usemtl material_0_24
f  119//1 118//1 117//1
f  120//1 117//1 118//1
f  119//4 121//4 118//4
f  117//5 122//5 119//5
f  120//3 123//3 117//3
f  120//6 118//6 123//6
f  124//4 118//4 121//4
f  119//5 122//5 121//5
f  122//3 117//3 123//3
f  123//6 118//6 125//6
f  124//6 125//6 118//6
f  124//2 121//2 125//2
f  126//5 121//5 122//5
f  122//8 123//8 126//8
f  125//8 126//8 123//8
f  126//2 125//2 121//2

# Mesh 'mesh1_mesh1-geometry' with 40 faces
g mesh1_mesh1-geometry
# usemtl material_0_24
f  127//1 128//1 129//1
f  128//1 127//1 130//1
f  129//2 128//2 127//2
f  130//2 127//2 128//2
f  128//3 131//3 129//3
f  129//4 131//4 128//4
f  131//5 127//5 129//5
f  129//6 127//6 131//6
f  127//3 132//3 130//3
f  130//4 132//4 127//4
f  130//6 133//6 128//6
f  128//5 133//5 130//5
f  131//3 128//3 134//3
f  134//4 128//4 131//4
f  135//5 127//5 131//5
f  131//6 127//6 135//6
f  132//3 127//3 136//3
f  136//4 127//4 132//4
f  132//6 133//6 130//6
f  130//5 133//5 132//5
f  128//6 133//6 134//6
f  134//5 133//5 128//5
f  133//2 131//2 134//2
f  134//1 131//1 133//1
f  137//5 127//5 135//5
f  135//6 127//6 137//6
f  131//2 133//2 135//2
f  135//1 133//1 131//1
f  127//5 137//5 136//5
f  136//6 137//6 127//6
f  137//1 132//1 136//1
f  136//2 132//2 137//2
f  133//6 132//6 138//6
f  138//5 132//5 133//5
f  133//4 137//4 135//4
f  135//3 137//3 133//3
f  132//1 137//1 138//1
f  138//2 137//2 132//2
f  137//4 133//4 138//4
f  138//3 133//3 137//3

# Mesh 'mesh2_mesh2-geometry' with 18 faces
g mesh2_mesh2-geometry
# usemtl material_0_0
l  130 132
l  130 127
l  128 130
l  132 138
l  132 136
l  127 136
l  129 127
l  128 134
l  129 128
l  138 133
l  137 138
l  136 137
l  131 129
l  134 133
l  134 131
l  133 135
l  135 137
l  131 135

# Mesh 'mesh3_mesh3-geometry' with 16 faces
g mesh3_mesh3-geometry
# usemtl material_1_24
f  139//2 140//2 141//2
f  140//2 139//2 142//2
f  140//3 143//3 141//3
f  141//6 144//6 139//6
f  139//4 145//4 142//4
f  145//5 140//5 142//5
f  143//3 140//3 146//3
f  143//6 144//6 141//6
f  145//4 139//4 144//4
f  147//5 140//5 145//5
f  140//5 147//5 146//5
f  147//1 143//1 146//1
f  144//6 143//6 148//6
f  148//7 145//7 144//7
f  145//7 148//7 147//7
f  143//1 147//1 148//1

# Mesh 'mesh3_mesh3-geometry' with 16 faces
g mesh3_mesh3-geometry
# usemtl material_0_24
f  141//1 140//1 139//1
f  142//1 139//1 140//1
f  141//4 143//4 140//4
f  139//5 144//5 141//5
f  142//3 145//3 139//3
f  142//6 140//6 145//6
f  146//4 140//4 143//4
f  141//5 144//5 143//5
f  144//3 139//3 145//3
f  145//6 140//6 147//6
f  146//6 147//6 140//6
f  146//2 143//2 147//2
f  148//5 143//5 144//5
f  144//8 145//8 148//8
f  147//8 148//8 145//8
f  148//2 147//2 143//2

# Mesh 'mesh1_mesh1-geometry' with 40 faces
g mesh1_mesh1-geometry
# usemtl material_0_24
f  149//1 150//1 151//1
f  150//1 149//1 152//1
f  151//2 150//2 149//2
f  152//2 149//2 150//2
f  150//3 153//3 151//3
f  151//4 153//4 150//4
f  153//5 149//5 151//5
f  151//6 149//6 153//6
f  149//3 154//3 152//3
f  152//4 154//4 149//4
f  152//6 155//6 150//6
f  150//5 155//5 152//5
f  153//3 150//3 156//3
f  156//4 150//4 153//4
f  157//5 149//5 153//5
f  153//6 149//6 157//6
f  154//3 149//3 158//3
f  158//4 149//4 154//4
f  154//6 155//6 152//6
f  152//5 155//5 154//5
f  150//6 155//6 156//6
f  156//5 155//5 150//5
f  155//2 153//2 156//2
f  156//1 153//1 155//1
f  159//5 149//5 157//5
f  157//6 149//6 159//6
f  153//2 155//2 157//2
f  157//1 155//1 153//1
f  149//5 159//5 158//5
f  158//6 159//6 149//6
f  159//1 154//1 158//1
f  158//2 154//2 159//2
f  155//6 154//6 160//6
f  160//5 154//5 155//5
f  155//4 159//4 157//4
f  157//3 159//3 155//3
f  154//1 159//1 160//1
f  160//2 159//2 154//2
f  159//4 155//4 160//4
f  160//3 155//3 159//3

# Mesh 'mesh2_mesh2-geometry' with 18 faces
g mesh2_mesh2-geometry
# usemtl material_0_0
l  152 154
l  152 149
l  150 152
l  154 160
l  154 158
l  149 158
l  151 149
l  150 156
l  151 150
l  160 155
l  159 160
l  158 159
l  153 151
l  156 155
l  156 153
l  155 157
l  157 159
l  153 157

# Mesh 'mesh1_mesh1-geometry' with 40 faces
g mesh1_mesh1-geometry
# usemtl material_0_24
f  161//1 162//1 163//1
f  162//1 161//1 164//1
f  163//2 162//2 161//2
f  164//2 161//2 162//2
f  162//3 165//3 163//3
f  163//4 165//4 162//4
f  165//5 161//5 163//5
f  163//6 161//6 165//6
f  161//3 166//3 164//3
f  164//4 166//4 161//4
f  164//6 167//6 162//6
f  162//5 167//5 164//5
f  165//3 162//3 168//3
f  168//4 162//4 165//4
f  169//5 161//5 165//5
f  165//6 161//6 169//6
f  166//3 161//3 170//3
f  170//4 161//4 166//4
f  166//6 167//6 164//6
f  164//5 167//5 166//5
f  162//6 167//6 168//6
f  168//5 167//5 162//5
f  167//2 165//2 168//2
f  168//1 165//1 167//1
f  171//5 161//5 169//5
f  169//6 161//6 171//6
f  165//2 167//2 169//2
f  169//1 167//1 165//1
f  161//5 171//5 170//5
f  170//6 171//6 161//6
f  171//1 166//1 170//1
f  170//2 166//2 171//2
f  167//6 166//6 172//6
f  172//5 166//5 167//5
f  167//4 171//4 169//4
f  169//3 171//3 167//3
f  166//1 171//1 172//1
f  172//2 171//2 166//2
f  171//4 167//4 172//4
f  172//3 167//3 171//3

# Mesh 'mesh2_mesh2-geometry' with 18 faces
g mesh2_mesh2-geometry
# usemtl material_0_0
l  164 166
l  164 161
l  162 164
l  166 172
l  166 170
l  161 170
l  163 161
l  162 168
l  163 162
l  172 167
l  171 172
l  170 171
l  165 163
l  168 167
l  168 165
l  167 169
l  169 171
l  165 169

# Mesh 'mesh1_mesh1-geometry' with 40 faces
g mesh1_mesh1-geometry
# usemtl material_0_24
f  173//1 174//1 175//1
f  174//1 173//1 176//1
f  175//2 174//2 173//2
f  176//2 173//2 174//2
f  174//3 177//3 175//3
f  175//4 177//4 174//4
f  177//5 173//5 175//5
f  175//6 173//6 177//6
f  173//3 178//3 176//3
f  176//4 178//4 173//4
f  176//6 179//6 174//6
f  174//5 179//5 176//5
f  177//3 174//3 180//3
f  180//4 174//4 177//4
f  181//5 173//5 177//5
f  177//6 173//6 181//6
f  178//3 173//3 182//3
f  182//4 173//4 178//4
f  178//6 179//6 176//6
f  176//5 179//5 178//5
f  174//6 179//6 180//6
f  180//5 179//5 174//5
f  179//2 177//2 180//2
f  180//1 177//1 179//1
f  183//5 173//5 181//5
f  181//6 173//6 183//6
f  177//2 179//2 181//2
f  181//1 179//1 177//1
f  173//5 183//5 182//5
f  182//6 183//6 173//6
f  183//1 178//1 182//1
f  182//2 178//2 183//2
f  179//6 178//6 184//6
f  184//5 178//5 179//5
f  179//4 183//4 181//4
f  181//3 183//3 179//3
f  178//1 183//1 184//1
f  184//2 183//2 178//2
f  183//4 179//4 184//4
f  184//3 179//3 183//3

# Mesh 'mesh2_mesh2-geometry' with 18 faces
g mesh2_mesh2-geometry
# usemtl material_0_0
l  176 178
l  176 173
l  174 176
l  178 184
l  178 182
l  173 182
l  175 173
l  174 180
l  175 174
l  184 179
l  183 184
l  182 183
l  177 175
l  180 179
l  180 177
l  179 181
l  181 183
l  177 181

# Mesh 'mesh1_mesh1-geometry' with 40 faces
g mesh1_mesh1-geometry
# usemtl material_0_24
f  185//1 129//1 186//1
f  129//1 185//1 127//1
f  186//2 129//2 185//2
f  127//2 185//2 129//2
f  129//3 187//3 186//3
f  186//4 187//4 129//4
f  187//5 185//5 186//5
f  186//6 185//6 187//6
f  185//3 136//3 127//3
f  127//4 136//4 185//4
f  127//6 135//6 129//6
f  129//5 135//5 127//5
f  187//3 129//3 131//3
f  131//4 129//4 187//4
f  188//5 185//5 187//5
f  187//6 185//6 188//6
f  136//3 185//3 189//3
f  189//4 185//4 136//4
f  136//6 135//6 127//6
f  127//5 135//5 136//5
f  129//6 135//6 131//6
f  131//5 135//5 129//5
f  135//2 187//2 131//2
f  131//1 187//1 135//1
f  190//5 185//5 188//5
f  188//6 185//6 190//6
f  187//2 135//2 188//2
f  188//1 135//1 187//1
f  185//5 190//5 189//5
f  189//6 190//6 185//6
f  190//1 136//1 189//1
f  189//2 136//2 190//2
f  135//6 136//6 137//6
f  137//5 136//5 135//5
f  135//4 190//4 188//4
f  188//3 190//3 135//3
f  136//1 190//1 137//1
f  137//2 190//2 136//2
f  190//4 135//4 137//4
f  137//3 135//3 190//3

# Mesh 'mesh2_mesh2-geometry' with 18 faces
g mesh2_mesh2-geometry
# usemtl material_0_0
l  127 136
l  127 185
l  129 127
l  136 137
l  136 189
l  185 189
l  186 185
l  129 131
l  186 129
l  137 135
l  190 137
l  189 190
l  187 186
l  131 135
l  131 187
l  135 188
l  188 190
l  187 188

# Mesh 'mesh3_mesh3-geometry' with 16 faces
g mesh3_mesh3-geometry
# usemtl material_1_24
f  191//2 192//2 193//2
f  192//2 191//2 194//2
f  192//3 195//3 193//3
f  193//6 196//6 191//6
f  191//4 197//4 194//4
f  197//5 192//5 194//5
f  195//3 192//3 198//3
f  195//6 196//6 193//6
f  197//4 191//4 196//4
f  199//5 192//5 197//5
f  192//5 199//5 198//5
f  199//1 195//1 198//1
f  196//6 195//6 200//6
f  200//7 197//7 196//7
f  197//7 200//7 199//7
f  195//1 199//1 200//1

# Mesh 'mesh3_mesh3-geometry' with 16 faces
g mesh3_mesh3-geometry
# usemtl material_0_24
f  193//1 192//1 191//1
f  194//1 191//1 192//1
f  193//4 195//4 192//4
f  191//5 196//5 193//5
f  194//3 197//3 191//3
f  194//6 192//6 197//6
f  198//4 192//4 195//4
f  193//5 196//5 195//5
f  196//3 191//3 197//3
f  197//6 192//6 199//6
f  198//6 199//6 192//6
f  198//2 195//2 199//2
f  200//5 195//5 196//5
f  196//8 197//8 200//8
f  199//8 200//8 197//8
f  200//2 199//2 195//2

# Mesh 'mesh3_mesh3-geometry' with 16 faces
g mesh3_mesh3-geometry
# usemtl material_1_24
f  201//2 202//2 203//2
f  202//2 201//2 204//2
f  202//3 205//3 203//3
f  203//6 206//6 201//6
f  201//4 207//4 204//4
f  207//5 202//5 204//5
f  205//3 202//3 208//3
f  205//6 206//6 203//6
f  207//4 201//4 206//4
f  209//5 202//5 207//5
f  202//5 209//5 208//5
f  209//1 205//1 208//1
f  206//6 205//6 210//6
f  210//7 207//7 206//7
f  207//7 210//7 209//7
f  205//1 209//1 210//1

# Mesh 'mesh3_mesh3-geometry' with 16 faces
g mesh3_mesh3-geometry
# usemtl material_0_24
f  203//1 202//1 201//1
f  204//1 201//1 202//1
f  203//4 205//4 202//4
f  201//5 206//5 203//5
f  204//3 207//3 201//3
f  204//6 202//6 207//6
f  208//4 202//4 205//4
f  203//5 206//5 205//5
f  206//3 201//3 207//3
f  207//6 202//6 209//6
f  208//6 209//6 202//6
f  208//2 205//2 209//2
f  210//5 205//5 206//5
f  206//8 207//8 210//8
f  209//8 210//8 207//8
f  210//2 209//2 205//2

# Mesh 'mesh1_mesh1-geometry' with 40 faces
g mesh1_mesh1-geometry
# usemtl material_0_24
f  211//1 151//1 212//1
f  151//1 211//1 149//1
f  212//2 151//2 211//2
f  149//2 211//2 151//2
f  151//3 213//3 212//3
f  212//4 213//4 151//4
f  213//5 211//5 212//5
f  212//6 211//6 213//6
f  211//3 158//3 149//3
f  149//4 158//4 211//4
f  149//6 157//6 151//6
f  151//5 157//5 149//5
f  213//3 151//3 153//3
f  153//4 151//4 213//4
f  214//5 211//5 213//5
f  213//6 211//6 214//6
f  158//3 211//3 215//3
f  215//4 211//4 158//4
f  158//6 157//6 149//6
f  149//5 157//5 158//5
f  151//6 157//6 153//6
f  153//5 157//5 151//5
f  157//2 213//2 153//2
f  153//1 213//1 157//1
f  216//5 211//5 214//5
f  214//6 211//6 216//6
f  213//2 157//2 214//2
f  214//1 157//1 213//1
f  211//5 216//5 215//5
f  215//6 216//6 211//6
f  216//1 158//1 215//1
f  215//2 158//2 216//2
f  157//6 158//6 159//6
f  159//5 158//5 157//5
f  157//4 216//4 214//4
f  214//3 216//3 157//3
f  158//1 216//1 159//1
f  159//2 216//2 158//2
f  216//4 157//4 159//4
f  159//3 157//3 216//3

# Mesh 'mesh2_mesh2-geometry' with 18 faces
g mesh2_mesh2-geometry
# usemtl material_0_0
l  149 158
l  149 211
l  151 149
l  158 159
l  158 215
l  211 215
l  212 211
l  151 153
l  212 151
l  159 157
l  216 159
l  215 216
l  213 212
l  153 157
l  153 213
l  157 214
l  214 216
l  213 214

# Mesh 'mesh1_mesh1-geometry' with 40 faces
g mesh1_mesh1-geometry
# usemtl material_0_24
f  217//1 218//1 219//1
f  218//1 217//1 220//1
f  219//2 218//2 217//2
f  220//2 217//2 218//2
f  218//3 221//3 219//3
f  219//4 221//4 218//4
f  221//5 217//5 219//5
f  219//6 217//6 221//6
f  217//3 222//3 220//3
f  220//4 222//4 217//4
f  220//6 223//6 218//6
f  218//5 223//5 220//5
f  221//3 218//3 224//3
f  224//4 218//4 221//4
f  225//5 217//5 221//5
f  221//6 217//6 225//6
f  222//3 217//3 226//3
f  226//4 217//4 222//4
f  222//6 223//6 220//6
f  220//5 223//5 222//5
f  218//6 223//6 224//6
f  224//5 223//5 218//5
f  223//2 221//2 224//2
f  224//1 221//1 223//1
f  227//5 217//5 225//5
f  225//6 217//6 227//6
f  221//2 223//2 225//2
f  225//1 223//1 221//1
f  217//5 227//5 226//5
f  226//6 227//6 217//6
f  227//1 222//1 226//1
f  226//2 222//2 227//2
f  223//6 222//6 228//6
f  228//5 222//5 223//5
f  223//4 227//4 225//4
f  225//3 227//3 223//3
f  222//1 227//1 228//1
f  228//2 227//2 222//2
f  227//4 223//4 228//4
f  228//3 223//3 227//3

# Mesh 'mesh2_mesh2-geometry' with 18 faces
g mesh2_mesh2-geometry
# usemtl material_0_0
l  220 222
l  220 217
l  218 220
l  222 228
l  222 226
l  217 226
l  219 217
l  218 224
l  219 218
l  228 223
l  227 228
l  226 227
l  221 219
l  224 223
l  224 221
l  223 225
l  225 227
l  221 225

# Mesh 'mesh3_mesh3-geometry' with 16 faces
g mesh3_mesh3-geometry
# usemtl material_1_24
f  229//2 230//2 231//2
f  230//2 229//2 232//2
f  230//3 233//3 231//3
f  231//6 234//6 229//6
f  229//4 235//4 232//4
f  235//5 230//5 232//5
f  233//3 230//3 236//3
f  233//6 234//6 231//6
f  235//4 229//4 234//4
f  237//5 230//5 235//5
f  230//5 237//5 236//5
f  237//1 233//1 236//1
f  234//6 233//6 238//6
f  238//7 235//7 234//7
f  235//7 238//7 237//7
f  233//1 237//1 238//1

# Mesh 'mesh3_mesh3-geometry' with 16 faces
g mesh3_mesh3-geometry
# usemtl material_0_24
f  231//1 230//1 229//1
f  232//1 229//1 230//1
f  231//4 233//4 230//4
f  229//5 234//5 231//5
f  232//3 235//3 229//3
f  232//6 230//6 235//6
f  236//4 230//4 233//4
f  231//5 234//5 233//5
f  234//3 229//3 235//3
f  235//6 230//6 237//6
f  236//6 237//6 230//6
f  236//2 233//2 237//2
f  238//5 233//5 234//5
f  234//8 235//8 238//8
f  237//8 238//8 235//8
f  238//2 237//2 233//2

# Mesh 'mesh1_mesh1-geometry' with 40 faces
g mesh1_mesh1-geometry
# usemtl material_0_24
f  239//1 240//1 241//1
f  240//1 239//1 242//1
f  241//2 240//2 239//2
f  242//2 239//2 240//2
f  240//3 243//3 241//3
f  241//4 243//4 240//4
f  243//5 239//5 241//5
f  241//6 239//6 243//6
f  239//3 244//3 242//3
f  242//4 244//4 239//4
f  242//6 245//6 240//6
f  240//5 245//5 242//5
f  243//3 240//3 246//3
f  246//4 240//4 243//4
f  247//5 239//5 243//5
f  243//6 239//6 247//6
f  244//3 239//3 248//3
f  248//4 239//4 244//4
f  244//6 245//6 242//6
f  242//5 245//5 244//5
f  240//6 245//6 246//6
f  246//5 245//5 240//5
f  245//2 243//2 246//2
f  246//1 243//1 245//1
f  249//5 239//5 247//5
f  247//6 239//6 249//6
f  243//2 245//2 247//2
f  247//1 245//1 243//1
f  239//5 249//5 248//5
f  248//6 249//6 239//6
f  249//1 244//1 248//1
f  248//2 244//2 249//2
f  245//6 244//6 250//6
f  250//5 244//5 245//5
f  245//4 249//4 247//4
f  247//3 249//3 245//3
f  244//1 249//1 250//1
f  250//2 249//2 244//2
f  249//4 245//4 250//4
f  250//3 245//3 249//3

# Mesh 'mesh2_mesh2-geometry' with 18 faces
g mesh2_mesh2-geometry
# usemtl material_0_0
l  242 244
l  242 239
l  240 242
l  244 250
l  244 248
l  239 248
l  241 239
l  240 246
l  241 240
l  250 245
l  249 250
l  248 249
l  243 241
l  246 245
l  246 243
l  245 247
l  247 249
l  243 247

# Mesh 'mesh1_mesh1-geometry' with 40 faces
g mesh1_mesh1-geometry
# usemtl material_0_24
f  251//1 252//1 253//1
f  252//1 251//1 254//1
f  253//2 252//2 251//2
f  254//2 251//2 252//2
f  252//3 255//3 253//3
f  253//4 255//4 252//4
f  255//5 251//5 253//5
f  253//6 251//6 255//6
f  251//3 256//3 254//3
f  254//4 256//4 251//4
f  254//6 257//6 252//6
f  252//5 257//5 254//5
f  255//3 252//3 258//3
f  258//4 252//4 255//4
f  259//5 251//5 255//5
f  255//6 251//6 259//6
f  256//3 251//3 260//3
f  260//4 251//4 256//4
f  256//6 257//6 254//6
f  254//5 257//5 256//5
f  252//6 257//6 258//6
f  258//5 257//5 252//5
f  257//2 255//2 258//2
f  258//1 255//1 257//1
f  261//5 251//5 259//5
f  259//6 251//6 261//6
f  255//2 257//2 259//2
f  259//1 257//1 255//1
f  251//5 261//5 260//5
f  260//6 261//6 251//6
f  261//1 256//1 260//1
f  260//2 256//2 261//2
f  257//6 256//6 262//6
f  262//5 256//5 257//5
f  257//4 261//4 259//4
f  259//3 261//3 257//3
f  256//1 261//1 262//1
f  262//2 261//2 256//2
f  261//4 257//4 262//4
f  262//3 257//3 261//3

# Mesh 'mesh2_mesh2-geometry' with 18 faces
g mesh2_mesh2-geometry
# usemtl material_0_0
l  254 256
l  254 251
l  252 254
l  256 262
l  256 260
l  251 260
l  253 251
l  252 258
l  253 252
l  262 257
l  261 262
l  260 261
l  255 253
l  258 257
l  258 255
l  257 259
l  259 261
l  255 259

# Mesh 'mesh3_mesh3-geometry' with 16 faces
g mesh3_mesh3-geometry
# usemtl material_1_24
f  263//2 264//2 265//2
f  264//2 263//2 266//2
f  264//3 267//3 265//3
f  265//6 268//6 263//6
f  263//4 269//4 266//4
f  269//5 264//5 266//5
f  267//3 264//3 270//3
f  267//6 268//6 265//6
f  269//4 263//4 268//4
f  271//5 264//5 269//5
f  264//5 271//5 270//5
f  271//1 267//1 270//1
f  268//6 267//6 272//6
f  272//7 269//7 268//7
f  269//7 272//7 271//7
f  267//1 271//1 272//1

# Mesh 'mesh3_mesh3-geometry' with 16 faces
g mesh3_mesh3-geometry
# usemtl material_0_24
f  265//1 264//1 263//1
f  266//1 263//1 264//1
f  265//4 267//4 264//4
f  263//5 268//5 265//5
f  266//3 269//3 263//3
f  266//6 264//6 269//6
f  270//4 264//4 267//4
f  265//5 268//5 267//5
f  268//3 263//3 269//3
f  269//6 264//6 271//6
f  270//6 271//6 264//6
f  270//2 267//2 271//2
f  272//5 267//5 268//5
f  268//8 269//8 272//8
f  271//8 272//8 269//8
f  272//2 271//2 267//2

# Mesh 'mesh3_mesh3-geometry' with 16 faces
g mesh3_mesh3-geometry
# usemtl material_1_24
f  273//2 274//2 275//2
f  274//2 273//2 276//2
f  274//3 277//3 275//3
f  275//6 278//6 273//6
f  273//4 279//4 276//4
f  279//5 274//5 276//5
f  277//3 274//3 280//3
f  277//6 278//6 275//6
f  279//4 273//4 278//4
f  281//5 274//5 279//5
f  274//5 281//5 280//5
f  281//1 277//1 280//1
f  278//6 277//6 282//6
f  282//7 279//7 278//7
f  279//7 282//7 281//7
f  277//1 281//1 282//1

# Mesh 'mesh3_mesh3-geometry' with 16 faces
g mesh3_mesh3-geometry
# usemtl material_0_24
f  275//1 274//1 273//1
f  276//1 273//1 274//1
f  275//4 277//4 274//4
f  273//5 278//5 275//5
f  276//3 279//3 273//3
f  276//6 274//6 279//6
f  280//4 274//4 277//4
f  275//5 278//5 277//5
f  278//3 273//3 279//3
f  279//6 274//6 281//6
f  280//6 281//6 274//6
f  280//2 277//2 281//2
f  282//5 277//5 278//5
f  278//8 279//8 282//8
f  281//8 282//8 279//8
f  282//2 281//2 277//2

# Mesh 'mesh1_mesh1-geometry' with 40 faces
g mesh1_mesh1-geometry
# usemtl material_0_24
f  283//1 284//1 285//1
f  284//1 283//1 286//1
f  285//2 284//2 283//2
f  286//2 283//2 284//2
f  284//3 287//3 285//3
f  285//4 287//4 284//4
f  287//5 283//5 285//5
f  285//6 283//6 287//6
f  283//3 288//3 286//3
f  286//4 288//4 283//4
f  286//6 289//6 284//6
f  284//5 289//5 286//5
f  287//3 284//3 290//3
f  290//4 284//4 287//4
f  291//5 283//5 287//5
f  287//6 283//6 291//6
f  288//3 283//3 292//3
f  292//4 283//4 288//4
f  288//6 289//6 286//6
f  286//5 289//5 288//5
f  284//6 289//6 290//6
f  290//5 289//5 284//5
f  289//2 287//2 290//2
f  290//1 287//1 289//1
f  293//5 283//5 291//5
f  291//6 283//6 293//6
f  287//2 289//2 291//2
f  291//1 289//1 287//1
f  283//5 293//5 292//5
f  292//6 293//6 283//6
f  293//1 288//1 292//1
f  292//2 288//2 293//2
f  289//6 288//6 294//6
f  294//5 288//5 289//5
f  289//4 293//4 291//4
f  291//3 293//3 289//3
f  288//1 293//1 294//1
f  294//2 293//2 288//2
f  293//4 289//4 294//4
f  294//3 289//3 293//3

# Mesh 'mesh2_mesh2-geometry' with 18 faces
g mesh2_mesh2-geometry
# usemtl material_0_0
l  286 288
l  286 283
l  284 286
l  288 294
l  288 292
l  283 292
l  285 283
l  284 290
l  285 284
l  294 289
l  293 294
l  292 293
l  287 285
l  290 289
l  290 287
l  289 291
l  291 293
l  287 291

# Mesh 'mesh1_mesh1-geometry' with 40 faces
g mesh1_mesh1-geometry
# usemtl material_0_24
f  295//1 296//1 297//1
f  296//1 295//1 298//1
f  297//2 296//2 295//2
f  298//2 295//2 296//2
f  296//3 299//3 297//3
f  297//4 299//4 296//4
f  299//5 295//5 297//5
f  297//6 295//6 299//6
f  295//3 300//3 298//3
f  298//4 300//4 295//4
f  298//6 301//6 296//6
f  296//5 301//5 298//5
f  299//3 296//3 302//3
f  302//4 296//4 299//4
f  303//5 295//5 299//5
f  299//6 295//6 303//6
f  300//3 295//3 304//3
f  304//4 295//4 300//4
f  300//6 301//6 298//6
f  298//5 301//5 300//5
f  296//6 301//6 302//6
f  302//5 301//5 296//5
f  301//2 299//2 302//2
f  302//1 299//1 301//1
f  305//5 295//5 303//5
f  303//6 295//6 305//6
f  299//2 301//2 303//2
f  303//1 301//1 299//1
f  295//5 305//5 304//5
f  304//6 305//6 295//6
f  305//1 300//1 304//1
f  304//2 300//2 305//2
f  301//6 300//6 306//6
f  306//5 300//5 301//5
f  301//4 305//4 303//4
f  303//3 305//3 301//3
f  300//1 305//1 306//1
f  306//2 305//2 300//2
f  305//4 301//4 306//4
f  306//3 301//3 305//3

# Mesh 'mesh2_mesh2-geometry' with 18 faces
g mesh2_mesh2-geometry
# usemtl material_0_0
l  298 300
l  298 295
l  296 298
l  300 306
l  300 304
l  295 304
l  297 295
l  296 302
l  297 296
l  306 301
l  305 306
l  304 305
l  299 297
l  302 301
l  302 299
l  301 303
l  303 305
l  299 303

# Mesh 'mesh3_mesh3-geometry' with 16 faces
g mesh3_mesh3-geometry
# usemtl material_1_24
f  307//2 308//2 309//2
f  308//2 307//2 310//2
f  308//3 311//3 309//3
f  309//6 312//6 307//6
f  307//4 313//4 310//4
f  313//5 308//5 310//5
f  311//3 308//3 314//3
f  311//6 312//6 309//6
f  313//4 307//4 312//4
f  315//5 308//5 313//5
f  308//5 315//5 314//5
f  315//1 311//1 314//1
f  312//6 311//6 316//6
f  316//7 313//7 312//7
f  313//7 316//7 315//7
f  311//1 315//1 316//1

# Mesh 'mesh3_mesh3-geometry' with 16 faces
g mesh3_mesh3-geometry
# usemtl material_0_24
f  309//1 308//1 307//1
f  310//1 307//1 308//1
f  309//4 311//4 308//4
f  307//5 312//5 309//5
f  310//3 313//3 307//3
f  310//6 308//6 313//6
f  314//4 308//4 311//4
f  309//5 312//5 311//5
f  312//3 307//3 313//3
f  313//6 308//6 315//6
f  314//6 315//6 308//6
f  314//2 311//2 315//2
f  316//5 311//5 312//5
f  312//8 313//8 316//8
f  315//8 316//8 313//8
f  316//2 315//2 311//2

# Mesh 'mesh1_mesh1-geometry' with 40 faces
g mesh1_mesh1-geometry
# usemtl material_0_24
f  254//1 317//1 252//1
f  317//1 254//1 318//1
f  252//2 317//2 254//2
f  318//2 254//2 317//2
f  317//3 258//3 252//3
f  252//4 258//4 317//4
f  258//5 254//5 252//5
f  252//6 254//6 258//6
f  254//3 319//3 318//3
f  318//4 319//4 254//4
f  318//6 320//6 317//6
f  317//5 320//5 318//5
f  258//3 317//3 321//3
f  321//4 317//4 258//4
f  257//5 254//5 258//5
f  258//6 254//6 257//6
f  319//3 254//3 256//3
f  256//4 254//4 319//4
f  319//6 320//6 318//6
f  318//5 320//5 319//5
f  317//6 320//6 321//6
f  321//5 320//5 317//5
f  320//2 258//2 321//2
f  321//1 258//1 320//1
f  262//5 254//5 257//5
f  257//6 254//6 262//6
f  258//2 320//2 257//2
f  257//1 320//1 258//1
f  254//5 262//5 256//5
f  256//6 262//6 254//6
f  262//1 319//1 256//1
f  256//2 319//2 262//2
f  320//6 319//6 322//6
f  322//5 319//5 320//5
f  320//4 262//4 257//4
f  257//3 262//3 320//3
f  319//1 262//1 322//1
f  322//2 262//2 319//2
f  262//4 320//4 322//4
f  322//3 320//3 262//3

# Mesh 'mesh2_mesh2-geometry' with 18 faces
g mesh2_mesh2-geometry
# usemtl material_0_0
l  318 319
l  318 254
l  317 318
l  319 322
l  319 256
l  254 256
l  252 254
l  317 321
l  252 317
l  322 320
l  262 322
l  256 262
l  258 252
l  321 320
l  321 258
l  320 257
l  257 262
l  258 257

# Mesh 'mesh3_mesh3-geometry' with 16 faces
g mesh3_mesh3-geometry
# usemtl material_1_24
f  323//2 324//2 325//2
f  324//2 323//2 326//2
f  324//3 327//3 325//3
f  325//6 328//6 323//6
f  323//4 329//4 326//4
f  329//5 324//5 326//5
f  327//3 324//3 330//3
f  327//6 328//6 325//6
f  329//4 323//4 328//4
f  331//5 324//5 329//5
f  324//5 331//5 330//5
f  331//1 327//1 330//1
f  328//6 327//6 332//6
f  332//7 329//7 328//7
f  329//7 332//7 331//7
f  327//1 331//1 332//1

# Mesh 'mesh3_mesh3-geometry' with 16 faces
g mesh3_mesh3-geometry
# usemtl material_0_24
f  325//1 324//1 323//1
f  326//1 323//1 324//1
f  325//4 327//4 324//4
f  323//5 328//5 325//5
f  326//3 329//3 323//3
f  326//6 324//6 329//6
f  330//4 324//4 327//4
f  325//5 328//5 327//5
f  328//3 323//3 329//3
f  329//6 324//6 331//6
f  330//6 331//6 324//6
f  330//2 327//2 331//2
f  332//5 327//5 328//5
f  328//8 329//8 332//8
f  331//8 332//8 329//8
f  332//2 331//2 327//2

# Mesh 'mesh1_mesh1-geometry' with 40 faces
g mesh1_mesh1-geometry
# usemtl material_0_24
f  333//1 334//1 335//1
f  334//1 333//1 336//1
f  335//2 334//2 333//2
f  336//2 333//2 334//2
f  334//3 337//3 335//3
f  335//4 337//4 334//4
f  337//5 333//5 335//5
f  335//6 333//6 337//6
f  333//3 338//3 336//3
f  336//4 338//4 333//4
f  336//6 339//6 334//6
f  334//5 339//5 336//5
f  337//3 334//3 340//3
f  340//4 334//4 337//4
f  341//5 333//5 337//5
f  337//6 333//6 341//6
f  338//3 333//3 342//3
f  342//4 333//4 338//4
f  338//6 339//6 336//6
f  336//5 339//5 338//5
f  334//6 339//6 340//6
f  340//5 339//5 334//5
f  339//2 337//2 340//2
f  340//1 337//1 339//1
f  343//5 333//5 341//5
f  341//6 333//6 343//6
f  337//2 339//2 341//2
f  341//1 339//1 337//1
f  333//5 343//5 342//5
f  342//6 343//6 333//6
f  343//1 338//1 342//1
f  342//2 338//2 343//2
f  339//6 338//6 344//6
f  344//5 338//5 339//5
f  339//4 343//4 341//4
f  341//3 343//3 339//3
f  338//1 343//1 344//1
f  344//2 343//2 338//2
f  343//4 339//4 344//4
f  344//3 339//3 343//3

# Mesh 'mesh2_mesh2-geometry' with 18 faces
g mesh2_mesh2-geometry
# usemtl material_0_0
l  336 338
l  336 333
l  334 336
l  338 344
l  338 342
l  333 342
l  335 333
l  334 340
l  335 334
l  344 339
l  343 344
l  342 343
l  337 335
l  340 339
l  340 337
l  339 341
l  341 343
l  337 341

# Mesh 'mesh1_mesh1-geometry' with 40 faces
g mesh1_mesh1-geometry
# usemtl material_0_24
f  345//1 346//1 347//1
f  346//1 345//1 348//1
f  347//2 346//2 345//2
f  348//2 345//2 346//2
f  346//3 349//3 347//3
f  347//4 349//4 346//4
f  349//5 345//5 347//5
f  347//6 345//6 349//6
f  345//3 350//3 348//3
f  348//4 350//4 345//4
f  348//6 351//6 346//6
f  346//5 351//5 348//5
f  349//3 346//3 352//3
f  352//4 346//4 349//4
f  353//5 345//5 349//5
f  349//6 345//6 353//6
f  350//3 345//3 354//3
f  354//4 345//4 350//4
f  350//6 351//6 348//6
f  348//5 351//5 350//5
f  346//6 351//6 352//6
f  352//5 351//5 346//5
f  351//2 349//2 352//2
f  352//1 349//1 351//1
f  355//5 345//5 353//5
f  353//6 345//6 355//6
f  349//2 351//2 353//2
f  353//1 351//1 349//1
f  345//5 355//5 354//5
f  354//6 355//6 345//6
f  355//1 350//1 354//1
f  354//2 350//2 355//2
f  351//6 350//6 356//6
f  356//5 350//5 351//5
f  351//4 355//4 353//4
f  353//3 355//3 351//3
f  350//1 355//1 356//1
f  356//2 355//2 350//2
f  355//4 351//4 356//4
f  356//3 351//3 355//3

# Mesh 'mesh2_mesh2-geometry' with 18 faces
g mesh2_mesh2-geometry
# usemtl material_0_0
l  348 350
l  348 345
l  346 348
l  350 356
l  350 354
l  345 354
l  347 345
l  346 352
l  347 346
l  356 351
l  355 356
l  354 355
l  349 347
l  352 351
l  352 349
l  351 353
l  353 355
l  349 353

# Mesh 'mesh1_mesh1-geometry' with 40 faces
g mesh1_mesh1-geometry
# usemtl material_0_24
f  348//1 357//1 346//1
f  357//1 348//1 358//1
f  346//2 357//2 348//2
f  358//2 348//2 357//2
f  357//3 352//3 346//3
f  346//4 352//4 357//4
f  352//5 348//5 346//5
f  346//6 348//6 352//6
f  348//3 359//3 358//3
f  358//4 359//4 348//4
f  358//6 360//6 357//6
f  357//5 360//5 358//5
f  352//3 357//3 361//3
f  361//4 357//4 352//4
f  351//5 348//5 352//5
f  352//6 348//6 351//6
f  359//3 348//3 350//3
f  350//4 348//4 359//4
f  359//6 360//6 358//6
f  358//5 360//5 359//5
f  357//6 360//6 361//6
f  361//5 360//5 357//5
f  360//2 352//2 361//2
f  361//1 352//1 360//1
f  356//5 348//5 351//5
f  351//6 348//6 356//6
f  352//2 360//2 351//2
f  351//1 360//1 352//1
f  348//5 356//5 350//5
f  350//6 356//6 348//6
f  356//1 359//1 350//1
f  350//2 359//2 356//2
f  360//6 359//6 362//6
f  362//5 359//5 360//5
f  360//4 356//4 351//4
f  351//3 356//3 360//3
f  359//1 356//1 362//1
f  362//2 356//2 359//2
f  356//4 360//4 362//4
f  362//3 360//3 356//3

# Mesh 'mesh2_mesh2-geometry' with 18 faces
g mesh2_mesh2-geometry
# usemtl material_0_0
l  358 359
l  358 348
l  357 358
l  359 362
l  359 350
l  348 350
l  346 348
l  357 361
l  346 357
l  362 360
l  356 362
l  350 356
l  352 346
l  361 360
l  361 352
l  360 351
l  351 356
l  352 351

# Mesh 'mesh3_mesh3-geometry' with 16 faces
g mesh3_mesh3-geometry
# usemtl material_1_24
f  363//2 364//2 365//2
f  364//2 363//2 366//2
f  364//3 367//3 365//3
f  365//6 368//6 363//6
f  363//4 369//4 366//4
f  369//5 364//5 366//5
f  367//3 364//3 370//3
f  367//6 368//6 365//6
f  369//4 363//4 368//4
f  371//5 364//5 369//5
f  364//5 371//5 370//5
f  371//1 367//1 370//1
f  368//6 367//6 372//6
f  372//7 369//7 368//7
f  369//7 372//7 371//7
f  367//1 371//1 372//1

# Mesh 'mesh3_mesh3-geometry' with 16 faces
g mesh3_mesh3-geometry
# usemtl material_0_24
f  365//1 364//1 363//1
f  366//1 363//1 364//1
f  365//4 367//4 364//4
f  363//5 368//5 365//5
f  366//3 369//3 363//3
f  366//6 364//6 369//6
f  370//4 364//4 367//4
f  365//5 368//5 367//5
f  368//3 363//3 369//3
f  369//6 364//6 371//6
f  370//6 371//6 364//6
f  370//2 367//2 371//2
f  372//5 367//5 368//5
f  368//8 369//8 372//8
f  371//8 372//8 369//8
f  372//2 371//2 367//2

# Mesh 'mesh1_mesh1-geometry' with 40 faces
g mesh1_mesh1-geometry
# usemtl material_0_24
f  373//1 374//1 375//1
f  374//1 373//1 376//1
f  375//2 374//2 373//2
f  376//2 373//2 374//2
f  374//3 377//3 375//3
f  375//4 377//4 374//4
f  377//5 373//5 375//5
f  375//6 373//6 377//6
f  373//3 378//3 376//3
f  376//4 378//4 373//4
f  376//6 379//6 374//6
f  374//5 379//5 376//5
f  377//3 374//3 380//3
f  380//4 374//4 377//4
f  381//5 373//5 377//5
f  377//6 373//6 381//6
f  378//3 373//3 382//3
f  382//4 373//4 378//4
f  378//6 379//6 376//6
f  376//5 379//5 378//5
f  374//6 379//6 380//6
f  380//5 379//5 374//5
f  379//2 377//2 380//2
f  380//1 377//1 379//1
f  383//5 373//5 381//5
f  381//6 373//6 383//6
f  377//2 379//2 381//2
f  381//1 379//1 377//1
f  373//5 383//5 382//5
f  382//6 383//6 373//6
f  383//1 378//1 382//1
f  382//2 378//2 383//2
f  379//6 378//6 384//6
f  384//5 378//5 379//5
f  379//4 383//4 381//4
f  381//3 383//3 379//3
f  378//1 383//1 384//1
f  384//2 383//2 378//2
f  383//4 379//4 384//4
f  384//3 379//3 383//3

# Mesh 'mesh2_mesh2-geometry' with 18 faces
g mesh2_mesh2-geometry
# usemtl material_0_0
l  376 378
l  376 373
l  374 376
l  378 384
l  378 382
l  373 382
l  375 373
l  374 380
l  375 374
l  384 379
l  383 384
l  382 383
l  377 375
l  380 379
l  380 377
l  379 381
l  381 383
l  377 381

# Mesh 'mesh3_mesh3-geometry' with 16 faces
g mesh3_mesh3-geometry
# usemtl material_1_24
f  385//2 386//2 387//2
f  386//2 385//2 388//2
f  386//3 389//3 387//3
f  387//6 390//6 385//6
f  385//4 391//4 388//4
f  391//5 386//5 388//5
f  389//3 386//3 392//3
f  389//6 390//6 387//6
f  391//4 385//4 390//4
f  393//5 386//5 391//5
f  386//5 393//5 392//5
f  393//1 389//1 392//1
f  390//6 389//6 394//6
f  394//7 391//7 390//7
f  391//7 394//7 393//7
f  389//1 393//1 394//1

# Mesh 'mesh3_mesh3-geometry' with 16 faces
g mesh3_mesh3-geometry
# usemtl material_0_24
f  387//1 386//1 385//1
f  388//1 385//1 386//1
f  387//4 389//4 386//4
f  385//5 390//5 387//5
f  388//3 391//3 385//3
f  388//6 386//6 391//6
f  392//4 386//4 389//4
f  387//5 390//5 389//5
f  390//3 385//3 391//3
f  391//6 386//6 393//6
f  392//6 393//6 386//6
f  392//2 389//2 393//2
f  394//5 389//5 390//5
f  390//8 391//8 394//8
f  393//8 394//8 391//8
f  394//2 393//2 389//2

# Mesh 'mesh1_mesh1-geometry' with 40 faces
g mesh1_mesh1-geometry
# usemtl material_0_24
f  395//1 396//1 397//1
f  396//1 395//1 398//1
f  397//2 396//2 395//2
f  398//2 395//2 396//2
f  396//3 399//3 397//3
f  397//4 399//4 396//4
f  399//5 395//5 397//5
f  397//6 395//6 399//6
f  395//3 400//3 398//3
f  398//4 400//4 395//4
f  398//6 401//6 396//6
f  396//5 401//5 398//5
f  399//3 396//3 402//3
f  402//4 396//4 399//4
f  403//5 395//5 399//5
f  399//6 395//6 403//6
f  400//3 395//3 404//3
f  404//4 395//4 400//4
f  400//6 401//6 398//6
f  398//5 401//5 400//5
f  396//6 401//6 402//6
f  402//5 401//5 396//5
f  401//2 399//2 402//2
f  402//1 399//1 401//1
f  405//5 395//5 403//5
f  403//6 395//6 405//6
f  399//2 401//2 403//2
f  403//1 401//1 399//1
f  395//5 405//5 404//5
f  404//6 405//6 395//6
f  405//1 400//1 404//1
f  404//2 400//2 405//2
f  401//6 400//6 406//6
f  406//5 400//5 401//5
f  401//4 405//4 403//4
f  403//3 405//3 401//3
f  400//1 405//1 406//1
f  406//2 405//2 400//2
f  405//4 401//4 406//4
f  406//3 401//3 405//3

# Mesh 'mesh2_mesh2-geometry' with 18 faces
g mesh2_mesh2-geometry
# usemtl material_0_0
l  398 400
l  398 395
l  396 398
l  400 406
l  400 404
l  395 404
l  397 395
l  396 402
l  397 396
l  406 401
l  405 406
l  404 405
l  399 397
l  402 401
l  402 399
l  401 403
l  403 405
l  399 403

# Mesh 'mesh1_mesh1-geometry' with 40 faces
g mesh1_mesh1-geometry
# usemtl material_0_24
f  407//1 408//1 409//1
f  408//1 407//1 410//1
f  409//2 408//2 407//2
f  410//2 407//2 408//2
f  408//3 411//3 409//3
f  409//4 411//4 408//4
f  411//5 407//5 409//5
f  409//6 407//6 411//6
f  407//3 412//3 410//3
f  410//4 412//4 407//4
f  410//6 413//6 408//6
f  408//5 413//5 410//5
f  411//3 408//3 414//3
f  414//4 408//4 411//4
f  415//5 407//5 411//5
f  411//6 407//6 415//6
f  412//3 407//3 416//3
f  416//4 407//4 412//4
f  412//6 413//6 410//6
f  410//5 413//5 412//5
f  408//6 413//6 414//6
f  414//5 413//5 408//5
f  413//2 411//2 414//2
f  414//1 411//1 413//1
f  417//5 407//5 415//5
f  415//6 407//6 417//6
f  411//2 413//2 415//2
f  415//1 413//1 411//1
f  407//5 417//5 416//5
f  416//6 417//6 407//6
f  417//1 412//1 416//1
f  416//2 412//2 417//2
f  413//6 412//6 418//6
f  418//5 412//5 413//5
f  413//4 417//4 415//4
f  415//3 417//3 413//3
f  412//1 417//1 418//1
f  418//2 417//2 412//2
f  417//4 413//4 418//4
f  418//3 413//3 417//3

# Mesh 'mesh2_mesh2-geometry' with 18 faces
g mesh2_mesh2-geometry
# usemtl material_0_0
l  410 412
l  410 407
l  408 410
l  412 418
l  412 416
l  407 416
l  409 407
l  408 414
l  409 408
l  418 413
l  417 418
l  416 417
l  411 409
l  414 413
l  414 411
l  413 415
l  415 417
l  411 415

# Mesh 'mesh1_mesh1-geometry' with 40 faces
g mesh1_mesh1-geometry
# usemtl material_0_24
f  410//1 419//1 408//1
f  419//1 410//1 420//1
f  408//2 419//2 410//2
f  420//2 410//2 419//2
f  419//3 414//3 408//3
f  408//4 414//4 419//4
f  414//5 410//5 408//5
f  408//6 410//6 414//6
f  410//3 421//3 420//3
f  420//4 421//4 410//4
f  420//6 422//6 419//6
f  419//5 422//5 420//5
f  414//3 419//3 423//3
f  423//4 419//4 414//4
f  413//5 410//5 414//5
f  414//6 410//6 413//6
f  421//3 410//3 412//3
f  412//4 410//4 421//4
f  421//6 422//6 420//6
f  420//5 422//5 421//5
f  419//6 422//6 423//6
f  423//5 422//5 419//5
f  422//2 414//2 423//2
f  423//1 414//1 422//1
f  418//5 410//5 413//5
f  413//6 410//6 418//6
f  414//2 422//2 413//2
f  413//1 422//1 414//1
f  410//5 418//5 412//5
f  412//6 418//6 410//6
f  418//1 421//1 412//1
f  412//2 421//2 418//2
f  422//6 421//6 424//6
f  424//5 421//5 422//5
f  422//4 418//4 413//4
f  413//3 418//3 422//3
f  421//1 418//1 424//1
f  424//2 418//2 421//2
f  418//4 422//4 424//4
f  424//3 422//3 418//3

# Mesh 'mesh2_mesh2-geometry' with 18 faces
g mesh2_mesh2-geometry
# usemtl material_0_0
l  420 421
l  420 410
l  419 420
l  421 424
l  421 412
l  410 412
l  408 410
l  419 423
l  408 419
l  424 422
l  418 424
l  412 418
l  414 408
l  423 422
l  423 414
l  422 413
l  413 418
l  414 413

# Mesh 'mesh3_mesh3-geometry' with 16 faces
g mesh3_mesh3-geometry
# usemtl material_1_24
f  425//2 426//2 427//2
f  426//2 425//2 428//2
f  426//3 429//3 427//3
f  427//6 430//6 425//6
f  425//4 431//4 428//4
f  431//5 426//5 428//5
f  429//3 426//3 432//3
f  429//6 430//6 427//6
f  431//4 425//4 430//4
f  433//5 426//5 431//5
f  426//5 433//5 432//5
f  433//1 429//1 432//1
f  430//6 429//6 434//6
f  434//7 431//7 430//7
f  431//7 434//7 433//7
f  429//1 433//1 434//1

# Mesh 'mesh3_mesh3-geometry' with 16 faces
g mesh3_mesh3-geometry
# usemtl material_0_24
f  427//1 426//1 425//1
f  428//1 425//1 426//1
f  427//4 429//4 426//4
f  425//5 430//5 427//5
f  428//3 431//3 425//3
f  428//6 426//6 431//6
f  432//4 426//4 429//4
f  427//5 430//5 429//5
f  430//3 425//3 431//3
f  431//6 426//6 433//6
f  432//6 433//6 426//6
f  432//2 429//2 433//2
f  434//5 429//5 430//5
f  430//8 431//8 434//8
f  433//8 434//8 431//8
f  434//2 433//2 429//2

# Mesh 'mesh3_mesh3-geometry' with 16 faces
g mesh3_mesh3-geometry
# usemtl material_1_24
f  435//2 436//2 437//2
f  436//2 435//2 438//2
f  436//3 439//3 437//3
f  437//6 440//6 435//6
f  435//4 441//4 438//4
f  441//5 436//5 438//5
f  439//3 436//3 442//3
f  439//6 440//6 437//6
f  441//4 435//4 440//4
f  443//5 436//5 441//5
f  436//5 443//5 442//5
f  443//1 439//1 442//1
f  440//6 439//6 444//6
f  444//7 441//7 440//7
f  441//7 444//7 443//7
f  439//1 443//1 444//1

# Mesh 'mesh3_mesh3-geometry' with 16 faces
g mesh3_mesh3-geometry
# usemtl material_0_24
f  437//1 436//1 435//1
f  438//1 435//1 436//1
f  437//4 439//4 436//4
f  435//5 440//5 437//5
f  438//3 441//3 435//3
f  438//6 436//6 441//6
f  442//4 436//4 439//4
f  437//5 440//5 439//5
f  440//3 435//3 441//3
f  441//6 436//6 443//6
f  442//6 443//6 436//6
f  442//2 439//2 443//2
f  444//5 439//5 440//5
f  440//8 441//8 444//8
f  443//8 444//8 441//8
f  444//2 443//2 439//2

# Mesh 'mesh3_mesh3-geometry' with 16 faces
g mesh3_mesh3-geometry
# usemtl material_1_24
f  445//2 446//2 447//2
f  446//2 445//2 448//2
f  446//3 449//3 447//3
f  447//6 450//6 445//6
f  445//4 451//4 448//4
f  451//5 446//5 448//5
f  449//3 446//3 452//3
f  449//6 450//6 447//6
f  451//4 445//4 450//4
f  453//5 446//5 451//5
f  446//5 453//5 452//5
f  453//1 449//1 452//1
f  450//6 449//6 454//6
f  454//7 451//7 450//7
f  451//7 454//7 453//7
f  449//1 453//1 454//1

# Mesh 'mesh3_mesh3-geometry' with 16 faces
g mesh3_mesh3-geometry
# usemtl material_0_24
f  447//1 446//1 445//1
f  448//1 445//1 446//1
f  447//4 449//4 446//4
f  445//5 450//5 447//5
f  448//3 451//3 445//3
f  448//6 446//6 451//6
f  452//4 446//4 449//4
f  447//5 450//5 449//5
f  450//3 445//3 451//3
f  451//6 446//6 453//6
f  452//6 453//6 446//6
f  452//2 449//2 453//2
f  454//5 449//5 450//5
f  450//8 451//8 454//8
f  453//8 454//8 451//8
f  454//2 453//2 449//2

# Mesh 'mesh1_mesh1-geometry' with 40 faces
g mesh1_mesh1-geometry
# usemtl material_0_24
f  455//1 456//1 457//1
f  456//1 455//1 458//1
f  457//2 456//2 455//2
f  458//2 455//2 456//2
f  456//3 459//3 457//3
f  457//4 459//4 456//4
f  459//5 455//5 457//5
f  457//6 455//6 459//6
f  455//3 460//3 458//3
f  458//4 460//4 455//4
f  458//6 461//6 456//6
f  456//5 461//5 458//5
f  459//3 456//3 462//3
f  462//4 456//4 459//4
f  463//5 455//5 459//5
f  459//6 455//6 463//6
f  460//3 455//3 464//3
f  464//4 455//4 460//4
f  460//6 461//6 458//6
f  458//5 461//5 460//5
f  456//6 461//6 462//6
f  462//5 461//5 456//5
f  461//2 459//2 462//2
f  462//1 459//1 461//1
f  465//5 455//5 463//5
f  463//6 455//6 465//6
f  459//2 461//2 463//2
f  463//1 461//1 459//1
f  455//5 465//5 464//5
f  464//6 465//6 455//6
f  465//1 460//1 464//1
f  464//2 460//2 465//2
f  461//6 460//6 466//6
f  466//5 460//5 461//5
f  461//4 465//4 463//4
f  463//3 465//3 461//3
f  460//1 465//1 466//1
f  466//2 465//2 460//2
f  465//4 461//4 466//4
f  466//3 461//3 465//3

# Mesh 'mesh2_mesh2-geometry' with 18 faces
g mesh2_mesh2-geometry
# usemtl material_0_0
l  458 460
l  458 455
l  456 458
l  460 466
l  460 464
l  455 464
l  457 455
l  456 462
l  457 456
l  466 461
l  465 466
l  464 465
l  459 457
l  462 461
l  462 459
l  461 463
l  463 465
l  459 463

# Mesh 'mesh1_mesh1-geometry' with 40 faces
g mesh1_mesh1-geometry
# usemtl material_0_24
f  467//1 468//1 469//1
f  468//1 467//1 470//1
f  469//2 468//2 467//2
f  470//2 467//2 468//2
f  468//3 471//3 469//3
f  469//4 471//4 468//4
f  471//5 467//5 469//5
f  469//6 467//6 471//6
f  467//3 472//3 470//3
f  470//4 472//4 467//4
f  470//6 473//6 468//6
f  468//5 473//5 470//5
f  471//3 468//3 474//3
f  474//4 468//4 471//4
f  475//5 467//5 471//5
f  471//6 467//6 475//6
f  472//3 467//3 476//3
f  476//4 467//4 472//4
f  472//6 473//6 470//6
f  470//5 473//5 472//5
f  468//6 473//6 474//6
f  474//5 473//5 468//5
f  473//2 471//2 474//2
f  474//1 471//1 473//1
f  477//5 467//5 475//5
f  475//6 467//6 477//6
f  471//2 473//2 475//2
f  475//1 473//1 471//1
f  467//5 477//5 476//5
f  476//6 477//6 467//6
f  477//1 472//1 476//1
f  476//2 472//2 477//2
f  473//6 472//6 478//6
f  478//5 472//5 473//5
f  473//4 477//4 475//4
f  475//3 477//3 473//3
f  472//1 477//1 478//1
f  478//2 477//2 472//2
f  477//4 473//4 478//4
f  478//3 473//3 477//3

# Mesh 'mesh2_mesh2-geometry' with 18 faces
g mesh2_mesh2-geometry
# usemtl material_0_0
l  470 472
l  470 467
l  468 470
l  472 478
l  472 476
l  467 476
l  469 467
l  468 474
l  469 468
l  478 473
l  477 478
l  476 477
l  471 469
l  474 473
l  474 471
l  473 475
l  475 477
l  471 475

# Mesh 'mesh1_mesh1-geometry' with 40 faces
g mesh1_mesh1-geometry
# usemtl material_0_24
f  479//1 3//1 480//1
f  3//1 479//1 1//1
f  480//2 3//2 479//2
f  1//2 479//2 3//2
f  3//3 481//3 480//3
f  480//4 481//4 3//4
f  481//5 479//5 480//5
f  480//6 479//6 481//6
f  479//3 10//3 1//3
f  1//4 10//4 479//4
f  1//6 9//6 3//6
f  3//5 9//5 1//5
f  481//3 3//3 5//3
f  5//4 3//4 481//4
f  482//5 479//5 481//5
f  481//6 479//6 482//6
f  10//3 479//3 483//3
f  483//4 479//4 10//4
f  10//6 9//6 1//6
f  1//5 9//5 10//5
f  3//6 9//6 5//6
f  5//5 9//5 3//5
f  9//2 481//2 5//2
f  5//1 481//1 9//1
f  484//5 479//5 482//5
f  482//6 479//6 484//6
f  481//2 9//2 482//2
f  482//1 9//1 481//1
f  479//5 484//5 483//5
f  483//6 484//6 479//6
f  484//1 10//1 483//1
f  483//2 10//2 484//2
f  9//6 10//6 11//6
f  11//5 10//5 9//5
f  9//4 484//4 482//4
f  482//3 484//3 9//3
f  10//1 484//1 11//1
f  11//2 484//2 10//2
f  484//4 9//4 11//4
f  11//3 9//3 484//3

# Mesh 'mesh2_mesh2-geometry' with 18 faces
g mesh2_mesh2-geometry
# usemtl material_0_0
l  1 10
l  1 479
l  3 1
l  10 11
l  10 483
l  479 483
l  480 479
l  3 5
l  480 3
l  11 9
l  484 11
l  483 484
l  481 480
l  5 9
l  5 481
l  9 482
l  482 484
l  481 482

# Mesh 'mesh1_mesh1-geometry' with 40 faces
g mesh1_mesh1-geometry
# usemtl material_0_24
f  458//1 485//1 456//1
f  485//1 458//1 486//1
f  456//2 485//2 458//2
f  486//2 458//2 485//2
f  485//3 462//3 456//3
f  456//4 462//4 485//4
f  462//5 458//5 456//5
f  456//6 458//6 462//6
f  458//3 487//3 486//3
f  486//4 487//4 458//4
f  486//6 488//6 485//6
f  485//5 488//5 486//5
f  462//3 485//3 489//3
f  489//4 485//4 462//4
f  461//5 458//5 462//5
f  462//6 458//6 461//6
f  487//3 458//3 460//3
f  460//4 458//4 487//4
f  487//6 488//6 486//6
f  486//5 488//5 487//5
f  485//6 488//6 489//6
f  489//5 488//5 485//5
f  488//2 462//2 489//2
f  489//1 462//1 488//1
f  466//5 458//5 461//5
f  461//6 458//6 466//6
f  462//2 488//2 461//2
f  461//1 488//1 462//1
f  458//5 466//5 460//5
f  460//6 466//6 458//6
f  466//1 487//1 460//1
f  460//2 487//2 466//2
f  488//6 487//6 490//6
f  490//5 487//5 488//5
f  488//4 466//4 461//4
f  461//3 466//3 488//3
f  487//1 466//1 490//1
f  490//2 466//2 487//2
f  466//4 488//4 490//4
f  490//3 488//3 466//3

# Mesh 'mesh2_mesh2-geometry' with 18 faces
g mesh2_mesh2-geometry
# usemtl material_0_0
l  486 487
l  486 458
l  485 486
l  487 490
l  487 460
l  458 460
l  456 458
l  485 489
l  456 485
l  490 488
l  466 490
l  460 466
l  462 456
l  489 488
l  489 462
l  488 461
l  461 466
l  462 461

# Mesh 'mesh1_mesh1-geometry' with 40 faces
g mesh1_mesh1-geometry
# usemtl material_0_24
f  491//1 492//1 493//1
f  492//1 491//1 494//1
f  493//2 492//2 491//2
f  494//2 491//2 492//2
f  492//3 495//3 493//3
f  493//4 495//4 492//4
f  495//5 491//5 493//5
f  493//6 491//6 495//6
f  491//3 496//3 494//3
f  494//4 496//4 491//4
f  494//6 497//6 492//6
f  492//5 497//5 494//5
f  495//3 492//3 498//3
f  498//4 492//4 495//4
f  499//5 491//5 495//5
f  495//6 491//6 499//6
f  496//3 491//3 500//3
f  500//4 491//4 496//4
f  496//6 497//6 494//6
f  494//5 497//5 496//5
f  492//6 497//6 498//6
f  498//5 497//5 492//5
f  497//2 495//2 498//2
f  498//1 495//1 497//1
f  501//5 491//5 499//5
f  499//6 491//6 501//6
f  495//2 497//2 499//2
f  499//1 497//1 495//1
f  491//5 501//5 500//5
f  500//6 501//6 491//6
f  501//1 496//1 500//1
f  500//2 496//2 501//2
f  497//6 496//6 502//6
f  502//5 496//5 497//5
f  497//4 501//4 499//4
f  499//3 501//3 497//3
f  496//1 501//1 502//1
f  502//2 501//2 496//2
f  501//4 497//4 502//4
f  502//3 497//3 501//3

# Mesh 'mesh2_mesh2-geometry' with 18 faces
g mesh2_mesh2-geometry
# usemtl material_0_0
l  494 496
l  494 491
l  492 494
l  496 502
l  496 500
l  491 500
l  493 491
l  492 498
l  493 492
l  502 497
l  501 502
l  500 501
l  495 493
l  498 497
l  498 495
l  497 499
l  499 501
l  495 499

# Mesh 'mesh3_mesh3-geometry' with 16 faces
g mesh3_mesh3-geometry
# usemtl material_1_24
f  503//2 504//2 505//2
f  504//2 503//2 506//2
f  504//3 507//3 505//3
f  505//6 508//6 503//6
f  503//4 509//4 506//4
f  509//5 504//5 506//5
f  507//3 504//3 510//3
f  507//6 508//6 505//6
f  509//4 503//4 508//4
f  511//5 504//5 509//5
f  504//5 511//5 510//5
f  511//1 507//1 510//1
f  508//6 507//6 512//6
f  512//7 509//7 508//7
f  509//7 512//7 511//7
f  507//1 511//1 512//1

# Mesh 'mesh3_mesh3-geometry' with 16 faces
g mesh3_mesh3-geometry
# usemtl material_0_24
f  505//1 504//1 503//1
f  506//1 503//1 504//1
f  505//4 507//4 504//4
f  503//5 508//5 505//5
f  506//3 509//3 503//3
f  506//6 504//6 509//6
f  510//4 504//4 507//4
f  505//5 508//5 507//5
f  508//3 503//3 509//3
f  509//6 504//6 511//6
f  510//6 511//6 504//6
f  510//2 507//2 511//2
f  512//5 507//5 508//5
f  508//8 509//8 512//8
f  511//8 512//8 509//8
f  512//2 511//2 507//2

# Mesh 'mesh3_mesh3-geometry' with 16 faces
g mesh3_mesh3-geometry
# usemtl material_1_24
f  513//2 514//2 515//2
f  514//2 513//2 516//2
f  514//3 517//3 515//3
f  515//6 518//6 513//6
f  513//4 519//4 516//4
f  519//5 514//5 516//5
f  517//3 514//3 520//3
f  517//6 518//6 515//6
f  519//4 513//4 518//4
f  521//5 514//5 519//5
f  514//5 521//5 520//5
f  521//1 517//1 520//1
f  518//6 517//6 522//6
f  522//7 519//7 518//7
f  519//7 522//7 521//7
f  517//1 521//1 522//1

# Mesh 'mesh3_mesh3-geometry' with 16 faces
g mesh3_mesh3-geometry
# usemtl material_0_24
f  515//1 514//1 513//1
f  516//1 513//1 514//1
f  515//4 517//4 514//4
f  513//5 518//5 515//5
f  516//3 519//3 513//3
f  516//6 514//6 519//6
f  520//4 514//4 517//4
f  515//5 518//5 517//5
f  518//3 513//3 519//3
f  519//6 514//6 521//6
f  520//6 521//6 514//6
f  520//2 517//2 521//2
f  522//5 517//5 518//5
f  518//8 519//8 522//8
f  521//8 522//8 519//8
f  522//2 521//2 517//2

# Mesh 'mesh1_mesh1-geometry' with 40 faces
g mesh1_mesh1-geometry
# usemtl material_0_24
f  523//1 524//1 525//1
f  524//1 523//1 526//1
f  525//2 524//2 523//2
f  526//2 523//2 524//2
f  524//3 527//3 525//3
f  525//4 527//4 524//4
f  527//5 523//5 525//5
f  525//6 523//6 527//6
f  523//3 528//3 526//3
f  526//4 528//4 523//4
f  526//6 529//6 524//6
f  524//5 529//5 526//5
f  527//3 524//3 530//3
f  530//4 524//4 527//4
f  531//5 523//5 527//5
f  527//6 523//6 531//6
f  528//3 523//3 532//3
f  532//4 523//4 528//4
f  528//6 529//6 526//6
f  526//5 529//5 528//5
f  524//6 529//6 530//6
f  530//5 529//5 524//5
f  529//2 527//2 530//2
f  530//1 527//1 529//1
f  533//5 523//5 531//5
f  531//6 523//6 533//6
f  527//2 529//2 531//2
f  531//1 529//1 527//1
f  523//5 533//5 532//5
f  532//6 533//6 523//6
f  533//1 528//1 532//1
f  532//2 528//2 533//2
f  529//6 528//6 534//6
f  534//5 528//5 529//5
f  529//4 533//4 531//4
f  531//3 533//3 529//3
f  528//1 533//1 534//1
f  534//2 533//2 528//2
f  533//4 529//4 534//4
f  534//3 529//3 533//3

# Mesh 'mesh2_mesh2-geometry' with 18 faces
g mesh2_mesh2-geometry
# usemtl material_0_0
l  526 528
l  526 523
l  524 526
l  528 534
l  528 532
l  523 532
l  525 523
l  524 530
l  525 524
l  534 529
l  533 534
l  532 533
l  527 525
l  530 529
l  530 527
l  529 531
l  531 533
l  527 531

# Mesh 'mesh3_mesh3-geometry' with 16 faces
g mesh3_mesh3-geometry
# usemtl material_1_24
f  535//2 536//2 537//2
f  536//2 535//2 538//2
f  536//3 539//3 537//3
f  537//6 540//6 535//6
f  535//4 541//4 538//4
f  541//5 536//5 538//5
f  539//3 536//3 542//3
f  539//6 540//6 537//6
f  541//4 535//4 540//4
f  543//5 536//5 541//5
f  536//5 543//5 542//5
f  543//1 539//1 542//1
f  540//6 539//6 544//6
f  544//7 541//7 540//7
f  541//7 544//7 543//7
f  539//1 543//1 544//1

# Mesh 'mesh3_mesh3-geometry' with 16 faces
g mesh3_mesh3-geometry
# usemtl material_0_24
f  537//1 536//1 535//1
f  538//1 535//1 536//1
f  537//4 539//4 536//4
f  535//5 540//5 537//5
f  538//3 541//3 535//3
f  538//6 536//6 541//6
f  542//4 536//4 539//4
f  537//5 540//5 539//5
f  540//3 535//3 541//3
f  541//6 536//6 543//6
f  542//6 543//6 536//6
f  542//2 539//2 543//2
f  544//5 539//5 540//5
f  540//8 541//8 544//8
f  543//8 544//8 541//8
f  544//2 543//2 539//2

# Mesh 'mesh3_mesh3-geometry' with 16 faces
g mesh3_mesh3-geometry
# usemtl material_1_24
f  545//2 546//2 547//2
f  546//2 545//2 548//2
f  546//3 549//3 547//3
f  547//6 550//6 545//6
f  545//4 551//4 548//4
f  551//5 546//5 548//5
f  549//3 546//3 552//3
f  549//6 550//6 547//6
f  551//4 545//4 550//4
f  553//5 546//5 551//5
f  546//5 553//5 552//5
f  553//1 549//1 552//1
f  550//6 549//6 554//6
f  554//7 551//7 550//7
f  551//7 554//7 553//7
f  549//1 553//1 554//1

# Mesh 'mesh3_mesh3-geometry' with 16 faces
g mesh3_mesh3-geometry
# usemtl material_0_24
f  547//1 546//1 545//1
f  548//1 545//1 546//1
f  547//4 549//4 546//4
f  545//5 550//5 547//5
f  548//3 551//3 545//3
f  548//6 546//6 551//6
f  552//4 546//4 549//4
f  547//5 550//5 549//5
f  550//3 545//3 551//3
f  551//6 546//6 553//6
f  552//6 553//6 546//6
f  552//2 549//2 553//2
f  554//5 549//5 550//5
f  550//8 551//8 554//8
f  553//8 554//8 551//8
f  554//2 553//2 549//2

# Mesh 'mesh1_mesh1-geometry' with 40 faces
g mesh1_mesh1-geometry
# usemtl material_0_24
f  555//1 556//1 557//1
f  556//1 555//1 558//1
f  557//2 556//2 555//2
f  558//2 555//2 556//2
f  556//3 559//3 557//3
f  557//4 559//4 556//4
f  559//5 555//5 557//5
f  557//6 555//6 559//6
f  555//3 560//3 558//3
f  558//4 560//4 555//4
f  558//6 561//6 556//6
f  556//5 561//5 558//5
f  559//3 556//3 562//3
f  562//4 556//4 559//4
f  563//5 555//5 559//5
f  559//6 555//6 563//6
f  560//3 555//3 564//3
f  564//4 555//4 560//4
f  560//6 561//6 558//6
f  558//5 561//5 560//5
f  556//6 561//6 562//6
f  562//5 561//5 556//5
f  561//2 559//2 562//2
f  562//1 559//1 561//1
f  565//5 555//5 563//5
f  563//6 555//6 565//6
f  559//2 561//2 563//2
f  563//1 561//1 559//1
f  555//5 565//5 564//5
f  564//6 565//6 555//6
f  565//1 560//1 564//1
f  564//2 560//2 565//2
f  561//6 560//6 566//6
f  566//5 560//5 561//5
f  561//4 565//4 563//4
f  563//3 565//3 561//3
f  560//1 565//1 566//1
f  566//2 565//2 560//2
f  565//4 561//4 566//4
f  566//3 561//3 565//3

# Mesh 'mesh2_mesh2-geometry' with 18 faces
g mesh2_mesh2-geometry
# usemtl material_0_0
l  558 560
l  558 555
l  556 558
l  560 566
l  560 564
l  555 564
l  557 555
l  556 562
l  557 556
l  566 561
l  565 566
l  564 565
l  559 557
l  562 561
l  562 559
l  561 563
l  563 565
l  559 563

# Mesh 'mesh3_mesh3-geometry' with 16 faces
g mesh3_mesh3-geometry
# usemtl material_1_24
f  567//2 568//2 569//2
f  568//2 567//2 570//2
f  568//3 571//3 569//3
f  569//6 572//6 567//6
f  567//4 573//4 570//4
f  573//5 568//5 570//5
f  571//3 568//3 574//3
f  571//6 572//6 569//6
f  573//4 567//4 572//4
f  575//5 568//5 573//5
f  568//5 575//5 574//5
f  575//1 571//1 574//1
f  572//6 571//6 576//6
f  576//7 573//7 572//7
f  573//7 576//7 575//7
f  571//1 575//1 576//1

# Mesh 'mesh3_mesh3-geometry' with 16 faces
g mesh3_mesh3-geometry
# usemtl material_0_24
f  569//1 568//1 567//1
f  570//1 567//1 568//1
f  569//4 571//4 568//4
f  567//5 572//5 569//5
f  570//3 573//3 567//3
f  570//6 568//6 573//6
f  574//4 568//4 571//4
f  569//5 572//5 571//5
f  572//3 567//3 573//3
f  573//6 568//6 575//6
f  574//6 575//6 568//6
f  574//2 571//2 575//2
f  576//5 571//5 572//5
f  572//8 573//8 576//8
f  575//8 576//8 573//8
f  576//2 575//2 571//2

# Mesh 'mesh1_mesh1-geometry' with 40 faces
g mesh1_mesh1-geometry
# usemtl material_0_24
f  577//1 578//1 579//1
f  578//1 577//1 580//1
f  579//2 578//2 577//2
f  580//2 577//2 578//2
f  578//3 581//3 579//3
f  579//4 581//4 578//4
f  581//5 577//5 579//5
f  579//6 577//6 581//6
f  577//3 582//3 580//3
f  580//4 582//4 577//4
f  580//6 583//6 578//6
f  578//5 583//5 580//5
f  581//3 578//3 584//3
f  584//4 578//4 581//4
f  585//5 577//5 581//5
f  581//6 577//6 585//6
f  582//3 577//3 586//3
f  586//4 577//4 582//4
f  582//6 583//6 580//6
f  580//5 583//5 582//5
f  578//6 583//6 584//6
f  584//5 583//5 578//5
f  583//2 581//2 584//2
f  584//1 581//1 583//1
f  587//5 577//5 585//5
f  585//6 577//6 587//6
f  581//2 583//2 585//2
f  585//1 583//1 581//1
f  577//5 587//5 586//5
f  586//6 587//6 577//6
f  587//1 582//1 586//1
f  586//2 582//2 587//2
f  583//6 582//6 588//6
f  588//5 582//5 583//5
f  583//4 587//4 585//4
f  585//3 587//3 583//3
f  582//1 587//1 588//1
f  588//2 587//2 582//2
f  587//4 583//4 588//4
f  588//3 583//3 587//3

# Mesh 'mesh2_mesh2-geometry' with 18 faces
g mesh2_mesh2-geometry
# usemtl material_0_0
l  580 582
l  580 577
l  578 580
l  582 588
l  582 586
l  577 586
l  579 577
l  578 584
l  579 578
l  588 583
l  587 588
l  586 587
l  581 579
l  584 583
l  584 581
l  583 585
l  585 587
l  581 585

# Mesh 'mesh3_mesh3-geometry' with 16 faces
g mesh3_mesh3-geometry
# usemtl material_1_24
f  589//2 590//2 591//2
f  590//2 589//2 592//2
f  590//3 593//3 591//3
f  591//6 594//6 589//6
f  589//4 595//4 592//4
f  595//5 590//5 592//5
f  593//3 590//3 596//3
f  593//6 594//6 591//6
f  595//4 589//4 594//4
f  597//5 590//5 595//5
f  590//5 597//5 596//5
f  597//1 593//1 596//1
f  594//6 593//6 598//6
f  598//7 595//7 594//7
f  595//7 598//7 597//7
f  593//1 597//1 598//1

# Mesh 'mesh3_mesh3-geometry' with 16 faces
g mesh3_mesh3-geometry
# usemtl material_0_24
f  591//1 590//1 589//1
f  592//1 589//1 590//1
f  591//4 593//4 590//4
f  589//5 594//5 591//5
f  592//3 595//3 589//3
f  592//6 590//6 595//6
f  596//4 590//4 593//4
f  591//5 594//5 593//5
f  594//3 589//3 595//3
f  595//6 590//6 597//6
f  596//6 597//6 590//6
f  596//2 593//2 597//2
f  598//5 593//5 594//5
f  594//8 595//8 598//8
f  597//8 598//8 595//8
f  598//2 597//2 593//2

# Mesh 'mesh1_mesh1-geometry' with 40 faces
g mesh1_mesh1-geometry
# usemtl material_0_24
f  526//1 599//1 524//1
f  599//1 526//1 600//1
f  524//2 599//2 526//2
f  600//2 526//2 599//2
f  599//3 530//3 524//3
f  524//4 530//4 599//4
f  530//5 526//5 524//5
f  524//6 526//6 530//6
f  526//3 601//3 600//3
f  600//4 601//4 526//4
f  600//6 602//6 599//6
f  599//5 602//5 600//5
f  530//3 599//3 603//3
f  603//4 599//4 530//4
f  529//5 526//5 530//5
f  530//6 526//6 529//6
f  601//3 526//3 528//3
f  528//4 526//4 601//4
f  601//6 602//6 600//6
f  600//5 602//5 601//5
f  599//6 602//6 603//6
f  603//5 602//5 599//5
f  602//2 530//2 603//2
f  603//1 530//1 602//1
f  534//5 526//5 529//5
f  529//6 526//6 534//6
f  530//2 602//2 529//2
f  529//1 602//1 530//1
f  526//5 534//5 528//5
f  528//6 534//6 526//6
f  534//1 601//1 528//1
f  528//2 601//2 534//2
f  602//6 601//6 604//6
f  604//5 601//5 602//5
f  602//4 534//4 529//4
f  529//3 534//3 602//3
f  601//1 534//1 604//1
f  604//2 534//2 601//2
f  534//4 602//4 604//4
f  604//3 602//3 534//3

# Mesh 'mesh2_mesh2-geometry' with 18 faces
g mesh2_mesh2-geometry
# usemtl material_0_0
l  600 601
l  600 526
l  599 600
l  601 604
l  601 528
l  526 528
l  524 526
l  599 603
l  524 599
l  604 602
l  534 604
l  528 534
l  530 524
l  603 602
l  603 530
l  602 529
l  529 534
l  530 529

# Mesh 'mesh1_mesh1-geometry' with 40 faces
g mesh1_mesh1-geometry
# usemtl material_0_24
f  605//1 606//1 607//1
f  606//1 605//1 608//1
f  607//2 606//2 605//2
f  608//2 605//2 606//2
f  606//3 609//3 607//3
f  607//4 609//4 606//4
f  609//5 605//5 607//5
f  607//6 605//6 609//6
f  605//3 610//3 608//3
f  608//4 610//4 605//4
f  608//6 611//6 606//6
f  606//5 611//5 608//5
f  609//3 606//3 612//3
f  612//4 606//4 609//4
f  613//5 605//5 609//5
f  609//6 605//6 613//6
f  610//3 605//3 614//3
f  614//4 605//4 610//4
f  610//6 611//6 608//6
f  608//5 611//5 610//5
f  606//6 611//6 612//6
f  612//5 611//5 606//5
f  611//2 609//2 612//2
f  612//1 609//1 611//1
f  615//5 605//5 613//5
f  613//6 605//6 615//6
f  609//2 611//2 613//2
f  613//1 611//1 609//1
f  605//5 615//5 614//5
f  614//6 615//6 605//6
f  615//1 610//1 614//1
f  614//2 610//2 615//2
f  611//6 610//6 616//6
f  616//5 610//5 611//5
f  611//4 615//4 613//4
f  613//3 615//3 611//3
f  610//1 615//1 616//1
f  616//2 615//2 610//2
f  615//4 611//4 616//4
f  616//3 611//3 615//3

# Mesh 'mesh2_mesh2-geometry' with 18 faces
g mesh2_mesh2-geometry
# usemtl material_0_0
l  608 610
l  608 605
l  606 608
l  610 616
l  610 614
l  605 614
l  607 605
l  606 612
l  607 606
l  616 611
l  615 616
l  614 615
l  609 607
l  612 611
l  612 609
l  611 613
l  613 615
l  609 613

# Mesh 'mesh1_mesh1-geometry' with 40 faces
g mesh1_mesh1-geometry
# usemtl material_0_24
f  608//1 617//1 606//1
f  617//1 608//1 618//1
f  606//2 617//2 608//2
f  618//2 608//2 617//2
f  617//3 612//3 606//3
f  606//4 612//4 617//4
f  612//5 608//5 606//5
f  606//6 608//6 612//6
f  608//3 619//3 618//3
f  618//4 619//4 608//4
f  618//6 620//6 617//6
f  617//5 620//5 618//5
f  612//3 617//3 621//3
f  621//4 617//4 612//4
f  611//5 608//5 612//5
f  612//6 608//6 611//6
f  619//3 608//3 610//3
f  610//4 608//4 619//4
f  619//6 620//6 618//6
f  618//5 620//5 619//5
f  617//6 620//6 621//6
f  621//5 620//5 617//5
f  620//2 612//2 621//2
f  621//1 612//1 620//1
f  616//5 608//5 611//5
f  611//6 608//6 616//6
f  612//2 620//2 611//2
f  611//1 620//1 612//1
f  608//5 616//5 610//5
f  610//6 616//6 608//6
f  616//1 619//1 610//1
f  610//2 619//2 616//2
f  620//6 619//6 622//6
f  622//5 619//5 620//5
f  620//4 616//4 611//4
f  611//3 616//3 620//3
f  619//1 616//1 622//1
f  622//2 616//2 619//2
f  616//4 620//4 622//4
f  622//3 620//3 616//3

# Mesh 'mesh2_mesh2-geometry' with 18 faces
g mesh2_mesh2-geometry
# usemtl material_0_0
l  618 619
l  618 608
l  617 618
l  619 622
l  619 610
l  608 610
l  606 608
l  617 621
l  606 617
l  622 620
l  616 622
l  610 616
l  612 606
l  621 620
l  621 612
l  620 611
l  611 616
l  612 611

# Mesh 'mesh1_mesh1-geometry' with 40 faces
g mesh1_mesh1-geometry
# usemtl material_0_24
f  623//1 624//1 625//1
f  624//1 623//1 626//1
f  625//2 624//2 623//2
f  626//2 623//2 624//2
f  624//3 627//3 625//3
f  625//4 627//4 624//4
f  627//5 623//5 625//5
f  625//6 623//6 627//6
f  623//3 628//3 626//3
f  626//4 628//4 623//4
f  626//6 629//6 624//6
f  624//5 629//5 626//5
f  627//3 624//3 630//3
f  630//4 624//4 627//4
f  631//5 623//5 627//5
f  627//6 623//6 631//6
f  628//3 623//3 632//3
f  632//4 623//4 628//4
f  628//6 629//6 626//6
f  626//5 629//5 628//5
f  624//6 629//6 630//6
f  630//5 629//5 624//5
f  629//2 627//2 630//2
f  630//1 627//1 629//1
f  633//5 623//5 631//5
f  631//6 623//6 633//6
f  627//2 629//2 631//2
f  631//1 629//1 627//1
f  623//5 633//5 632//5
f  632//6 633//6 623//6
f  633//1 628//1 632//1
f  632//2 628//2 633//2
f  629//6 628//6 634//6
f  634//5 628//5 629//5
f  629//4 633//4 631//4
f  631//3 633//3 629//3
f  628//1 633//1 634//1
f  634//2 633//2 628//2
f  633//4 629//4 634//4
f  634//3 629//3 633//3

# Mesh 'mesh2_mesh2-geometry' with 18 faces
g mesh2_mesh2-geometry
# usemtl material_0_0
l  626 628
l  626 623
l  624 626
l  628 634
l  628 632
l  623 632
l  625 623
l  624 630
l  625 624
l  634 629
l  633 634
l  632 633
l  627 625
l  630 629
l  630 627
l  629 631
l  631 633
l  627 631

# Mesh 'mesh3_mesh3-geometry' with 16 faces
g mesh3_mesh3-geometry
# usemtl material_1_24
f  635//2 636//2 637//2
f  636//2 635//2 638//2
f  636//3 639//3 637//3
f  637//6 640//6 635//6
f  635//4 641//4 638//4
f  641//5 636//5 638//5
f  639//3 636//3 642//3
f  639//6 640//6 637//6
f  641//4 635//4 640//4
f  643//5 636//5 641//5
f  636//5 643//5 642//5
f  643//1 639//1 642//1
f  640//6 639//6 644//6
f  644//7 641//7 640//7
f  641//7 644//7 643//7
f  639//1 643//1 644//1

# Mesh 'mesh3_mesh3-geometry' with 16 faces
g mesh3_mesh3-geometry
# usemtl material_0_24
f  637//1 636//1 635//1
f  638//1 635//1 636//1
f  637//4 639//4 636//4
f  635//5 640//5 637//5
f  638//3 641//3 635//3
f  638//6 636//6 641//6
f  642//4 636//4 639//4
f  637//5 640//5 639//5
f  640//3 635//3 641//3
f  641//6 636//6 643//6
f  642//6 643//6 636//6
f  642//2 639//2 643//2
f  644//5 639//5 640//5
f  640//8 641//8 644//8
f  643//8 644//8 641//8
f  644//2 643//2 639//2

# Mesh 'mesh1_mesh1-geometry' with 40 faces
g mesh1_mesh1-geometry
# usemtl material_0_24
f  645//1 646//1 647//1
f  646//1 645//1 648//1
f  647//2 646//2 645//2
f  648//2 645//2 646//2
f  646//3 649//3 647//3
f  647//4 649//4 646//4
f  649//5 645//5 647//5
f  647//6 645//6 649//6
f  645//3 650//3 648//3
f  648//4 650//4 645//4
f  648//6 651//6 646//6
f  646//5 651//5 648//5
f  649//3 646//3 652//3
f  652//4 646//4 649//4
f  653//5 645//5 649//5
f  649//6 645//6 653//6
f  650//3 645//3 654//3
f  654//4 645//4 650//4
f  650//6 651//6 648//6
f  648//5 651//5 650//5
f  646//6 651//6 652//6
f  652//5 651//5 646//5
f  651//2 649//2 652//2
f  652//1 649//1 651//1
f  655//5 645//5 653//5
f  653//6 645//6 655//6
f  649//2 651//2 653//2
f  653//1 651//1 649//1
f  645//5 655//5 654//5
f  654//6 655//6 645//6
f  655//1 650//1 654//1
f  654//2 650//2 655//2
f  651//6 650//6 656//6
f  656//5 650//5 651//5
f  651//4 655//4 653//4
f  653//3 655//3 651//3
f  650//1 655//1 656//1
f  656//2 655//2 650//2
f  655//4 651//4 656//4
f  656//3 651//3 655//3

# Mesh 'mesh2_mesh2-geometry' with 18 faces
g mesh2_mesh2-geometry
# usemtl material_0_0
l  648 650
l  648 645
l  646 648
l  650 656
l  650 654
l  645 654
l  647 645
l  646 652
l  647 646
l  656 651
l  655 656
l  654 655
l  649 647
l  652 651
l  652 649
l  651 653
l  653 655
l  649 653

# Mesh 'mesh3_mesh3-geometry' with 16 faces
g mesh3_mesh3-geometry
# usemtl material_1_24
f  657//2 658//2 659//2
f  658//2 657//2 660//2
f  658//3 661//3 659//3
f  659//6 662//6 657//6
f  657//4 663//4 660//4
f  663//5 658//5 660//5
f  661//3 658//3 664//3
f  661//6 662//6 659//6
f  663//4 657//4 662//4
f  665//5 658//5 663//5
f  658//5 665//5 664//5
f  665//1 661//1 664//1
f  662//6 661//6 666//6
f  666//7 663//7 662//7
f  663//7 666//7 665//7
f  661//1 665//1 666//1

# Mesh 'mesh3_mesh3-geometry' with 16 faces
g mesh3_mesh3-geometry
# usemtl material_0_24
f  659//1 658//1 657//1
f  660//1 657//1 658//1
f  659//4 661//4 658//4
f  657//5 662//5 659//5
f  660//3 663//3 657//3
f  660//6 658//6 663//6
f  664//4 658//4 661//4
f  659//5 662//5 661//5
f  662//3 657//3 663//3
f  663//6 658//6 665//6
f  664//6 665//6 658//6
f  664//2 661//2 665//2
f  666//5 661//5 662//5
f  662//8 663//8 666//8
f  665//8 666//8 663//8
f  666//2 665//2 661//2

# Mesh 'mesh3_mesh3-geometry' with 16 faces
g mesh3_mesh3-geometry
# usemtl material_1_24
f  667//2 668//2 669//2
f  668//2 667//2 670//2
f  668//3 671//3 669//3
f  669//6 672//6 667//6
f  667//4 673//4 670//4
f  673//5 668//5 670//5
f  671//3 668//3 674//3
f  671//6 672//6 669//6
f  673//4 667//4 672//4
f  675//5 668//5 673//5
f  668//5 675//5 674//5
f  675//1 671//1 674//1
f  672//6 671//6 676//6
f  676//7 673//7 672//7
f  673//7 676//7 675//7
f  671//1 675//1 676//1

# Mesh 'mesh3_mesh3-geometry' with 16 faces
g mesh3_mesh3-geometry
# usemtl material_0_24
f  669//1 668//1 667//1
f  670//1 667//1 668//1
f  669//4 671//4 668//4
f  667//5 672//5 669//5
f  670//3 673//3 667//3
f  670//6 668//6 673//6
f  674//4 668//4 671//4
f  669//5 672//5 671//5
f  672//3 667//3 673//3
f  673//6 668//6 675//6
f  674//6 675//6 668//6
f  674//2 671//2 675//2
f  676//5 671//5 672//5
f  672//8 673//8 676//8
f  675//8 676//8 673//8
f  676//2 675//2 671//2

# Mesh 'mesh1_mesh1-geometry' with 40 faces
g mesh1_mesh1-geometry
# usemtl material_0_24
f  677//1 678//1 679//1
f  678//1 677//1 680//1
f  679//2 678//2 677//2
f  680//2 677//2 678//2
f  678//3 681//3 679//3
f  679//4 681//4 678//4
f  681//5 677//5 679//5
f  679//6 677//6 681//6
f  677//3 682//3 680//3
f  680//4 682//4 677//4
f  680//6 683//6 678//6
f  678//5 683//5 680//5
f  681//3 678//3 684//3
f  684//4 678//4 681//4
f  685//5 677//5 681//5
f  681//6 677//6 685//6
f  682//3 677//3 686//3
f  686//4 677//4 682//4
f  682//6 683//6 680//6
f  680//5 683//5 682//5
f  678//6 683//6 684//6
f  684//5 683//5 678//5
f  683//2 681//2 684//2
f  684//1 681//1 683//1
f  687//5 677//5 685//5
f  685//6 677//6 687//6
f  681//2 683//2 685//2
f  685//1 683//1 681//1
f  677//5 687//5 686//5
f  686//6 687//6 677//6
f  687//1 682//1 686//1
f  686//2 682//2 687//2
f  683//6 682//6 688//6
f  688//5 682//5 683//5
f  683//4 687//4 685//4
f  685//3 687//3 683//3
f  682//1 687//1 688//1
f  688//2 687//2 682//2
f  687//4 683//4 688//4
f  688//3 683//3 687//3

# Mesh 'mesh2_mesh2-geometry' with 18 faces
g mesh2_mesh2-geometry
# usemtl material_0_0
l  680 682
l  680 677
l  678 680
l  682 688
l  682 686
l  677 686
l  679 677
l  678 684
l  679 678
l  688 683
l  687 688
l  686 687
l  681 679
l  684 683
l  684 681
l  683 685
l  685 687
l  681 685

# Mesh 'mesh1_mesh1-geometry' with 40 faces
g mesh1_mesh1-geometry
# usemtl material_0_24
f  689//1 679//1 690//1
f  679//1 689//1 677//1
f  690//2 679//2 689//2
f  677//2 689//2 679//2
f  679//3 691//3 690//3
f  690//4 691//4 679//4
f  691//5 689//5 690//5
f  690//6 689//6 691//6
f  689//3 686//3 677//3
f  677//4 686//4 689//4
f  677//6 685//6 679//6
f  679//5 685//5 677//5
f  691//3 679//3 681//3
f  681//4 679//4 691//4
f  692//5 689//5 691//5
f  691//6 689//6 692//6
f  686//3 689//3 693//3
f  693//4 689//4 686//4
f  686//6 685//6 677//6
f  677//5 685//5 686//5
f  679//6 685//6 681//6
f  681//5 685//5 679//5
f  685//2 691//2 681//2
f  681//1 691//1 685//1
f  694//5 689//5 692//5
f  692//6 689//6 694//6
f  691//2 685//2 692//2
f  692//1 685//1 691//1
f  689//5 694//5 693//5
f  693//6 694//6 689//6
f  694//1 686//1 693//1
f  693//2 686//2 694//2
f  685//6 686//6 687//6
f  687//5 686//5 685//5
f  685//4 694//4 692//4
f  692//3 694//3 685//3
f  686//1 694//1 687//1
f  687//2 694//2 686//2
f  694//4 685//4 687//4
f  687//3 685//3 694//3

# Mesh 'mesh2_mesh2-geometry' with 18 faces
g mesh2_mesh2-geometry
# usemtl material_0_0
l  677 686
l  677 689
l  679 677
l  686 687
l  686 693
l  689 693
l  690 689
l  679 681
l  690 679
l  687 685
l  694 687
l  693 694
l  691 690
l  681 685
l  681 691
l  685 692
l  692 694
l  691 692

# Mesh 'mesh3_mesh3-geometry' with 16 faces
g mesh3_mesh3-geometry
# usemtl material_1_24
f  695//2 696//2 697//2
f  696//2 695//2 698//2
f  696//3 699//3 697//3
f  697//6 700//6 695//6
f  695//4 701//4 698//4
f  701//5 696//5 698//5
f  699//3 696//3 702//3
f  699//6 700//6 697//6
f  701//4 695//4 700//4
f  703//5 696//5 701//5
f  696//5 703//5 702//5
f  703//1 699//1 702//1
f  700//6 699//6 704//6
f  704//7 701//7 700//7
f  701//7 704//7 703//7
f  699//1 703//1 704//1

# Mesh 'mesh3_mesh3-geometry' with 16 faces
g mesh3_mesh3-geometry
# usemtl material_0_24
f  697//1 696//1 695//1
f  698//1 695//1 696//1
f  697//4 699//4 696//4
f  695//5 700//5 697//5
f  698//3 701//3 695//3
f  698//6 696//6 701//6
f  702//4 696//4 699//4
f  697//5 700//5 699//5
f  700//3 695//3 701//3
f  701//6 696//6 703//6
f  702//6 703//6 696//6
f  702//2 699//2 703//2
f  704//5 699//5 700//5
f  700//8 701//8 704//8
f  703//8 704//8 701//8
f  704//2 703//2 699//2

# Mesh 'mesh1_mesh1-geometry' with 40 faces
g mesh1_mesh1-geometry
# usemtl material_0_24
f  705//1 706//1 707//1
f  706//1 705//1 708//1
f  707//2 706//2 705//2
f  708//2 705//2 706//2
f  706//3 709//3 707//3
f  707//4 709//4 706//4
f  709//5 705//5 707//5
f  707//6 705//6 709//6
f  705//3 710//3 708//3
f  708//4 710//4 705//4
f  708//6 711//6 706//6
f  706//5 711//5 708//5
f  709//3 706//3 712//3
f  712//4 706//4 709//4
f  713//5 705//5 709//5
f  709//6 705//6 713//6
f  710//3 705//3 714//3
f  714//4 705//4 710//4
f  710//6 711//6 708//6
f  708//5 711//5 710//5
f  706//6 711//6 712//6
f  712//5 711//5 706//5
f  711//2 709//2 712//2
f  712//1 709//1 711//1
f  715//5 705//5 713//5
f  713//6 705//6 715//6
f  709//2 711//2 713//2
f  713//1 711//1 709//1
f  705//5 715//5 714//5
f  714//6 715//6 705//6
f  715//1 710//1 714//1
f  714//2 710//2 715//2
f  711//6 710//6 716//6
f  716//5 710//5 711//5
f  711//4 715//4 713//4
f  713//3 715//3 711//3
f  710//1 715//1 716//1
f  716//2 715//2 710//2
f  715//4 711//4 716//4
f  716//3 711//3 715//3

# Mesh 'mesh2_mesh2-geometry' with 18 faces
g mesh2_mesh2-geometry
# usemtl material_0_0
l  708 710
l  708 705
l  706 708
l  710 716
l  710 714
l  705 714
l  707 705
l  706 712
l  707 706
l  716 711
l  715 716
l  714 715
l  709 707
l  712 711
l  712 709
l  711 713
l  713 715
l  709 713

# Mesh 'mesh3_mesh3-geometry' with 16 faces
g mesh3_mesh3-geometry
# usemtl material_1_24
f  717//2 718//2 719//2
f  718//2 717//2 720//2
f  718//3 721//3 719//3
f  719//6 722//6 717//6
f  717//4 723//4 720//4
f  723//5 718//5 720//5
f  721//3 718//3 724//3
f  721//6 722//6 719//6
f  723//4 717//4 722//4
f  725//5 718//5 723//5
f  718//5 725//5 724//5
f  725//1 721//1 724//1
f  722//6 721//6 726//6
f  726//7 723//7 722//7
f  723//7 726//7 725//7
f  721//1 725//1 726//1

# Mesh 'mesh3_mesh3-geometry' with 16 faces
g mesh3_mesh3-geometry
# usemtl material_0_24
f  719//1 718//1 717//1
f  720//1 717//1 718//1
f  719//4 721//4 718//4
f  717//5 722//5 719//5
f  720//3 723//3 717//3
f  720//6 718//6 723//6
f  724//4 718//4 721//4
f  719//5 722//5 721//5
f  722//3 717//3 723//3
f  723//6 718//6 725//6
f  724//6 725//6 718//6
f  724//2 721//2 725//2
f  726//5 721//5 722//5
f  722//8 723//8 726//8
f  725//8 726//8 723//8
f  726//2 725//2 721//2

# Mesh 'mesh1_mesh1-geometry' with 40 faces
g mesh1_mesh1-geometry
# usemtl material_0_24
f  727//1 728//1 729//1
f  728//1 727//1 730//1
f  729//2 728//2 727//2
f  730//2 727//2 728//2
f  728//3 731//3 729//3
f  729//4 731//4 728//4
f  731//5 727//5 729//5
f  729//6 727//6 731//6
f  727//3 732//3 730//3
f  730//4 732//4 727//4
f  730//6 733//6 728//6
f  728//5 733//5 730//5
f  731//3 728//3 734//3
f  734//4 728//4 731//4
f  735//5 727//5 731//5
f  731//6 727//6 735//6
f  732//3 727//3 736//3
f  736//4 727//4 732//4
f  732//6 733//6 730//6
f  730//5 733//5 732//5
f  728//6 733//6 734//6
f  734//5 733//5 728//5
f  733//2 731//2 734//2
f  734//1 731//1 733//1
f  737//5 727//5 735//5
f  735//6 727//6 737//6
f  731//2 733//2 735//2
f  735//1 733//1 731//1
f  727//5 737//5 736//5
f  736//6 737//6 727//6
f  737//1 732//1 736//1
f  736//2 732//2 737//2
f  733//6 732//6 738//6
f  738//5 732//5 733//5
f  733//4 737//4 735//4
f  735//3 737//3 733//3
f  732//1 737//1 738//1
f  738//2 737//2 732//2
f  737//4 733//4 738//4
f  738//3 733//3 737//3

# Mesh 'mesh2_mesh2-geometry' with 18 faces
g mesh2_mesh2-geometry
# usemtl material_0_0
l  730 732
l  730 727
l  728 730
l  732 738
l  732 736
l  727 736
l  729 727
l  728 734
l  729 728
l  738 733
l  737 738
l  736 737
l  731 729
l  734 733
l  734 731
l  733 735
l  735 737
l  731 735

# Mesh 'mesh1_mesh1-geometry' with 40 faces
g mesh1_mesh1-geometry
# usemtl material_0_24
f  739//1 740//1 741//1
f  740//1 739//1 742//1
f  741//2 740//2 739//2
f  742//2 739//2 740//2
f  740//3 743//3 741//3
f  741//4 743//4 740//4
f  743//5 739//5 741//5
f  741//6 739//6 743//6
f  739//3 744//3 742//3
f  742//4 744//4 739//4
f  742//6 745//6 740//6
f  740//5 745//5 742//5
f  743//3 740//3 746//3
f  746//4 740//4 743//4
f  747//5 739//5 743//5
f  743//6 739//6 747//6
f  744//3 739//3 748//3
f  748//4 739//4 744//4
f  744//6 745//6 742//6
f  742//5 745//5 744//5
f  740//6 745//6 746//6
f  746//5 745//5 740//5
f  745//2 743//2 746//2
f  746//1 743//1 745//1
f  749//5 739//5 747//5
f  747//6 739//6 749//6
f  743//2 745//2 747//2
f  747//1 745//1 743//1
f  739//5 749//5 748//5
f  748//6 749//6 739//6
f  749//1 744//1 748//1
f  748//2 744//2 749//2
f  745//6 744//6 750//6
f  750//5 744//5 745//5
f  745//4 749//4 747//4
f  747//3 749//3 745//3
f  744//1 749//1 750//1
f  750//2 749//2 744//2
f  749//4 745//4 750//4
f  750//3 745//3 749//3

# Mesh 'mesh2_mesh2-geometry' with 18 faces
g mesh2_mesh2-geometry
# usemtl material_0_0
l  742 744
l  742 739
l  740 742
l  744 750
l  744 748
l  739 748
l  741 739
l  740 746
l  741 740
l  750 745
l  749 750
l  748 749
l  743 741
l  746 745
l  746 743
l  745 747
l  747 749
l  743 747

# Mesh 'mesh1_mesh1-geometry' with 40 faces
g mesh1_mesh1-geometry
# usemtl material_0_24
f  742//1 751//1 740//1
f  751//1 742//1 752//1
f  740//2 751//2 742//2
f  752//2 742//2 751//2
f  751//3 746//3 740//3
f  740//4 746//4 751//4
f  746//5 742//5 740//5
f  740//6 742//6 746//6
f  742//3 753//3 752//3
f  752//4 753//4 742//4
f  752//6 754//6 751//6
f  751//5 754//5 752//5
f  746//3 751//3 755//3
f  755//4 751//4 746//4
f  745//5 742//5 746//5
f  746//6 742//6 745//6
f  753//3 742//3 744//3
f  744//4 742//4 753//4
f  753//6 754//6 752//6
f  752//5 754//5 753//5
f  751//6 754//6 755//6
f  755//5 754//5 751//5
f  754//2 746//2 755//2
f  755//1 746//1 754//1
f  750//5 742//5 745//5
f  745//6 742//6 750//6
f  746//2 754//2 745//2
f  745//1 754//1 746//1
f  742//5 750//5 744//5
f  744//6 750//6 742//6
f  750//1 753//1 744//1
f  744//2 753//2 750//2
f  754//6 753//6 756//6
f  756//5 753//5 754//5
f  754//4 750//4 745//4
f  745//3 750//3 754//3
f  753//1 750//1 756//1
f  756//2 750//2 753//2
f  750//4 754//4 756//4
f  756//3 754//3 750//3

# Mesh 'mesh2_mesh2-geometry' with 18 faces
g mesh2_mesh2-geometry
# usemtl material_0_0
l  752 753
l  752 742
l  751 752
l  753 756
l  753 744
l  742 744
l  740 742
l  751 755
l  740 751
l  756 754
l  750 756
l  744 750
l  746 740
l  755 754
l  755 746
l  754 745
l  745 750
l  746 745

# Mesh 'mesh3_mesh3-geometry' with 16 faces
g mesh3_mesh3-geometry
# usemtl material_1_24
f  757//2 758//2 759//2
f  758//2 757//2 760//2
f  758//3 761//3 759//3
f  759//6 762//6 757//6
f  757//4 763//4 760//4
f  763//5 758//5 760//5
f  761//3 758//3 764//3
f  761//6 762//6 759//6
f  763//4 757//4 762//4
f  765//5 758//5 763//5
f  758//5 765//5 764//5
f  765//1 761//1 764//1
f  762//6 761//6 766//6
f  766//7 763//7 762//7
f  763//7 766//7 765//7
f  761//1 765//1 766//1

# Mesh 'mesh3_mesh3-geometry' with 16 faces
g mesh3_mesh3-geometry
# usemtl material_0_24
f  759//1 758//1 757//1
f  760//1 757//1 758//1
f  759//4 761//4 758//4
f  757//5 762//5 759//5
f  760//3 763//3 757//3
f  760//6 758//6 763//6
f  764//4 758//4 761//4
f  759//5 762//5 761//5
f  762//3 757//3 763//3
f  763//6 758//6 765//6
f  764//6 765//6 758//6
f  764//2 761//2 765//2
f  766//5 761//5 762//5
f  762//8 763//8 766//8
f  765//8 766//8 763//8
f  766//2 765//2 761//2

# Mesh 'mesh1_mesh1-geometry' with 40 faces
g mesh1_mesh1-geometry
# usemtl material_0_24
f  767//1 768//1 769//1
f  768//1 767//1 770//1
f  769//2 768//2 767//2
f  770//2 767//2 768//2
f  768//3 771//3 769//3
f  769//4 771//4 768//4
f  771//5 767//5 769//5
f  769//6 767//6 771//6
f  767//3 772//3 770//3
f  770//4 772//4 767//4
f  770//6 773//6 768//6
f  768//5 773//5 770//5
f  771//3 768//3 774//3
f  774//4 768//4 771//4
f  775//5 767//5 771//5
f  771//6 767//6 775//6
f  772//3 767//3 776//3
f  776//4 767//4 772//4
f  772//6 773//6 770//6
f  770//5 773//5 772//5
f  768//6 773//6 774//6
f  774//5 773//5 768//5
f  773//2 771//2 774//2
f  774//1 771//1 773//1
f  777//5 767//5 775//5
f  775//6 767//6 777//6
f  771//2 773//2 775//2
f  775//1 773//1 771//1
f  767//5 777//5 776//5
f  776//6 777//6 767//6
f  777//1 772//1 776//1
f  776//2 772//2 777//2
f  773//6 772//6 778//6
f  778//5 772//5 773//5
f  773//4 777//4 775//4
f  775//3 777//3 773//3
f  772//1 777//1 778//1
f  778//2 777//2 772//2
f  777//4 773//4 778//4
f  778//3 773//3 777//3

# Mesh 'mesh2_mesh2-geometry' with 18 faces
g mesh2_mesh2-geometry
# usemtl material_0_0
l  770 772
l  770 767
l  768 770
l  772 778
l  772 776
l  767 776
l  769 767
l  768 774
l  769 768
l  778 773
l  777 778
l  776 777
l  771 769
l  774 773
l  774 771
l  773 775
l  775 777
l  771 775

# Mesh 'mesh1_mesh1-geometry' with 40 faces
g mesh1_mesh1-geometry
# usemtl material_0_24
f  779//1 780//1 781//1
f  780//1 779//1 782//1
f  781//2 780//2 779//2
f  782//2 779//2 780//2
f  780//3 783//3 781//3
f  781//4 783//4 780//4
f  783//5 779//5 781//5
f  781//6 779//6 783//6
f  779//3 784//3 782//3
f  782//4 784//4 779//4
f  782//6 785//6 780//6
f  780//5 785//5 782//5
f  783//3 780//3 786//3
f  786//4 780//4 783//4
f  787//5 779//5 783//5
f  783//6 779//6 787//6
f  784//3 779//3 788//3
f  788//4 779//4 784//4
f  784//6 785//6 782//6
f  782//5 785//5 784//5
f  780//6 785//6 786//6
f  786//5 785//5 780//5
f  785//2 783//2 786//2
f  786//1 783//1 785//1
f  789//5 779//5 787//5
f  787//6 779//6 789//6
f  783//2 785//2 787//2
f  787//1 785//1 783//1
f  779//5 789//5 788//5
f  788//6 789//6 779//6
f  789//1 784//1 788//1
f  788//2 784//2 789//2
f  785//6 784//6 790//6
f  790//5 784//5 785//5
f  785//4 789//4 787//4
f  787//3 789//3 785//3
f  784//1 789//1 790//1
f  790//2 789//2 784//2
f  789//4 785//4 790//4
f  790//3 785//3 789//3

# Mesh 'mesh2_mesh2-geometry' with 18 faces
g mesh2_mesh2-geometry
# usemtl material_0_0
l  782 784
l  782 779
l  780 782
l  784 790
l  784 788
l  779 788
l  781 779
l  780 786
l  781 780
l  790 785
l  789 790
l  788 789
l  783 781
l  786 785
l  786 783
l  785 787
l  787 789
l  783 787

# Mesh 'mesh3_mesh3-geometry' with 16 faces
g mesh3_mesh3-geometry
# usemtl material_1_24
f  791//2 792//2 793//2
f  792//2 791//2 794//2
f  792//3 795//3 793//3
f  793//6 796//6 791//6
f  791//4 797//4 794//4
f  797//5 792//5 794//5
f  795//3 792//3 798//3
f  795//6 796//6 793//6
f  797//4 791//4 796//4
f  799//5 792//5 797//5
f  792//5 799//5 798//5
f  799//1 795//1 798//1
f  796//6 795//6 800//6
f  800//7 797//7 796//7
f  797//7 800//7 799//7
f  795//1 799//1 800//1

# Mesh 'mesh3_mesh3-geometry' with 16 faces
g mesh3_mesh3-geometry
# usemtl material_0_24
f  793//1 792//1 791//1
f  794//1 791//1 792//1
f  793//4 795//4 792//4
f  791//5 796//5 793//5
f  794//3 797//3 791//3
f  794//6 792//6 797//6
f  798//4 792//4 795//4
f  793//5 796//5 795//5
f  796//3 791//3 797//3
f  797//6 792//6 799//6
f  798//6 799//6 792//6
f  798//2 795//2 799//2
f  800//5 795//5 796//5
f  796//8 797//8 800//8
f  799//8 800//8 797//8
f  800//2 799//2 795//2

# Mesh 'mesh1_mesh1-geometry' with 40 faces
g mesh1_mesh1-geometry
# usemtl material_0_24
f  801//1 802//1 803//1
f  802//1 801//1 804//1
f  803//2 802//2 801//2
f  804//2 801//2 802//2
f  802//3 805//3 803//3
f  803//4 805//4 802//4
f  805//5 801//5 803//5
f  803//6 801//6 805//6
f  801//3 806//3 804//3
f  804//4 806//4 801//4
f  804//6 807//6 802//6
f  802//5 807//5 804//5
f  805//3 802//3 808//3
f  808//4 802//4 805//4
f  809//5 801//5 805//5
f  805//6 801//6 809//6
f  806//3 801//3 810//3
f  810//4 801//4 806//4
f  806//6 807//6 804//6
f  804//5 807//5 806//5
f  802//6 807//6 808//6
f  808//5 807//5 802//5
f  807//2 805//2 808//2
f  808//1 805//1 807//1
f  811//5 801//5 809//5
f  809//6 801//6 811//6
f  805//2 807//2 809//2
f  809//1 807//1 805//1
f  801//5 811//5 810//5
f  810//6 811//6 801//6
f  811//1 806//1 810//1
f  810//2 806//2 811//2
f  807//6 806//6 812//6
f  812//5 806//5 807//5
f  807//4 811//4 809//4
f  809//3 811//3 807//3
f  806//1 811//1 812//1
f  812//2 811//2 806//2
f  811//4 807//4 812//4
f  812//3 807//3 811//3

# Mesh 'mesh2_mesh2-geometry' with 18 faces
g mesh2_mesh2-geometry
# usemtl material_0_0
l  804 806
l  804 801
l  802 804
l  806 812
l  806 810
l  801 810
l  803 801
l  802 808
l  803 802
l  812 807
l  811 812
l  810 811
l  805 803
l  808 807
l  808 805
l  807 809
l  809 811
l  805 809

# Mesh 'mesh3_mesh3-geometry' with 16 faces
g mesh3_mesh3-geometry
# usemtl material_1_24
f  813//2 814//2 815//2
f  814//2 813//2 816//2
f  814//3 817//3 815//3
f  815//6 818//6 813//6
f  813//4 819//4 816//4
f  819//5 814//5 816//5
f  817//3 814//3 820//3
f  817//6 818//6 815//6
f  819//4 813//4 818//4
f  821//5 814//5 819//5
f  814//5 821//5 820//5
f  821//1 817//1 820//1
f  818//6 817//6 822//6
f  822//7 819//7 818//7
f  819//7 822//7 821//7
f  817//1 821//1 822//1

# Mesh 'mesh3_mesh3-geometry' with 16 faces
g mesh3_mesh3-geometry
# usemtl material_0_24
f  815//1 814//1 813//1
f  816//1 813//1 814//1
f  815//4 817//4 814//4
f  813//5 818//5 815//5
f  816//3 819//3 813//3
f  816//6 814//6 819//6
f  820//4 814//4 817//4
f  815//5 818//5 817//5
f  818//3 813//3 819//3
f  819//6 814//6 821//6
f  820//6 821//6 814//6
f  820//2 817//2 821//2
f  822//5 817//5 818//5
f  818//8 819//8 822//8
f  821//8 822//8 819//8
f  822//2 821//2 817//2

# Mesh 'mesh1_mesh1-geometry' with 40 faces
g mesh1_mesh1-geometry
# usemtl material_0_24
f  823//1 824//1 825//1
f  824//1 823//1 826//1
f  825//2 824//2 823//2
f  826//2 823//2 824//2
f  824//3 827//3 825//3
f  825//4 827//4 824//4
f  827//5 823//5 825//5
f  825//6 823//6 827//6
f  823//3 828//3 826//3
f  826//4 828//4 823//4
f  826//6 829//6 824//6
f  824//5 829//5 826//5
f  827//3 824//3 830//3
f  830//4 824//4 827//4
f  831//5 823//5 827//5
f  827//6 823//6 831//6
f  828//3 823//3 832//3
f  832//4 823//4 828//4
f  828//6 829//6 826//6
f  826//5 829//5 828//5
f  824//6 829//6 830//6
f  830//5 829//5 824//5
f  829//2 827//2 830//2
f  830//1 827//1 829//1
f  833//5 823//5 831//5
f  831//6 823//6 833//6
f  827//2 829//2 831//2
f  831//1 829//1 827//1
f  823//5 833//5 832//5
f  832//6 833//6 823//6
f  833//1 828//1 832//1
f  832//2 828//2 833//2
f  829//6 828//6 834//6
f  834//5 828//5 829//5
f  829//4 833//4 831//4
f  831//3 833//3 829//3
f  828//1 833//1 834//1
f  834//2 833//2 828//2
f  833//4 829//4 834//4
f  834//3 829//3 833//3

# Mesh 'mesh2_mesh2-geometry' with 18 faces
g mesh2_mesh2-geometry
# usemtl material_0_0
l  826 828
l  826 823
l  824 826
l  828 834
l  828 832
l  823 832
l  825 823
l  824 830
l  825 824
l  834 829
l  833 834
l  832 833
l  827 825
l  830 829
l  830 827
l  829 831
l  831 833
l  827 831

# Mesh 'mesh1_mesh1-geometry' with 40 faces
g mesh1_mesh1-geometry
# usemtl material_0_24
f  826//1 835//1 824//1
f  835//1 826//1 836//1
f  824//2 835//2 826//2
f  836//2 826//2 835//2
f  835//3 830//3 824//3
f  824//4 830//4 835//4
f  830//5 826//5 824//5
f  824//6 826//6 830//6
f  826//3 837//3 836//3
f  836//4 837//4 826//4
f  836//6 838//6 835//6
f  835//5 838//5 836//5
f  830//3 835//3 839//3
f  839//4 835//4 830//4
f  829//5 826//5 830//5
f  830//6 826//6 829//6
f  837//3 826//3 828//3
f  828//4 826//4 837//4
f  837//6 838//6 836//6
f  836//5 838//5 837//5
f  835//6 838//6 839//6
f  839//5 838//5 835//5
f  838//2 830//2 839//2
f  839//1 830//1 838//1
f  834//5 826//5 829//5
f  829//6 826//6 834//6
f  830//2 838//2 829//2
f  829//1 838//1 830//1
f  826//5 834//5 828//5
f  828//6 834//6 826//6
f  834//1 837//1 828//1
f  828//2 837//2 834//2
f  838//6 837//6 840//6
f  840//5 837//5 838//5
f  838//4 834//4 829//4
f  829//3 834//3 838//3
f  837//1 834//1 840//1
f  840//2 834//2 837//2
f  834//4 838//4 840//4
f  840//3 838//3 834//3

# Mesh 'mesh2_mesh2-geometry' with 18 faces
g mesh2_mesh2-geometry
# usemtl material_0_0
l  836 837
l  836 826
l  835 836
l  837 840
l  837 828
l  826 828
l  824 826
l  835 839
l  824 835
l  840 838
l  834 840
l  828 834
l  830 824
l  839 838
l  839 830
l  838 829
l  829 834
l  830 829

# Mesh 'mesh3_mesh3-geometry' with 16 faces
g mesh3_mesh3-geometry
# usemtl material_1_24
f  841//2 842//2 843//2
f  842//2 841//2 844//2
f  842//3 845//3 843//3
f  843//6 846//6 841//6
f  841//4 847//4 844//4
f  847//5 842//5 844//5
f  845//3 842//3 848//3
f  845//6 846//6 843//6
f  847//4 841//4 846//4
f  849//5 842//5 847//5
f  842//5 849//5 848//5
f  849//1 845//1 848//1
f  846//6 845//6 850//6
f  850//7 847//7 846//7
f  847//7 850//7 849//7
f  845//1 849//1 850//1

# Mesh 'mesh3_mesh3-geometry' with 16 faces
g mesh3_mesh3-geometry
# usemtl material_0_24
f  843//1 842//1 841//1
f  844//1 841//1 842//1
f  843//4 845//4 842//4
f  841//5 846//5 843//5
f  844//3 847//3 841//3
f  844//6 842//6 847//6
f  848//4 842//4 845//4
f  843//5 846//5 845//5
f  846//3 841//3 847//3
f  847//6 842//6 849//6
f  848//6 849//6 842//6
f  848//2 845//2 849//2
f  850//5 845//5 846//5
f  846//8 847//8 850//8
f  849//8 850//8 847//8
f  850//2 849//2 845//2

# Mesh 'mesh3_mesh3-geometry' with 16 faces
g mesh3_mesh3-geometry
# usemtl material_1_24
f  851//2 852//2 853//2
f  852//2 851//2 854//2
f  852//3 855//3 853//3
f  853//6 856//6 851//6
f  851//4 857//4 854//4
f  857//5 852//5 854//5
f  855//3 852//3 858//3
f  855//6 856//6 853//6
f  857//4 851//4 856//4
f  859//5 852//5 857//5
f  852//5 859//5 858//5
f  859//1 855//1 858//1
f  856//6 855//6 860//6
f  860//7 857//7 856//7
f  857//7 860//7 859//7
f  855//1 859//1 860//1

# Mesh 'mesh3_mesh3-geometry' with 16 faces
g mesh3_mesh3-geometry
# usemtl material_0_24
f  853//1 852//1 851//1
f  854//1 851//1 852//1
f  853//4 855//4 852//4
f  851//5 856//5 853//5
f  854//3 857//3 851//3
f  854//6 852//6 857//6
f  858//4 852//4 855//4
f  853//5 856//5 855//5
f  856//3 851//3 857//3
f  857//6 852//6 859//6
f  858//6 859//6 852//6
f  858//2 855//2 859//2
f  860//5 855//5 856//5
f  856//8 857//8 860//8
f  859//8 860//8 857//8
f  860//2 859//2 855//2

# Mesh 'mesh1_mesh1-geometry' with 40 faces
g mesh1_mesh1-geometry
# usemtl material_0_24
f  176//1 861//1 174//1
f  861//1 176//1 862//1
f  174//2 861//2 176//2
f  862//2 176//2 861//2
f  861//3 180//3 174//3
f  174//4 180//4 861//4
f  180//5 176//5 174//5
f  174//6 176//6 180//6
f  176//3 863//3 862//3
f  862//4 863//4 176//4
f  862//6 864//6 861//6
f  861//5 864//5 862//5
f  180//3 861//3 865//3
f  865//4 861//4 180//4
f  179//5 176//5 180//5
f  180//6 176//6 179//6
f  863//3 176//3 178//3
f  178//4 176//4 863//4
f  863//6 864//6 862//6
f  862//5 864//5 863//5
f  861//6 864//6 865//6
f  865//5 864//5 861//5
f  864//2 180//2 865//2
f  865//1 180//1 864//1
f  184//5 176//5 179//5
f  179//6 176//6 184//6
f  180//2 864//2 179//2
f  179//1 864//1 180//1
f  176//5 184//5 178//5
f  178//6 184//6 176//6
f  184//1 863//1 178//1
f  178//2 863//2 184//2
f  864//6 863//6 866//6
f  866//5 863//5 864//5
f  864//4 184//4 179//4
f  179//3 184//3 864//3
f  863//1 184//1 866//1
f  866//2 184//2 863//2
f  184//4 864//4 866//4
f  866//3 864//3 184//3

# Mesh 'mesh2_mesh2-geometry' with 18 faces
g mesh2_mesh2-geometry
# usemtl material_0_0
l  862 863
l  862 176
l  861 862
l  863 866
l  863 178
l  176 178
l  174 176
l  861 865
l  174 861
l  866 864
l  184 866
l  178 184
l  180 174
l  865 864
l  865 180
l  864 179
l  179 184
l  180 179

# Mesh 'mesh3_mesh3-geometry' with 16 faces
g mesh3_mesh3-geometry
# usemtl material_1_24
f  867//2 868//2 869//2
f  868//2 867//2 870//2
f  868//3 871//3 869//3
f  869//6 872//6 867//6
f  867//4 873//4 870//4
f  873//5 868//5 870//5
f  871//3 868//3 874//3
f  871//6 872//6 869//6
f  873//4 867//4 872//4
f  875//5 868//5 873//5
f  868//5 875//5 874//5
f  875//1 871//1 874//1
f  872//6 871//6 876//6
f  876//7 873//7 872//7
f  873//7 876//7 875//7
f  871//1 875//1 876//1

# Mesh 'mesh3_mesh3-geometry' with 16 faces
g mesh3_mesh3-geometry
# usemtl material_0_24
f  869//1 868//1 867//1
f  870//1 867//1 868//1
f  869//4 871//4 868//4
f  867//5 872//5 869//5
f  870//3 873//3 867//3
f  870//6 868//6 873//6
f  874//4 868//4 871//4
f  869//5 872//5 871//5
f  872//3 867//3 873//3
f  873//6 868//6 875//6
f  874//6 875//6 868//6
f  874//2 871//2 875//2
f  876//5 871//5 872//5
f  872//8 873//8 876//8
f  875//8 876//8 873//8
f  876//2 875//2 871//2

# Mesh 'mesh1_mesh1-geometry' with 40 faces
g mesh1_mesh1-geometry
# usemtl material_0_24
f  877//1 647//1 878//1
f  647//1 877//1 645//1
f  878//2 647//2 877//2
f  645//2 877//2 647//2
f  647//3 879//3 878//3
f  878//4 879//4 647//4
f  879//5 877//5 878//5
f  878//6 877//6 879//6
f  877//3 654//3 645//3
f  645//4 654//4 877//4
f  645//6 653//6 647//6
f  647//5 653//5 645//5
f  879//3 647//3 649//3
f  649//4 647//4 879//4
f  880//5 877//5 879//5
f  879//6 877//6 880//6
f  654//3 877//3 881//3
f  881//4 877//4 654//4
f  654//6 653//6 645//6
f  645//5 653//5 654//5
f  647//6 653//6 649//6
f  649//5 653//5 647//5
f  653//2 879//2 649//2
f  649//1 879//1 653//1
f  882//5 877//5 880//5
f  880//6 877//6 882//6
f  879//2 653//2 880//2
f  880//1 653//1 879//1
f  877//5 882//5 881//5
f  881//6 882//6 877//6
f  882//1 654//1 881//1
f  881//2 654//2 882//2
f  653//6 654//6 655//6
f  655//5 654//5 653//5
f  653//4 882//4 880//4
f  880//3 882//3 653//3
f  654//1 882//1 655//1
f  655//2 882//2 654//2
f  882//4 653//4 655//4
f  655//3 653//3 882//3

# Mesh 'mesh2_mesh2-geometry' with 18 faces
g mesh2_mesh2-geometry
# usemtl material_0_0
l  645 654
l  645 877
l  647 645
l  654 655
l  654 881
l  877 881
l  878 877
l  647 649
l  878 647
l  655 653
l  882 655
l  881 882
l  879 878
l  649 653
l  649 879
l  653 880
l  880 882
l  879 880

# Mesh 'mesh4_mesh4-geometry' with 10 faces
g mesh4_mesh4-geometry
# usemtl material_0_0
l  883 884
l  885 883
l  883 886
l  884 887
l  888 885
l  886 889
l  887 890
l  891 888
l  890 889
l  889 891

# Mesh 'mesh5_mesh5-geometry' with 24 faces
g mesh5_mesh5-geometry
# usemtl material_2_24
f  892//9 893//9 894//9
f  893//9 892//9 895//9
f  894//10 893//10 892//10
f  895//10 892//10 893//10
f  893//11 896//11 894//11
f  894//12 896//12 893//12
f  896//13 892//13 894//13
f  894//14 892//14 896//14
f  892//12 897//12 895//12
f  895//11 897//11 892//11
f  897//14 893//14 895//14
f  895//13 893//13 897//13
f  896//11 893//11 898//11
f  898//12 893//12 896//12
f  892//13 896//13 899//13
f  899//14 896//14 892//14
f  897//12 892//12 899//12
f  899//11 892//11 897//11
f  893//14 897//14 898//14
f  898//13 897//13 893//13
f  897//10 896//10 898//10
f  898//9 896//9 897//9
f  896//10 897//10 899//10
f  899//9 897//9 896//9

# Mesh 'mesh6_mesh6-geometry' with 12 faces
g mesh6_mesh6-geometry
# usemtl material_0_0
l  894 893
l  896 894
l  894 892
l  893 898
l  893 895
l  896 899
l  898 896
l  892 895
l  899 892
l  898 897
l  895 897
l  897 899

# Mesh 'mesh7_mesh7-geometry' with 24 faces
g mesh7_mesh7-geometry
# usemtl material_2_24
f  900//10 901//10 902//10
f  901//10 900//10 903//10
f  902//9 901//9 900//9
f  903//9 900//9 901//9
f  902//11 904//11 901//11
f  901//12 904//12 902//12
f  905//14 902//14 900//14
f  900//13 902//13 905//13
f  903//12 905//12 900//12
f  900//11 905//11 903//11
f  904//13 903//13 901//13
f  901//14 903//14 904//14
f  904//11 902//11 906//11
f  906//12 902//12 904//12
f  902//14 905//14 906//14
f  906//13 905//13 902//13
f  905//12 903//12 907//12
f  907//11 903//11 905//11
f  903//13 904//13 907//13
f  907//14 904//14 903//14
f  905//10 904//10 906//10
f  906//9 904//9 905//9
f  904//10 905//10 907//10
f  907//9 905//9 904//9

# Mesh 'mesh8_mesh8-geometry' with 12 faces
g mesh8_mesh8-geometry
# usemtl material_0_0
l  900 905
l  902 900
l  900 903
l  905 907
l  906 905
l  901 902
l  902 906
l  903 907
l  903 901
l  907 904
l  904 906
l  901 904

# Mesh 'mesh9_mesh9-geometry' with 112 faces
g mesh9_mesh9-geometry
# usemtl material_3_24
f  908//14 909//14 910//14
f  909//14 908//14 911//14
f  910//13 909//13 908//13
f  911//13 908//13 909//13
f  909//9 912//15 910//15
f  910//16 912//16 909//10
f  910//15 913//17 908//17
f  908//18 913//18 910//16
f  911//14 908//14 914//14
f  914//13 908//13 911//13
f  915//11 909//11 911//11
f  911//12 909//12 915//12
f  912//15 909//9 916//9
f  916//10 909//10 912//16
f  913//17 910//15 912//15
f  912//16 910//16 913//18
f  917//19 908//17 913//17
f  913//18 908//18 917//20
f  908//17 917//19 914//19
f  914//20 917//20 908//18
f  911//14 914//14 918//14
f  918//13 914//13 911//13
f  909//11 915//11 916//11
f  916//12 915//12 909//12
f  919//21 915//10 911//10
f  911//9 915//9 919//22
f  915//13 912//13 916//13
f  916//14 912//14 915//14
f  912//13 915//13 913//13
f  913//14 915//14 912//14
f  913//13 915//13 917//13
f  917//14 915//14 913//14
f  920//23 914//19 917//19
f  917//20 914//20 920//24
f  914//19 920//23 918//23
f  918//24 920//24 914//20
f  911//14 918//14 921//14
f  921//13 918//13 911//13
f  915//10 919//21 922//21
f  922//22 919//22 915//9
f  911//14 923//14 919//14
f  919//13 923//13 911//13
f  917//13 915//13 920//13
f  920//14 915//14 917//14
f  920//23 921//25 918//23
f  918//24 921//26 920//24
f  911//14 921//14 924//14
f  924//13 921//13 911//13
f  923//27 922//21 919//21
f  919//22 922//22 923//28
f  925//13 915//13 922//13
f  922//14 915//14 925//14
f  911//14 926//14 923//14
f  923//13 926//13 911//13
f  920//13 915//13 927//13
f  927//14 915//14 920//14
f  921//25 920//23 927//25
f  927//26 920//24 921//26
f  927//25 924//29 921//25
f  921//26 924//30 927//26
f  911//14 924//14 928//14
f  928//13 924//13 911//13
f  922//21 923//27 925//27
f  925//28 923//28 922//22
f  929//13 915//13 925//13
f  925//14 915//14 929//14
f  911//14 930//14 926//14
f  926//13 930//13 911//13
f  926//31 925//27 923//27
f  923//28 925//28 926//32
f  927//13 915//13 931//13
f  931//14 915//14 927//14
f  924//29 927//25 931//29
f  931//30 927//26 924//30
f  931//29 928//12 924//29
f  924//30 928//11 931//30
f  911//14 928//14 932//14
f  932//13 928//13 911//13
f  933//13 915//13 929//13
f  929//14 915//14 933//14
f  925//27 926//31 929//31
f  929//32 926//32 925//28
f  911//14 934//14 930//14
f  930//13 934//13 911//13
f  930//33 929//31 926//31
f  926//32 929//32 930//34
f  931//13 915//13 935//13
f  935//14 915//14 931//14
f  928//12 931//29 935//12
f  935//11 931//30 928//11
f  935//12 932//35 928//12
f  928//11 932//36 935//11
f  911//14 932//14 934//14
f  934//13 932//13 911//13
f  936//13 915//13 933//13
f  933//14 915//14 936//14
f  929//31 930//33 933//33
f  933//34 930//34 929//32
f  936//37 930//33 934//37
f  934//38 930//34 936//38
f  935//13 915//13 937//13
f  937//14 915//14 935//14
f  932//35 935//12 937//35
f  937//36 935//11 932//36
f  937//35 934//37 932//35
f  932//36 934//38 937//36
f  937//13 915//13 936//13
f  936//14 915//14 937//14
f  930//33 936//37 933//33
f  933//34 936//38 930//34
f  934//37 937//35 936//37
f  936//38 937//36 934//38

# Mesh 'mesh10_mesh10-geometry' with 32 faces
g mesh10_mesh10-geometry
# usemtl material_0_0
l  924 928
l  921 924
l  928 932
l  918 921
l  932 934
l  914 918
l  934 930
l  908 914
l  930 926
l  910 908
l  926 923
l  909 910
l  923 919
l  909 911
l  909 916
l  911 919
l  911 915
l  916 912
l  916 915
l  915 922
l  912 913
l  925 922
l  913 917
l  929 925
l  917 920
l  933 929
l  920 927
l  936 933
l  927 931
l  937 936
l  931 935
l  935 937

# Mesh 'mesh11_mesh11-geometry' with 512 faces
g mesh11_mesh11-geometry
# usemtl material_2_24
f  938//13 939//13 940//13
f  939//13 938//13 941//13
f  940//14 939//14 938//14
f  941//14 938//14 939//14
f  939//9 897//9 940//9
f  940//10 897//10 939//10
f  897//11 938//11 940//11
f  940//12 938//12 897//12
f  941//13 938//13 942//13
f  942//14 938//14 941//14
f  943//12 939//12 941//12
f  941//11 939//11 943//11
f  897//9 939//9 944//9
f  944//10 939//10 897//10
f  938//11 897//11 945//11
f  945//12 897//12 938//12
f  942//13 938//13 946//13
f  946//14 938//14 942//14
f  942//13 947//13 941//13
f  941//14 947//14 942//14
f  946//12 941//12 942//12
f  942//11 941//11 946//11
f  939//12 943//12 948//12
f  948//11 943//11 939//11
f  947//39 943//9 941//9
f  941//10 943//10 947//40
f  941//12 949//12 943//12
f  943//11 949//11 941//11
f  944//9 939//9 948//9
f  948//10 939//10 944//10
f  950//41 897//41 944//41
f  944//42 897//42 950//42
f  897//41 950//41 945//41
f  945//42 950//42 897//42
f  945//10 951//10 938//10
f  938//9 951//9 945//9
f  946//10 938//10 951//10
f  951//9 938//9 946//9
f  951//12 942//12 946//12
f  946//11 942//11 951//11
f  947//13 942//13 952//13
f  952//14 942//14 947//14
f  951//12 941//12 946//12
f  946//11 941//11 951//11
f  943//13 953//13 948//13
f  948//14 953//14 943//14
f  944//11 943//11 948//11
f  948//12 943//12 944//12
f  943//9 947//39 954//39
f  954//40 947//40 943//10
f  949//12 941//12 951//12
f  951//11 941//11 949//11
f  949//13 954//13 943//13
f  943//14 954//14 949//14
f  953//43 944//44 948//44
f  948//45 944//45 953//46
f  955//14 950//14 944//14
f  944//13 950//13 955//13
f  943//11 944//11 950//11
f  950//12 944//12 943//12
f  945//41 950//41 956//41
f  956//42 950//42 945//42
f  951//10 945//10 957//10
f  957//9 945//9 951//9
f  942//12 951//12 949//12
f  949//11 951//11 942//11
f  952//13 942//13 958//13
f  958//14 942//14 952//14
f  952//47 954//39 947//39
f  947//40 954//40 952//48
f  953//13 943//13 959//13
f  959//14 943//14 953//14
f  951//13 960//13 949//13
f  949//14 960//14 951//14
f  954//13 949//13 961//13
f  961//14 949//14 954//14
f  944//44 953//43 955//43
f  955//46 953//46 944//45
f  950//14 955//14 962//14
f  962//13 955//13 950//13
f  956//49 943//49 950//49
f  950//50 943//50 956//50
f  950//14 963//14 956//14
f  956//13 963//13 950//13
f  945//41 956//41 964//41
f  964//42 956//42 945//42
f  945//41 965//41 957//41
f  957//42 965//42 945//42
f  951//10 957//10 966//10
f  966//9 957//9 951//9
f  960//10 942//10 949//10
f  949//9 942//9 960//9
f  958//13 942//13 967//13
f  967//14 942//14 958//14
f  958//17 968//47 952//47
f  952//48 968//48 958//18
f  954//39 952//47 968//47
f  968//48 952//48 954//40
f  959//13 943//13 969//13
f  969//14 943//14 959//14
f  962//51 953//43 959//51
f  959//52 953//46 962//52
f  960//13 951//13 966//13
f  966//14 951//14 960//14
f  970//13 949//13 960//13
f  960//14 949//14 970//14
f  961//13 949//13 971//13
f  971//14 949//14 961//14
f  961//13 968//13 954//13
f  954//14 968//14 961//14
f  953//43 962//51 955//43
f  955//46 962//52 953//46
f  950//14 962//14 972//14
f  972//13 962//13 950//13
f  943//49 956//49 961//49
f  961//50 956//50 943//50
f  950//14 973//14 963//14
f  963//13 973//13 950//13
f  963//53 961//54 956//54
f  956//55 961//55 963//56
f  961//57 964//58 956//57
f  956//59 964//60 961//59
f  945//41 964//41 974//41
f  974//42 964//42 945//42
f  945//41 975//41 965//41
f  965//42 975//42 945//42
f  970//12 957//12 965//12
f  965//11 957//11 970//11
f  957//12 970//12 966//12
f  966//11 970//11 957//11
f  942//10 960//10 976//10
f  976//9 960//9 942//9
f  967//13 942//13 977//13
f  977//14 942//14 967//14
f  967//61 978//17 958//17
f  958//18 978//18 967//62
f  968//47 958//17 978//17
f  978//18 958//18 968//48
f  969//13 943//13 979//13
f  979//14 943//14 969//14
f  972//63 959//51 969//63
f  969//64 959//52 972//64
f  959//51 972//63 962//51
f  962//52 972//64 959//52
f  966//12 970//12 960//12
f  960//11 970//11 966//11
f  971//13 949//13 970//13
f  970//14 949//14 971//14
f  980//12 960//12 970//12
f  970//11 960//11 980//11
f  971//65 981//65 961//65
f  961//66 981//66 971//66
f  982//12 971//12 961//12
f  961//11 971//11 982//11
f  968//13 961//13 978//13
f  978//14 961//14 968//14
f  950//14 972//14 983//14
f  983//13 972//13 950//13
f  984//13 943//13 961//13
f  961//14 943//14 984//14
f  950//14 985//14 973//14
f  973//13 985//13 950//13
f  986//67 963//53 973//67
f  973//68 963//56 986//68
f  961//54 963//53 984//53
f  984//56 963//56 961//55
f  964//58 961//57 981//58
f  981//60 961//59 964//60
f  981//58 974//69 964//58
f  964//60 974//70 981//60
f  945//41 974//41 987//41
f  987//42 974//42 945//42
f  945//41 988//41 975//41
f  975//42 988//42 945//42
f  989//9 965//9 975//9
f  975//10 965//10 989//10
f  965//9 989//9 970//9
f  970//10 989//10 965//10
f  960//12 980//12 976//12
f  976//11 980//11 960//11
f  980//13 942//13 976//13
f  976//14 942//14 980//14
f  977//13 942//13 990//13
f  990//14 942//14 977//14
f  977//19 991//61 967//61
f  967//62 991//62 977//20
f  978//17 967//61 991//61
f  991//62 967//62 978//18
f  979//13 943//13 992//13
f  992//14 943//14 979//14
f  983//71 969//63 979//71
f  979//72 969//64 983//72
f  969//63 983//71 972//63
f  972//64 983//72 969//64
f  970//13 989//13 971//13
f  971//14 989//14 970//14
f  989//9 980//9 970//9
f  970//10 980//10 989//10
f  981//65 971//65 993//65
f  993//66 971//66 981//66
f  971//12 982//12 994//12
f  994//11 982//11 971//11
f  982//12 961//12 995//12
f  995//11 961//11 982//11
f  978//13 961//13 991//13
f  991//14 961//14 978//14
f  950//14 983//14 996//14
f  996//13 983//13 950//13
f  986//13 943//13 984//13
f  984//14 943//14 986//14
f  950//14 997//14 985//14
f  985//13 997//13 950//13
f  998//73 973//67 985//73
f  985//74 973//68 998//74
f  963//53 986//67 984//53
f  984//56 986//68 963//56
f  973//67 998//73 986//67
f  986//68 998//74 973//68
f  974//69 981//58 993//69
f  993//70 981//60 974//70
f  993//69 987//75 974//69
f  974//70 987//76 993//70
f  945//41 987//41 999//41
f  999//42 987//42 945//42
f  945//41 1000//41 988//41
f  988//42 1000//42 945//42
f  988//77 989//78 975//78
f  975//79 989//79 988//80
f  994//13 942//13 980//13
f  980//14 942//14 994//14
f  990//13 942//13 1001//13
f  1001//14 942//14 990//14
f  990//81 1002//19 977//19
f  977//20 1002//20 990//82
f  991//61 977//19 1002//19
f  1002//20 977//20 991//62
f  992//13 943//13 1003//13
f  1003//14 943//14 992//14
f  996//83 979//71 992//83
f  992//84 979//72 996//84
f  979//71 996//83 983//71
f  983//72 996//84 979//72
f  971//9 980//9 989//9
f  989//10 980//10 971//10
f  1004//65 971//65 989//65
f  989//66 971//66 1004//66
f  993//65 971//65 1005//65
f  1005//66 971//66 993//66
f  994//12 982//12 1006//12
f  1006//11 982//11 994//11
f  980//9 971//9 994//9
f  994//10 971//10 980//10
f  961//12 1007//85 995//12
f  995//11 1007//86 961//11
f  982//12 995//12 914//12
f  914//11 995//11 982//11
f  991//13 961//13 1002//13
f  1002//14 961//14 991//14
f  950//14 996//14 1008//14
f  1008//13 996//13 950//13
f  998//13 943//13 986//13
f  986//14 943//14 998//14
f  950//14 1009//14 997//14
f  997//13 1009//13 950//13
f  1010//87 985//73 997//87
f  997//88 985//74 1010//88
f  985//73 1010//87 998//73
f  998//74 1010//88 985//74
f  987//75 993//69 1005//75
f  1005//76 993//70 987//76
f  1005//75 999//89 987//75
f  987//76 999//90 1005//76
f  945//41 999//41 1011//41
f  1011//42 999//42 945//42
f  945//41 1012//41 1000//41
f  1000//42 1012//42 945//42
f  1000//91 1004//77 988//77
f  988//80 1004//80 1000//92
f  989//78 988//77 1004//77
f  1004//80 988//80 989//79
f  1007//13 942//13 994//13
f  994//14 942//14 1007//14
f  1001//13 942//13 1013//13
f  1013//14 942//14 1001//14
f  1001//23 1014//81 990//81
f  990//82 1014//82 1001//24
f  1002//19 990//81 1014//81
f  1014//82 990//82 1002//20
f  1003//13 943//13 1015//13
f  1015//14 943//14 1003//14
f  1008//93 992//83 1003//93
f  1003//94 992//84 1008//94
f  992//83 1008//93 996//83
f  996//84 1008//94 992//84
f  1016//65 971//65 1004//65
f  1004//66 971//66 1016//66
f  1005//65 971//65 1017//65
f  1017//66 971//66 1005//66
f  982//95 1018//95 1006//95
f  1006//96 1018//96 982//96
f  994//12 1006//12 1007//85
f  1007//86 1006//11 994//11
f  1007//85 961//12 1019//85
f  1019//86 961//11 1007//86
f  995//12 1007//85 1020//12
f  1020//11 1007//86 995//11
f  995//13 908//13 914//13
f  914//14 908//14 995//14
f  982//12 914//12 926//12
f  926//11 914//11 982//11
f  1002//13 961//13 1014//13
f  1014//14 961//14 1002//14
f  950//14 1008//14 1021//14
f  1021//13 1008//13 950//13
f  1010//13 943//13 998//13
f  998//14 943//14 1010//14
f  950//14 1021//14 1009//14
f  1009//13 1021//13 950//13
f  1022//97 997//87 1009//97
f  1009//98 997//88 1022//98
f  997//87 1022//97 1010//87
f  1010//88 1022//98 997//88
f  999//89 1005//75 1017//89
f  1017//90 1005//76 999//90
f  1017//89 1011//99 999//89
f  999//90 1011//100 1017//90
f  945//41 1011//41 1023//41
f  1023//42 1011//42 945//42
f  945//41 1024//41 1012//41
f  1012//42 1024//42 945//42
f  1012//101 1016//91 1000//91
f  1000//92 1016//92 1012//102
f  1004//77 1000//91 1016//91
f  1016//92 1000//92 1004//80
f  1025//13 942//13 1007//13
f  1007//14 942//14 1025//14
f  1013//13 942//13 1026//13
f  1026//14 942//14 1013//14
f  1027//103 1001//23 1013//103
f  1013//104 1001//24 1027//104
f  1014//81 1001//23 1028//23
f  1028//24 1001//24 1014//82
f  1015//13 943//13 1022//13
f  1022//14 943//14 1015//14
f  1021//105 1003//93 1015//105
f  1015//106 1003//94 1021//106
f  1003//93 1021//105 1008//93
f  1008//94 1021//106 1003//94
f  1029//65 971//65 1016//65
f  1016//66 971//66 1029//66
f  1017//65 971//65 1030//65
f  1030//66 971//66 1017//66
f  1018//95 982//95 1031//95
f  1031//96 982//96 1018//96
f  1032//14 1006//14 1018//14
f  1018//13 1006//13 1032//13
f  1033//12 1007//85 1006//12
f  1006//11 1007//86 1033//11
f  1034//13 961//13 1019//13
f  1019//14 961//14 1034//14
f  1019//85 1025//107 1007//85
f  1007//86 1025//108 1019//86
f  1020//12 1007//85 1035//12
f  1035//11 1007//86 1020//11
f  1036//9 1020//9 995//9
f  995//10 1020//10 1036//10
f  1020//109 1037//109 995//109
f  995//110 1037//110 1020//110
f  908//13 995//13 910//13
f  910//14 995//14 908//14
f  908//13 911//13 914//13
f  914//14 911//14 908//14
f  914//13 911//13 926//13
f  926//14 911//14 914//14
f  923//13 982//13 926//13
f  926//14 982//14 923//14
f  1014//13 961//13 1028//13
f  1028//14 961//14 1014//14
f  1022//13 943//13 1010//13
f  1010//14 943//14 1022//14
f  1015//105 1009//97 1021//105
f  1021//106 1009//98 1015//106
f  1009//97 1015//105 1022//97
f  1022//98 1015//106 1009//98
f  1011//99 1017//89 1030//99
f  1030//100 1017//90 1011//100
f  1030//99 1023//111 1011//99
f  1011//100 1023//112 1030//100
f  945//41 1023//41 1038//41
f  1038//42 1023//42 945//42
f  945//41 1038//41 1024//41
f  1024//42 1038//42 945//42
f  1024//113 1029//101 1012//101
f  1012//102 1029//102 1024//114
f  1016//91 1012//101 1029//101
f  1029//102 1012//102 1016//92
f  1039//13 942//13 1025//13
f  1025//14 942//14 1039//14
f  1026//13 942//13 1040//13
f  1040//14 942//14 1026//14
f  1041//25 1013//103 1026//25
f  1026//26 1013//104 1041//26
f  1001//23 1027//103 1028//23
f  1028//24 1027//104 1001//24
f  1013//103 1041//25 1027//103
f  1027//104 1041//26 1013//104
f  1042//65 971//65 1029//65
f  1029//66 971//66 1042//66
f  1030//65 971//65 1043//65
f  1043//66 971//66 1030//66
f  982//13 919//13 1031//13
f  1031//14 919//14 982//14
f  911//115 1018//115 1031//115
f  1031//116 1018//116 911//116
f  1006//14 1032//14 1033//14
f  1033//13 1032//13 1006//13
f  1032//14 1018//14 916//14
f  916//13 1018//13 1032//13
f  1035//12 1007//85 1033//12
f  1033//11 1007//86 1035//11
f  1044//13 961//13 1034//13
f  1034//14 961//14 1044//14
f  1025//107 1019//85 1034//107
f  1034//108 1019//86 1025//108
f  1032//109 1020//109 1035//109
f  1035//110 1020//110 1032//110
f  1020//9 1045//9 1035//9
f  1035//10 1045//10 1020//10
f  1020//9 1036//9 1046//9
f  1046//10 1036//10 1020//10
f  909//13 995//13 1036//13
f  1036//14 995//14 909//14
f  1037//109 1020//109 1032//109
f  1032//110 1020//110 1037//110
f  910//13 995//13 1037//13
f  1037//14 995//14 910//14
f  995//13 909//13 1037//13
f  1037//14 909//14 995//14
f  910//13 911//13 908//13
f  908//14 911//14 910//14
f  926//13 911//13 923//13
f  923//14 911//14 926//14
f  982//13 923//13 919//13
f  919//14 923//14 982//14
f  1028//13 961//13 1027//13
f  1027//14 961//14 1028//14
f  1023//111 1030//99 1043//111
f  1043//112 1030//100 1023//112
f  1023//111 1047//117 1038//117
f  1038//118 1047//118 1023//112
f  1038//117 1042//113 1024//113
f  1024//114 1042//114 1038//118
f  1029//101 1024//113 1042//113
f  1042//114 1024//114 1029//102
f  1040//13 942//13 1039//13
f  1039//14 942//14 1040//14
f  1034//107 1039//29 1025//107
f  1025//108 1039//30 1034//108
f  1048//119 1026//25 1040//119
f  1040//120 1026//26 1048//120
f  1026//25 1048//119 1041//25
f  1041//26 1048//120 1026//26
f  1027//13 961//13 1041//13
f  1041//14 961//14 1027//14
f  1047//65 971//65 1042//65
f  1042//66 971//66 1047//66
f  1043//65 971//65 1047//65
f  1047//66 971//66 1043//66
f  1031//13 919//13 911//13
f  911//14 919//14 1031//14
f  1018//115 911//115 915//115
f  915//116 911//116 1018//116
f  1032//14 1035//14 1033//14
f  1033//13 1035//13 1032//13
f  916//14 1018//14 915//14
f  915//13 1018//13 916//13
f  916//10 1037//10 1032//10
f  1032//9 1037//9 916//9
f  1048//13 961//13 1044//13
f  1044//14 961//14 1048//14
f  1039//29 1034//107 1044//29
f  1044//30 1034//108 1039//30
f  1045//9 1020//9 1046//9
f  1046//10 1020//10 1045//10
f  1046//12 909//12 1036//12
f  1036//11 909//11 1046//11
f  1037//13 911//13 910//13
f  910//14 911//14 1037//14
f  911//13 1037//13 909//13
f  909//14 1037//14 911//14
f  1037//10 916//10 909//10
f  909//9 916//9 1037//9
f  923//13 911//13 919//13
f  919//14 911//14 923//14
f  1047//117 1023//111 1043//111
f  1043//112 1023//112 1047//118
f  1042//113 1038//117 1047//117
f  1047//118 1038//118 1042//114
f  1044//29 1040//119 1039//29
f  1039//30 1040//120 1044//30
f  1040//119 1044//29 1048//119
f  1048//120 1044//30 1040//120
f  1041//13 961//13 1048//13
f  1048//14 961//14 1041//14
f  911//12 916//12 915//12
f  915//11 916//11 911//11
f  916//12 1046//12 1045//12
f  1045//11 1046//11 916//11
f  909//12 1046//12 916//12
f  916//11 1046//11 909//11
f  916//12 911//12 909//12
f  909//11 911//11 916//11

# Mesh 'mesh12_mesh12-geometry' with 121 faces
g mesh12_mesh12-geometry
# usemtl material_0_0
l  938 946
l  940 938
l  945 938
l  951 946
l  946 942
l  939 940
l  897 940
l  945 957
l  897 945
l  951 966
l  951 949
l  949 942
l  942 976
l  942 941
l  948 939
l  941 939
l  944 897
l  957 965
l  957 966
l  960 966
l  943 949
l  949 960
l  976 980
l  960 976
l  941 943
l  941 947
l  948 943
l  944 948
l  948 953
l  950 944
l  944 955
l  970 965
l  975 965
l  970 960
l  943 950
l  943 954
l  943 961
l  980 970
l  994 980
l  947 952
l  953 959
l  950 956
l  955 962
l  989 970
l  988 975
l  989 975
l  954 961
l  954 968
l  961 981
l  961 956
l  961 971
l  1019 961
l  984 961
l  994 1007
l  994 971
l  952 958
l  959 969
l  956 964
l  963 956
l  962 972
l  1004 989
l  971 989
l  1000 988
l  968 978
l  981 993
l  1034 1019
l  986 984
l  1025 1007
l  958 967
l  969 979
l  964 974
l  973 963
l  972 983
l  1016 1004
l  1012 1000
l  978 991
l  993 1005
l  1044 1034
l  998 986
l  1039 1025
l  967 977
l  979 992
l  974 987
l  985 973
l  983 996
l  1029 1016
l  1024 1012
l  991 1002
l  1005 1017
l  1048 1044
l  1010 998
l  1040 1039
l  977 990
l  992 1003
l  987 999
l  997 985
l  996 1008
l  1042 1029
l  1038 1024
l  1002 1014
l  1017 1030
l  1041 1048
l  1022 1010
l  1026 1040
l  990 1001
l  1003 1015
l  999 1011
l  1009 997
l  1008 1021
l  1047 1042
l  1023 1038
l  1014 1028
l  1030 1043
l  1027 1041
l  1015 1022
l  1013 1026
l  1001 1013
l  1011 1023
l  1021 1009
l  1043 1047
l  1028 1027

# Mesh 'mesh13_mesh13-geometry' with 34 faces
g mesh13_mesh13-geometry
# usemtl material_0_0
l  982 1006
l  982 926
l  1031 982
l  1006 1033
l  1018 1006
l  926 923
l  926 914
l  911 1031
l  1031 1018
l  1033 1035
l  1033 1032
l  915 1018
l  923 919
l  908 914
l  914 995
l  911 909
l  911 915
l  911 919
l  1035 1032
l  1020 1035
l  1037 1032
l  1032 916
l  915 916
l  910 908
l  995 1037
l  995 1036
l  995 1020
l  909 1037
l  909 1036
l  909 916
l  1020 1046
l  1037 910
l  1036 1046
l  1046 1045

# Mesh 'mesh14_mesh14-geometry' with 198 faces
g mesh14_mesh14-geometry
# usemtl material_2_24
f  1049//121 1050//122 1051//121
f  1050//122 1049//121 1052//122
f  1051//123 1050//124 1049//123
f  1052//124 1049//123 1050//124
f  1053//14 1051//14 1050//14
f  1050//13 1051//13 1053//13
f  1051//121 1054//125 1049//121
f  1049//123 1054//126 1051//123
f  1049//13 1055//13 1052//13
f  1052//14 1055//14 1049//14
f  1056//127 1050//122 1052//122
f  1052//124 1050//124 1056//128
f  1053//14 1057//14 1051//14
f  1051//13 1057//13 1053//13
f  1053//14 1050//14 1058//14
f  1058//13 1050//13 1053//13
f  1054//125 1051//121 1057//125
f  1057//126 1051//123 1054//126
f  1054//13 1055//13 1049//13
f  1049//14 1055//14 1054//14
f  1052//13 1055//13 1056//13
f  1056//14 1055//14 1052//14
f  1050//122 1056//127 1058//127
f  1058//128 1056//128 1050//124
f  1053//14 1059//14 1057//14
f  1057//13 1059//13 1053//13
f  1053//14 1058//14 1060//14
f  1060//13 1058//13 1053//13
f  1057//125 1061//129 1054//125
f  1054//126 1061//130 1057//126
f  1061//13 1055//13 1054//13
f  1054//14 1055//14 1061//14
f  1056//13 1055//13 1062//13
f  1062//14 1055//14 1056//14
f  1062//131 1058//127 1056//127
f  1056//128 1058//128 1062//132
f  1053//14 1063//14 1059//14
f  1059//13 1063//13 1053//13
f  1061//129 1057//125 1059//129
f  1059//130 1057//126 1061//130
f  1058//127 1062//131 1060//131
f  1060//132 1062//132 1058//128
f  1053//14 1060//14 1064//14
f  1064//13 1060//13 1053//13
f  1061//13 1065//13 1055//13
f  1055//14 1065//14 1061//14
f  1062//13 1055//13 1066//13
f  1066//14 1055//14 1062//14
f  1053//14 1067//14 1063//14
f  1063//13 1067//13 1053//13
f  1068//133 1059//129 1063//133
f  1063//134 1059//130 1068//134
f  1059//129 1068//133 1061//129
f  1061//130 1068//134 1059//130
f  1066//135 1060//131 1062//131
f  1062//132 1060//132 1066//136
f  1060//131 1066//135 1064//135
f  1064//136 1066//136 1060//132
f  1053//14 1064//14 1069//14
f  1069//13 1064//13 1053//13
f  1068//13 1065//13 1061//13
f  1061//14 1065//14 1068//14
f  1055//13 1065//13 1070//13
f  1070//14 1065//14 1055//14
f  1071//13 1066//13 1055//13
f  1055//14 1066//14 1071//14
f  1053//14 1072//14 1067//14
f  1067//13 1072//13 1053//13
f  1073//137 1063//133 1067//137
f  1067//138 1063//134 1073//138
f  1063//133 1073//137 1068//133
f  1068//134 1073//138 1063//134
f  1074//139 1064//135 1066//135
f  1066//136 1064//136 1074//140
f  1064//135 1074//139 1069//139
f  1069//140 1074//140 1064//136
f  1053//14 1069//14 1075//14
f  1075//13 1069//13 1053//13
f  1073//13 1065//13 1068//13
f  1068//14 1065//14 1073//14
f  1070//13 1065//13 1076//13
f  1076//14 1065//14 1070//14
f  1066//13 1071//13 1074//13
f  1074//14 1071//14 1066//14
f  1053//14 1077//14 1072//14
f  1072//13 1077//13 1053//13
f  1078//141 1067//137 1072//141
f  1072//142 1067//138 1078//142
f  1067//137 1078//141 1073//137
f  1073//138 1078//142 1067//138
f  1079//143 1069//139 1074//139
f  1074//140 1069//140 1079//144
f  1069//139 1079//143 1075//143
f  1075//144 1079//144 1069//140
f  1053//14 1075//14 1080//14
f  1080//13 1075//13 1053//13
f  1078//13 1065//13 1073//13
f  1073//14 1065//14 1078//14
f  1081//13 1076//13 1065//13
f  1065//14 1076//14 1081//14
f  1074//13 1071//13 1082//13
f  1082//14 1071//14 1074//14
f  1083//145 1077//14 1053//14
f  1053//13 1077//13 1083//146
f  1084//147 1072//141 1077//147
f  1077//148 1072//142 1084//148
f  1072//141 1084//147 1078//141
f  1078//142 1084//148 1072//142
f  1074//13 1082//13 1079//13
f  1079//14 1082//14 1074//14
f  1084//13 1065//13 1078//13
f  1078//14 1065//14 1084//14
f  1085//13 1076//13 1081//13
f  1081//14 1076//14 1085//14
f  1077//14 1083//145 1086//145
f  1086//146 1083//146 1077//13
f  1065//11 1083//11 1053//11
f  1053//12 1083//12 1065//12
f  1077//147 1087//149 1084//147
f  1079//13 1082//13 1088//13
f  1088//14 1082//14 1079//14
f  1084//13 898//13 1065//13
f  1065//14 898//14 1084//14
f  1076//13 1085//13 1089//13
f  1089//14 1085//14 1076//14
f  1090//150 1086//145 1083//145
f  1087//149 1077//147 1086//149
f  1083//11 1065//11 1090//11
f  1090//12 1065//12 1083//12
f  1084//147 1087//149 1091//149
f  1092//13 898//13 1084//13
f  1084//14 898//14 1092//14
f  893//11 1065//11 898//11
f  898//12 1065//12 893//12
f  1086//145 1090//150 1087//150
f  1090//11 1065//11 1093//11
f  1093//12 1065//12 1090//12
f  1087//150 1093//151 1091//151
f  1084//147 1091//149 1094//149
f  898//13 1092//13 893//13
f  893//14 1092//14 898//14
f  1084//147 1095//149 1092//149
f  1096//11 1065//11 893//11
f  893//12 1065//12 1096//12
f  1093//151 1087//150 1090//150
f  1093//11 1065//11 1097//11
f  1097//12 1065//12 1093//12
f  1097//152 1091//151 1093//151
f  1091//151 1097//152 1094//152
f  1084//147 1094//149 1098//149
f  1092//9 1096//153 893//9
f  893//10 1096//154 1092//10
f  1084//147 1099//149 1095//149
f  1096//153 1092//9 1095//153
f  1095//154 1092//10 1096//154
f  1100//11 1065//11 1096//11
f  1096//12 1065//12 1100//12
f  1097//11 1065//11 1101//11
f  1101//12 1065//12 1097//12
f  1101//155 1094//152 1097//152
f  1094//152 1101//155 1098//155
f  1084//147 1098//149 1102//149
f  1084//147 1103//149 1099//149
f  1100//156 1095//153 1099//156
f  1095//153 1100//156 1096//153
f  1104//11 1065//11 1100//11
f  1100//12 1065//12 1104//12
f  1101//11 1065//11 1105//11
f  1105//12 1065//12 1101//12
f  1105//157 1098//155 1101//155
f  1098//155 1105//157 1102//157
f  1084//147 1102//149 1106//149
f  1084//147 1107//149 1103//149
f  1104//158 1099//156 1103//158
f  1099//156 1104//158 1100//156
f  1108//11 1065//11 1104//11
f  1104//12 1065//12 1108//12
f  1105//11 1065//11 1109//11
f  1109//12 1065//12 1105//12
f  1109//159 1102//157 1105//157
f  1102//157 1109//159 1106//159
f  1084//147 1106//149 1110//149
f  1084//147 1111//149 1107//149
f  1108//160 1103//158 1107//160
f  1103//158 1108//160 1104//158
f  1112//11 1065//11 1108//11
f  1108//12 1065//12 1112//12
f  1109//11 1065//11 1113//11
f  1113//12 1065//12 1109//12
f  1109//159 1110//161 1106//159
f  1084//147 1110//149 1111//149
f  1112//162 1107//160 1111//162
f  1107//160 1112//162 1108//160
f  1113//11 1065//11 1112//11
f  1112//12 1065//12 1113//12
f  1110//161 1109//159 1113//161
f  1113//161 1111//162 1110//161
f  1111//162 1113//161 1112//162

# Mesh 'mesh14_mesh14-geometry' with 38 faces
g mesh14_mesh14-geometry
# usemtl material_0_24
f  1084//148 1087//163 1077//148
f  1083//146 1086//146 1090//164
f  1086//163 1077//148 1087//163
f  1091//163 1087//163 1084//148
f  1087//164 1090//164 1086//146
f  1091//165 1093//165 1087//164
f  1094//163 1091//163 1084//148
f  1092//163 1095//163 1084//148
f  1090//164 1087//164 1093//165
f  1093//165 1091//165 1097//166
f  1094//166 1097//166 1091//165
f  1098//163 1094//163 1084//148
f  1095//163 1099//163 1084//148
f  1097//166 1094//166 1101//167
f  1098//167 1101//167 1094//166
f  1102//163 1098//163 1084//148
f  1099//163 1103//163 1084//148
f  1099//168 1095//154 1100//168
f  1096//154 1100//168 1095//154
f  1101//167 1098//167 1105//169
f  1102//169 1105//169 1098//167
f  1106//163 1102//163 1084//148
f  1103//163 1107//163 1084//148
f  1103//170 1099//168 1104//170
f  1100//168 1104//170 1099//168
f  1105//169 1102//169 1109//171
f  1106//171 1109//171 1102//169
f  1110//163 1106//163 1084//148
f  1107//163 1111//163 1084//148
f  1107//172 1103//170 1108//172
f  1104//170 1108//172 1103//170
f  1106//171 1110//173 1109//171
f  1111//163 1110//163 1084//148
f  1111//174 1107//172 1112//174
f  1108//172 1112//174 1107//172
f  1113//173 1109//171 1110//173
f  1110//173 1111//174 1113//173
f  1112//174 1113//173 1111//174

# Mesh 'mesh15_mesh15-geometry' with 198 faces
g mesh15_mesh15-geometry
# usemtl material_2_24
f  1114//121 1115//122 1116//121
f  1116//123 1115//124 1114//123
f  1115//13 1114//13 1117//13
f  1117//14 1114//14 1115//14
f  1118//122 1116//121 1115//122
f  1115//124 1116//123 1118//124
f  1116//121 1119//125 1114//121
f  1114//123 1119//126 1116//123
f  1114//13 1120//13 1117//13
f  1117//14 1120//14 1114//14
f  1121//13 1115//13 1117//13
f  1117//14 1115//14 1121//14
f  1118//14 1122//14 1116//14
f  1116//13 1122//13 1118//13
f  1118//122 1115//122 1123//127
f  1123//128 1115//124 1118//124
f  1116//14 1122//14 1119//14
f  1119//13 1122//13 1116//13
f  1120//125 1114//121 1119//125
f  1119//126 1114//123 1120//126
f  1120//13 1124//13 1117//13
f  1117//14 1124//14 1120//14
f  1121//127 1123//127 1115//122
f  1115//124 1123//128 1121//128
f  1125//13 1121//13 1117//13
f  1117//14 1121//14 1125//14
f  1123//14 1122//14 1118//14
f  1118//13 1122//13 1123//13
f  1119//14 1122//14 1126//14
f  1126//13 1122//13 1119//13
f  1119//125 1126//129 1120//125
f  1120//126 1126//130 1119//126
f  1124//129 1120//125 1126//129
f  1126//130 1120//126 1124//130
f  1124//13 1127//13 1117//13
f  1117//14 1127//14 1124//14
f  1123//127 1121//127 1128//131
f  1128//132 1121//128 1123//128
f  1125//131 1128//131 1121//127
f  1121//128 1128//132 1125//132
f  1129//13 1125//13 1117//13
f  1117//14 1125//14 1129//14
f  1128//14 1122//14 1123//14
f  1123//13 1122//13 1128//13
f  1122//14 1130//14 1126//14
f  1126//13 1130//13 1122//13
f  1126//129 1131//133 1124//129
f  1124//130 1131//134 1126//130
f  1127//133 1124//129 1131//133
f  1131//134 1124//130 1127//134
f  1127//13 1132//13 1117//13
f  1117//14 1132//14 1127//14
f  1128//131 1125//131 1133//135
f  1133//136 1125//132 1128//132
f  1129//135 1133//135 1125//131
f  1125//132 1133//136 1129//136
f  1134//13 1129//13 1117//13
f  1117//14 1129//14 1134//14
f  1133//14 1122//14 1128//14
f  1128//13 1122//13 1133//13
f  1135//14 1130//14 1122//14
f  1122//13 1130//13 1135//13
f  1126//14 1130//14 1131//14
f  1131//13 1130//13 1126//13
f  1131//133 1136//137 1127//133
f  1127//134 1136//138 1131//134
f  1132//137 1127//133 1136//137
f  1136//138 1127//134 1132//138
f  1132//13 1137//13 1117//13
f  1117//14 1137//14 1132//14
f  1133//135 1129//135 1138//139
f  1138//140 1129//136 1133//136
f  1134//139 1138//139 1129//135
f  1129//136 1138//140 1134//140
f  1139//13 1134//13 1117//13
f  1117//14 1134//14 1139//14
f  1122//14 1133//14 1140//14
f  1140//13 1133//13 1122//13
f  1141//14 1130//14 1135//14
f  1135//13 1130//13 1141//13
f  1131//14 1130//14 1136//14
f  1136//13 1130//13 1131//13
f  1136//137 1142//141 1132//137
f  1132//138 1142//142 1136//138
f  1137//141 1132//137 1142//141
f  1142//142 1132//138 1137//142
f  1137//13 1143//13 1117//13
f  1117//14 1143//14 1137//14
f  1138//14 1140//14 1133//14
f  1133//13 1140//13 1138//13
f  1138//139 1134//139 1144//143
f  1144//144 1134//140 1138//140
f  1139//143 1144//143 1134//139
f  1134//140 1144//144 1139//144
f  1145//13 1139//13 1117//13
f  1117//14 1139//14 1145//14
f  1130//14 1141//14 1146//14
f  1146//13 1141//13 1130//13
f  1136//14 1130//14 1142//14
f  1142//13 1130//13 1136//13
f  1142//141 1147//147 1137//141
f  1137//142 1147//148 1142//142
f  1143//147 1137//141 1147//147
f  1147//148 1137//142 1143//148
f  1117//13 1143//13 1148//175
f  1148//176 1143//14 1117//14
f  1149//14 1140//14 1138//14
f  1138//13 1140//13 1149//13
f  1144//14 1149//14 1138//14
f  1138//13 1149//13 1144//13
f  1146//14 1141//14 1150//14
f  1150//13 1141//13 1146//13
f  1142//14 1130//14 1147//14
f  1147//13 1130//13 1142//13
f  1147//147 1151//149 1143//147
f  1152//175 1148//175 1143//13
f  1143//14 1148//176 1152//176
f  1117//11 1148//11 1130//11
f  1130//12 1148//12 1117//12
f  1153//14 1149//14 1144//14
f  1144//13 1149//13 1153//13
f  1154//14 1150//14 1141//14
f  1141//13 1150//13 1154//13
f  1130//14 896//14 1147//14
f  1147//13 896//13 1130//13
f  1155//149 1151//149 1147//147
f  1152//149 1143//147 1151//149
f  1148//175 1152//175 1156//177
f  1156//11 1130//11 1148//11
f  1148//12 1130//12 1156//12
f  896//11 1130//11 894//11
f  894//12 1130//12 896//12
f  1147//14 896//14 1157//14
f  1157//13 896//13 1147//13
f  1155//178 1158//178 1151//177
f  1159//149 1155//149 1147//147
f  1151//177 1156//177 1152//175
f  1158//11 1130//11 1156//11
f  1156//12 1130//12 1158//12
f  894//11 1130//11 1160//11
f  1160//12 1130//12 894//12
f  894//14 1157//14 896//14
f  896//13 1157//13 894//13
f  1157//149 1161//149 1147//147
f  1158//178 1155//178 1162//179
f  1156//177 1151//177 1158//178
f  1159//179 1162//179 1155//178
f  1163//149 1159//149 1147//147
f  1162//11 1130//11 1158//11
f  1158//12 1130//12 1162//12
f  1160//11 1130//11 1164//11
f  1164//12 1130//12 1160//12
f  894//9 1160//180 1157//9
f  1157//10 1160//181 894//10
f  1161//180 1157//9 1160//180
f  1160//181 1157//10 1161//181
f  1161//149 1165//149 1147//147
f  1162//179 1159//179 1166//182
f  1163//182 1166//182 1159//179
f  1167//149 1163//149 1147//147
f  1166//11 1130//11 1162//11
f  1162//12 1130//12 1166//12
f  1164//11 1130//11 1168//11
f  1168//12 1130//12 1164//12
f  1160//180 1164//183 1161//180
f  1165//183 1161//180 1164//183
f  1165//149 1169//149 1147//147
f  1166//182 1163//182 1170//184
f  1167//184 1170//184 1163//182
f  1171//149 1167//149 1147//147
f  1170//11 1130//11 1166//11
f  1166//12 1130//12 1170//12
f  1168//11 1130//11 1172//11
f  1172//12 1130//12 1168//12
f  1164//183 1168//185 1165//183
f  1169//185 1165//183 1168//185
f  1169//149 1173//149 1147//147
f  1170//184 1167//184 1174//186
f  1171//186 1174//186 1167//184
f  1175//149 1171//149 1147//147
f  1174//11 1130//11 1170//11
f  1170//12 1130//12 1174//12
f  1172//11 1130//11 1176//11
f  1176//12 1130//12 1172//12
f  1168//185 1172//187 1169//185
f  1173//187 1169//185 1172//187
f  1173//149 1177//149 1147//147
f  1171//186 1175//188 1174//186
f  1177//149 1175//149 1147//147
f  1178//11 1130//11 1174//11
f  1174//12 1130//12 1178//12
f  1176//11 1130//11 1178//11
f  1178//12 1130//12 1176//12
f  1172//187 1176//189 1173//187
f  1177//189 1173//187 1176//189
f  1178//188 1174//186 1175//188
f  1175//188 1177//189 1178//188
f  1176//189 1178//188 1177//189

# Mesh 'mesh15_mesh15-geometry' with 38 faces
g mesh15_mesh15-geometry
# usemtl material_0_24
f  1143//148 1151//163 1147//148
f  1147//148 1151//163 1155//163
f  1151//163 1143//148 1152//163
f  1156//190 1152//176 1148//176
f  1151//190 1158//191 1155//191
f  1147//148 1155//163 1159//163
f  1152//176 1156//190 1151//190
f  1147//148 1161//163 1157//163
f  1162//192 1155//191 1158//191
f  1158//191 1151//190 1156//190
f  1155//191 1162//192 1159//192
f  1147//148 1159//163 1163//163
f  1147//148 1165//163 1161//163
f  1166//193 1159//192 1162//192
f  1159//192 1166//193 1163//193
f  1147//148 1163//163 1167//163
f  1161//181 1164//194 1160//181
f  1164//194 1161//181 1165//194
f  1147//148 1169//163 1165//163
f  1170//195 1163//193 1166//193
f  1163//193 1170//195 1167//195
f  1147//148 1167//163 1171//163
f  1165//194 1168//196 1164//194
f  1168//196 1165//194 1169//196
f  1147//148 1173//163 1169//163
f  1174//197 1167//195 1170//195
f  1167//195 1174//197 1171//197
f  1147//148 1171//163 1175//163
f  1169//196 1172//198 1168//196
f  1172//198 1169//196 1173//198
f  1147//148 1177//163 1173//163
f  1174//197 1175//199 1171//197
f  1147//148 1175//163 1177//163
f  1173//198 1176//200 1172//198
f  1176//200 1173//198 1177//200
f  1175//199 1174//197 1178//199
f  1178//199 1177//200 1175//199
f  1177//200 1178//199 1176//200

# Mesh 'mesh16_mesh16-geometry' with 24 faces
g mesh16_mesh16-geometry
# usemtl material_2_24
f  1179//14 1180//14 1181//14
f  1180//14 1179//14 1182//14
f  1181//13 1180//13 1179//13
f  1182//13 1179//13 1180//13
f  1183//11 1181//11 1180//11
f  1180//12 1181//12 1183//12
f  1181//9 1184//9 1179//9
f  1179//10 1184//10 1181//10
f  1184//12 1182//12 1179//12
f  1179//11 1182//11 1184//11
f  1185//10 1180//10 1182//10
f  1182//9 1180//9 1185//9
f  1181//11 1183//11 1186//11
f  1186//12 1183//12 1181//12
f  1180//10 1185//10 1183//10
f  1183//9 1185//9 1180//9
f  1184//9 1181//9 1186//9
f  1186//10 1181//10 1184//10
f  1182//12 1184//12 1185//12
f  1185//11 1184//11 1182//11
f  1185//13 1186//13 1183//13
f  1183//14 1186//14 1185//14
f  1186//13 1185//13 1184//13
f  1184//14 1185//14 1186//14

# Mesh 'mesh17_mesh17-geometry' with 12 faces
g mesh17_mesh17-geometry
# usemtl material_0_0
l  1179 1182
l  1181 1179
l  1179 1184
l  1182 1180
l  1182 1185
l  1180 1181
l  1181 1186
l  1186 1184
l  1184 1185
l  1180 1183
l  1185 1183
l  1183 1186

# Mesh 'mesh18_mesh18-geometry' with 216 faces
g mesh18_mesh18-geometry
# usemtl material_2_24
f  1187//180 1188//153 1189//180
f  1188//153 1187//180 1190//153
f  1189//181 1188//154 1187//181
f  1190//154 1187//181 1188//154
f  1188//11 1191//11 1189//11
f  1189//12 1191//12 1188//12
f  1189//180 1192//183 1187//180
f  1187//181 1192//194 1189//181
f  1193//12 1190//12 1187//12
f  1187//11 1190//11 1193//11
f  1190//153 1194//156 1188//153
f  1188//154 1194//168 1190//154
f  1194//11 1191//11 1188//11
f  1188//12 1191//12 1194//12
f  1189//11 1191//11 1195//11
f  1195//12 1191//12 1189//12
f  1192//183 1189//180 1195//183
f  1195//194 1189//181 1192//194
f  1193//12 1187//12 1192//12
f  1192//11 1187//11 1193//11
f  1193//12 1196//12 1190//12
f  1190//11 1196//11 1193//11
f  1194//156 1190//153 1196//156
f  1196//168 1190//154 1194//168
f  1197//11 1191//11 1194//11
f  1194//12 1191//12 1197//12
f  1195//11 1191//11 1198//11
f  1198//12 1191//12 1195//12
f  1195//183 1199//185 1192//183
f  1192//194 1199//196 1195//194
f  1193//12 1192//12 1199//12
f  1199//11 1192//11 1193//11
f  1193//12 1200//12 1196//12
f  1196//11 1200//11 1193//11
f  1196//156 1197//158 1194//156
f  1194//168 1197//170 1196//168
f  1201//11 1191//11 1197//11
f  1197//12 1191//12 1201//12
f  1198//11 1191//11 1202//11
f  1202//12 1191//12 1198//12
f  1199//185 1195//183 1198//185
f  1198//196 1195//194 1199//196
f  1193//12 1199//12 1203//12
f  1203//11 1199//11 1193//11
f  1193//12 1204//12 1200//12
f  1200//11 1204//11 1193//11
f  1197//158 1196//156 1200//158
f  1200//170 1196//168 1197//170
f  1205//11 1191//11 1201//11
f  1201//12 1191//12 1205//12
f  1200//158 1201//160 1197//158
f  1197//170 1201//172 1200//170
f  1202//11 1191//11 1206//11
f  1206//12 1191//12 1202//12
f  1203//187 1198//185 1202//187
f  1202//198 1198//196 1203//198
f  1198//185 1203//187 1199//185
f  1199//196 1203//198 1198//196
f  1193//12 1203//12 1207//12
f  1207//11 1203//11 1193//11
f  1193//12 1208//12 1204//12
f  1204//11 1208//11 1193//11
f  1201//160 1200//158 1204//160
f  1204//172 1200//170 1201//172
f  1209//11 1191//11 1205//11
f  1205//12 1191//12 1209//12
f  1204//160 1205//162 1201//160
f  1201//172 1205//174 1204//172
f  1206//11 1191//11 1210//11
f  1210//12 1191//12 1206//12
f  1207//189 1202//187 1206//189
f  1206//200 1202//198 1207//200
f  1202//187 1207//189 1203//187
f  1203//198 1207//200 1202//198
f  1193//12 1207//12 1211//12
f  1211//11 1207//11 1193//11
f  1193//12 1212//12 1208//12
f  1208//11 1212//11 1193//11
f  1205//162 1204//160 1208//162
f  1208//174 1204//172 1205//174
f  1213//11 1191//11 1209//11
f  1209//12 1191//12 1213//12
f  1208//162 1209//161 1205//162
f  1205//174 1209//173 1208//174
f  1210//11 1191//11 1214//11
f  1214//12 1191//12 1210//12
f  1211//188 1206//189 1210//188
f  1210//199 1206//200 1211//199
f  1206//189 1211//188 1207//189
f  1207//200 1211//199 1206//200
f  1193//12 1211//12 1215//12
f  1215//11 1211//11 1193//11
f  1193//12 1216//12 1212//12
f  1212//11 1216//11 1193//11
f  1209//161 1208//162 1212//161
f  1212//173 1208//174 1209//173
f  1217//11 1191//11 1213//11
f  1213//12 1191//12 1217//12
f  1212//161 1213//159 1209//161
f  1209//173 1213//171 1212//173
f  1214//11 1191//11 1218//11
f  1218//12 1191//12 1214//12
f  1215//186 1210//188 1214//186
f  1214//197 1210//199 1215//197
f  1210//188 1215//186 1211//188
f  1211//199 1215//197 1210//199
f  1193//12 1215//12 1219//12
f  1219//11 1215//11 1193//11
f  1193//12 1220//12 1216//12
f  1216//11 1220//11 1193//11
f  1213//159 1212//161 1216//159
f  1216//171 1212//173 1213//171
f  1221//11 1191//11 1217//11
f  1217//12 1191//12 1221//12
f  1213//159 1220//157 1217//157
f  1217//169 1220//169 1213//171
f  1218//11 1191//11 1222//11
f  1222//12 1191//12 1218//12
f  1218//184 1215//186 1214//186
f  1214//197 1215//197 1218//195
f  1215//186 1218//184 1219//184
f  1219//195 1218//195 1215//197
f  1193//12 1219//12 1223//12
f  1223//11 1219//11 1193//11
f  1193//12 1224//12 1220//12
f  1220//11 1224//11 1193//11
f  1220//157 1213//159 1216//159
f  1216//171 1213//171 1220//169
f  1225//11 1191//11 1221//11
f  1221//12 1191//12 1225//12
f  1217//157 1224//155 1221//155
f  1221//167 1224//167 1217//169
f  1224//155 1217//157 1220//157
f  1220//169 1217//169 1224//167
f  1222//11 1191//11 1226//11
f  1226//12 1191//12 1222//12
f  1222//182 1219//184 1218//184
f  1218//195 1219//195 1222//193
f  1219//184 1222//182 1223//182
f  1223//193 1222//193 1219//195
f  1193//12 1223//12 1227//12
f  1227//11 1223//11 1193//11
f  1193//12 1228//12 1224//12
f  1224//11 1228//11 1193//11
f  1229//11 1191//11 1225//11
f  1225//12 1191//12 1229//12
f  1221//155 1228//152 1225//152
f  1225//166 1228//166 1221//167
f  1228//152 1221//155 1224//155
f  1224//167 1221//167 1228//166
f  1226//11 1191//11 1230//11
f  1230//12 1191//12 1226//12
f  1226//179 1223//182 1222//182
f  1222//193 1223//193 1226//192
f  1223//182 1226//179 1227//179
f  1227//192 1226//192 1223//193
f  1193//12 1227//12 1231//12
f  1231//11 1227//11 1193//11
f  1193//12 1232//12 1228//12
f  1228//11 1232//11 1193//11
f  1233//11 1191//11 1229//11
f  1229//12 1191//12 1233//12
f  1225//152 1232//151 1229//151
f  1229//165 1232//165 1225//166
f  1232//151 1225//152 1228//152
f  1228//166 1225//166 1232//165
f  1230//11 1191//11 1234//11
f  1234//12 1191//12 1230//12
f  1230//178 1227//179 1226//179
f  1226//192 1227//192 1230//191
f  1227//179 1230//178 1231//178
f  1231//191 1230//191 1227//192
f  1193//12 1231//12 1235//12
f  1235//11 1231//11 1193//11
f  1193//12 1236//12 1232//12
f  1232//11 1236//11 1193//11
f  1237//11 1191//11 1233//11
f  1233//12 1191//12 1237//12
f  1229//151 1236//150 1233//150
f  1233//164 1236//164 1229//165
f  1236//150 1229//151 1232//151
f  1232//165 1229//165 1236//164
f  1234//11 1191//11 1238//11
f  1238//12 1191//12 1234//12
f  1234//177 1231//178 1230//178
f  1230//191 1231//191 1234//190
f  1231//178 1234//177 1235//177
f  1235//190 1234//190 1231//191
f  1193//12 1235//12 1239//12
f  1239//11 1235//11 1193//11
f  1240//12 1236//12 1193//12
f  1193//11 1236//11 1240//11
f  1191//11 1237//11 1241//11
f  1241//12 1237//12 1191//12
f  1233//150 1242//145 1237//145
f  1237//146 1242//146 1233//164
f  1242//145 1233//150 1236//150
f  1236//164 1233//164 1242//146
f  1191//13 1239//175 1238//175
f  1238//176 1239//176 1191//14
f  1238//175 1235//177 1234//177
f  1234//190 1235//190 1238//176
f  1235//177 1238//175 1239//175
f  1239//176 1238//176 1235//190
f  1239//175 1191//13 1193//13
f  1193//14 1191//14 1239//176
f  1236//12 1240//12 1242//12
f  1242//11 1240//11 1236//11
f  1191//10 1240//10 1193//10
f  1193//9 1240//9 1191//9
f  1237//145 1240//14 1241//14
f  1241//13 1240//13 1237//146
f  1240//10 1191//10 1241//10
f  1241//9 1191//9 1240//9
f  1240//14 1237//145 1242//145
f  1242//146 1237//146 1240//13

# Mesh 'mesh19_mesh19-geometry' with 58 faces
g mesh19_mesh19-geometry
# usemtl material_0_0
l  1193 1240
l  1191 1193
l  1239 1193
l  1240 1242
l  1241 1240
l  1191 1241
l  1238 1191
l  1235 1239
l  1242 1236
l  1241 1237
l  1234 1238
l  1231 1235
l  1236 1232
l  1237 1233
l  1230 1234
l  1227 1231
l  1232 1228
l  1233 1229
l  1226 1230
l  1223 1227
l  1228 1224
l  1229 1225
l  1222 1226
l  1219 1223
l  1224 1220
l  1225 1221
l  1218 1222
l  1215 1219
l  1220 1216
l  1221 1217
l  1214 1218
l  1211 1215
l  1216 1212
l  1217 1213
l  1210 1214
l  1207 1211
l  1212 1208
l  1213 1209
l  1206 1210
l  1203 1207
l  1208 1204
l  1209 1205
l  1202 1206
l  1199 1203
l  1204 1200
l  1205 1201
l  1198 1202
l  1192 1199
l  1200 1196
l  1201 1197
l  1195 1198
l  1187 1192
l  1196 1190
l  1197 1194
l  1189 1195
l  1190 1187
l  1194 1188
l  1188 1189

# Mesh 'mesh20_mesh20-geometry' with 184 faces
g mesh20_mesh20-geometry
# usemtl material_2_24
f  1243//11 1244//11 1245//11
f  1244//11 1243//11 1246//11
f  1245//12 1244//12 1243//12
f  1246//12 1243//12 1244//12
f  1244//151 1247//14 1245//14
f  1245//13 1247//13 1244//165
f  1245//14 1248//191 1243//191
f  1243//178 1248//178 1245//13
f  1243//191 1249//193 1246//193
f  1246//182 1249//182 1243//178
f  1244//11 1246//11 1250//11
f  1250//12 1246//12 1244//12
f  1247//14 1244//151 1251//151
f  1251//165 1244//165 1247//13
f  1248//191 1245//14 1247//14
f  1247//13 1245//13 1248//178
f  1249//193 1243//191 1248//191
f  1248//178 1243//178 1249//182
f  1252//197 1246//193 1249//193
f  1249//182 1246//182 1252//186
f  1250//11 1246//11 1253//11
f  1253//12 1246//12 1250//12
f  1250//155 1251//151 1244//151
f  1244//165 1251//165 1250//167
f  1251//12 1248//12 1247//12
f  1247//11 1248//11 1251//11
f  1248//12 1254//12 1249//12
f  1249//11 1254//11 1248//11
f  1246//193 1252//197 1253//197
f  1253//186 1252//186 1246//182
f  1249//12 1255//12 1252//12
f  1252//11 1255//11 1249//11
f  1250//11 1253//11 1256//11
f  1256//12 1253//12 1250//12
f  1251//151 1250//155 1254//155
f  1254//167 1250//167 1251//165
f  1248//12 1251//12 1254//12
f  1254//11 1251//11 1248//11
f  1249//12 1254//12 1255//12
f  1255//11 1254//11 1249//11
f  1252//197 1257//200 1253//197
f  1253//186 1257//189 1252//186
f  1252//12 1255//12 1258//12
f  1258//11 1255//11 1252//11
f  1256//11 1253//11 1257//11
f  1257//12 1253//12 1256//12
f  1256//159 1254//155 1250//155
f  1250//167 1254//167 1256//171
f  1254//155 1256//159 1255//159
f  1255//171 1256//171 1254//167
f  1257//200 1252//197 1258//200
f  1258//189 1252//186 1257//189
f  1258//12 1255//12 1259//12
f  1259//11 1255//11 1258//11
f  1256//11 1257//11 1260//11
f  1260//12 1257//12 1256//12
f  1256//159 1259//162 1255//159
f  1255//171 1259//174 1256//171
f  1258//200 1261//196 1257//200
f  1257//189 1261//185 1258//189
f  1258//12 1259//12 1262//12
f  1262//11 1259//11 1258//11
f  1260//11 1257//11 1261//11
f  1261//12 1257//12 1260//12
f  1259//162 1256//159 1260//162
f  1260//174 1256//171 1259//174
f  1261//196 1258//200 1263//196
f  1263//185 1258//189 1261//185
f  1260//162 1262//158 1259//162
f  1259//174 1262//170 1260//174
f  1258//12 1262//12 1263//12
f  1263//11 1262//11 1258//11
f  1260//11 1261//11 1264//11
f  1264//12 1261//12 1260//12
f  1263//196 1265//10 1261//196
f  1261//185 1265//9 1263//185
f  1262//158 1260//162 1264//158
f  1264//170 1260//174 1262//170
f  1263//12 1262//12 1266//12
f  1266//11 1262//11 1263//11
f  1264//11 1261//11 1265//11
f  1265//12 1261//12 1264//12
f  1265//10 1263//196 1267//10
f  1267//9 1263//185 1265//9
f  1264//158 1266//9 1262//158
f  1262//170 1266//10 1264//170
f  1263//12 1266//12 1267//12
f  1267//11 1266//11 1263//11
f  1264//11 1265//11 1268//11
f  1268//12 1265//12 1264//12
f  1267//10 1269//170 1265//10
f  1265//9 1269//158 1267//9
f  1266//9 1264//158 1268//9
f  1268//10 1264//170 1266//10
f  1267//12 1266//12 1270//12
f  1270//11 1266//11 1267//11
f  1268//11 1265//11 1269//11
f  1269//12 1265//12 1268//12
f  1269//170 1267//10 1271//170
f  1271//158 1267//9 1269//158
f  1268//9 1270//185 1266//9
f  1266//10 1270//196 1268//10
f  1267//12 1270//12 1271//12
f  1271//11 1270//11 1267//11
f  1268//11 1269//11 1272//11
f  1272//12 1269//12 1268//12
f  1271//170 1273//174 1269//170
f  1269//158 1273//162 1271//158
f  1270//185 1268//9 1272//185
f  1272//196 1268//10 1270//196
f  1271//12 1270//12 1274//12
f  1274//11 1270//11 1271//11
f  1272//11 1269//11 1273//11
f  1273//12 1269//12 1272//12
f  1273//174 1271//170 1274//174
f  1274//162 1271//158 1273//162
f  1272//185 1275//189 1270//185
f  1270//196 1275//200 1272//196
f  1274//12 1270//12 1275//12
f  1275//11 1270//11 1274//11
f  1272//11 1273//11 1276//11
f  1276//12 1273//12 1272//12
f  1274//174 1277//171 1273//174
f  1273//162 1277//159 1274//162
f  1275//189 1272//185 1276//189
f  1276//200 1272//196 1275//200
f  1274//12 1275//12 1278//12
f  1278//11 1275//11 1274//11
f  1276//11 1273//11 1277//11
f  1277//12 1273//12 1276//12
f  1277//171 1274//174 1279//171
f  1279//159 1274//162 1277//159
f  1276//189 1278//186 1275//189
f  1275//200 1278//197 1276//200
f  1274//12 1278//12 1279//12
f  1279//11 1278//11 1274//11
f  1276//11 1277//11 1280//11
f  1280//12 1277//12 1276//12
f  1281//167 1277//171 1279//171
f  1279//159 1277//159 1281//155
f  1278//186 1276//189 1280//186
f  1280//197 1276//200 1278//197
f  1279//12 1278//12 1282//12
f  1282//11 1278//11 1279//11
f  1280//11 1277//11 1283//11
f  1283//12 1277//12 1280//12
f  1277//171 1281//167 1283//167
f  1283//155 1281//155 1277//159
f  1279//12 1282//12 1281//12
f  1281//11 1282//11 1279//11
f  1284//182 1278//186 1280//186
f  1280//197 1278//197 1284//193
f  1278//186 1284//182 1282//182
f  1282//193 1284//193 1278//197
f  1280//11 1283//11 1284//11
f  1284//12 1283//12 1280//12
f  1285//165 1283//167 1281//167
f  1281//155 1283//155 1285//151
f  1281//12 1282//12 1286//12
f  1286//11 1282//11 1281//11
f  1287//178 1282//182 1284//182
f  1284//193 1282//193 1287//191
f  1284//11 1283//11 1288//11
f  1288//12 1283//12 1284//12
f  1283//167 1285//165 1288//165
f  1288//151 1285//151 1283//155
f  1281//12 1286//12 1285//12
f  1285//11 1286//11 1281//11
f  1282//182 1287//178 1286//178
f  1286//191 1287//191 1282//193
f  1284//11 1288//11 1287//11
f  1287//12 1288//12 1284//12
f  1289//13 1288//165 1285//165
f  1285//151 1288//151 1289//14
f  1285//12 1286//12 1289//12
f  1289//11 1286//11 1285//11
f  1290//13 1286//178 1287//178
f  1287//191 1286//191 1290//14
f  1287//11 1288//11 1290//11
f  1290//12 1288//12 1287//12
f  1288//165 1289//13 1290//13
f  1290//14 1289//14 1288//151
f  1286//178 1290//13 1289//13
f  1289//14 1290//14 1286//191

# Mesh 'mesh21_mesh21-geometry' with 24 faces
g mesh21_mesh21-geometry
# usemtl material_0_0
l  1290 1287
l  1288 1290
l  1287 1284
l  1283 1288
l  1284 1280
l  1277 1283
l  1280 1276
l  1273 1277
l  1276 1272
l  1269 1273
l  1272 1268
l  1265 1269
l  1268 1264
l  1261 1265
l  1264 1260
l  1257 1261
l  1260 1256
l  1253 1257
l  1256 1250
l  1246 1253
l  1250 1244
l  1243 1246
l  1244 1245
l  1245 1243

# Mesh 'mesh22_mesh22-geometry' with 24 faces
g mesh22_mesh22-geometry
# usemtl material_0_0
l  1251 1247
l  1254 1251
l  1247 1248
l  1255 1254
l  1248 1249
l  1259 1255
l  1249 1252
l  1262 1259
l  1252 1258
l  1266 1262
l  1258 1263
l  1270 1266
l  1263 1267
l  1275 1270
l  1267 1271
l  1278 1275
l  1271 1274
l  1282 1278
l  1274 1279
l  1286 1282
l  1279 1281
l  1289 1286
l  1281 1285
l  1285 1289

# Mesh 'mesh23_mesh23-geometry' with 184 faces
g mesh23_mesh23-geometry
# usemtl material_2_24
f  1291//11 1292//11 1293//11
f  1292//11 1291//11 1294//11
f  1293//12 1292//12 1291//12
f  1294//12 1291//12 1292//12
f  1292//151 1295//14 1293//14
f  1293//13 1295//13 1292//165
f  1293//14 1296//191 1291//191
f  1291//178 1296//178 1293//13
f  1291//191 1297//193 1294//193
f  1294//182 1297//182 1291//178
f  1292//11 1294//11 1298//11
f  1298//12 1294//12 1292//12
f  1295//14 1292//151 1299//151
f  1299//165 1292//165 1295//13
f  1296//191 1293//14 1295//14
f  1295//13 1293//13 1296//178
f  1297//193 1291//191 1296//191
f  1296//178 1291//178 1297//182
f  1300//197 1294//193 1297//193
f  1297//182 1294//182 1300//186
f  1298//11 1294//11 1301//11
f  1301//12 1294//12 1298//12
f  1298//155 1299//151 1292//151
f  1292//165 1299//165 1298//167
f  1299//12 1296//12 1295//12
f  1295//11 1296//11 1299//11
f  1296//12 1302//12 1297//12
f  1297//11 1302//11 1296//11
f  1294//193 1300//197 1301//197
f  1301//186 1300//186 1294//182
f  1297//12 1303//12 1300//12
f  1300//11 1303//11 1297//11
f  1298//11 1301//11 1304//11
f  1304//12 1301//12 1298//12
f  1299//151 1298//155 1302//155
f  1302//167 1298//167 1299//165
f  1296//12 1299//12 1302//12
f  1302//11 1299//11 1296//11
f  1297//12 1302//12 1303//12
f  1303//11 1302//11 1297//11
f  1300//197 1305//200 1301//197
f  1301//186 1305//189 1300//186
f  1300//12 1303//12 1306//12
f  1306//11 1303//11 1300//11
f  1304//11 1301//11 1305//11
f  1305//12 1301//12 1304//12
f  1304//159 1302//155 1298//155
f  1298//167 1302//167 1304//171
f  1302//155 1304//159 1303//159
f  1303//171 1304//171 1302//167
f  1305//200 1300//197 1306//200
f  1306//189 1300//186 1305//189
f  1306//12 1303//12 1307//12
f  1307//11 1303//11 1306//11
f  1304//11 1305//11 1308//11
f  1308//12 1305//12 1304//12
f  1304//159 1307//162 1303//159
f  1303//171 1307//174 1304//171
f  1306//200 1309//196 1305//200
f  1305//189 1309//185 1306//189
f  1306//12 1307//12 1310//12
f  1310//11 1307//11 1306//11
f  1308//11 1305//11 1309//11
f  1309//12 1305//12 1308//12
f  1307//162 1304//159 1308//162
f  1308//174 1304//171 1307//174
f  1309//196 1306//200 1311//196
f  1311//185 1306//189 1309//185
f  1308//162 1310//158 1307//162
f  1307//174 1310//170 1308//174
f  1306//12 1310//12 1311//12
f  1311//11 1310//11 1306//11
f  1308//11 1309//11 1312//11
f  1312//12 1309//12 1308//12
f  1311//196 1313//10 1309//196
f  1309//185 1313//9 1311//185
f  1310//158 1308//162 1312//158
f  1312//170 1308//174 1310//170
f  1311//12 1310//12 1314//12
f  1314//11 1310//11 1311//11
f  1312//11 1309//11 1313//11
f  1313//12 1309//12 1312//12
f  1313//10 1311//196 1315//10
f  1315//9 1311//185 1313//9
f  1312//158 1314//9 1310//158
f  1310//170 1314//10 1312//170
f  1311//12 1314//12 1315//12
f  1315//11 1314//11 1311//11
f  1312//11 1313//11 1316//11
f  1316//12 1313//12 1312//12
f  1315//10 1317//170 1313//10
f  1313//9 1317//158 1315//9
f  1314//9 1312//158 1316//9
f  1316//10 1312//170 1314//10
f  1315//12 1314//12 1318//12
f  1318//11 1314//11 1315//11
f  1316//11 1313//11 1317//11
f  1317//12 1313//12 1316//12
f  1317//170 1315//10 1319//170
f  1319//158 1315//9 1317//158
f  1316//9 1318//185 1314//9
f  1314//10 1318//196 1316//10
f  1315//12 1318//12 1319//12
f  1319//11 1318//11 1315//11
f  1316//11 1317//11 1320//11
f  1320//12 1317//12 1316//12
f  1319//170 1321//174 1317//170
f  1317//158 1321//162 1319//158
f  1318//185 1316//9 1320//185
f  1320//196 1316//10 1318//196
f  1319//12 1318//12 1322//12
f  1322//11 1318//11 1319//11
f  1320//11 1317//11 1321//11
f  1321//12 1317//12 1320//12
f  1321//174 1319//170 1322//174
f  1322//162 1319//158 1321//162
f  1320//185 1323//189 1318//185
f  1318//196 1323//200 1320//196
f  1322//12 1318//12 1323//12
f  1323//11 1318//11 1322//11
f  1320//11 1321//11 1324//11
f  1324//12 1321//12 1320//12
f  1322//174 1325//171 1321//174
f  1321//162 1325//159 1322//162
f  1323//189 1320//185 1324//189
f  1324//200 1320//196 1323//200
f  1322//12 1323//12 1326//12
f  1326//11 1323//11 1322//11
f  1324//11 1321//11 1325//11
f  1325//12 1321//12 1324//12
f  1325//171 1322//174 1327//171
f  1327//159 1322//162 1325//159
f  1324//189 1326//186 1323//189
f  1323//200 1326//197 1324//200
f  1322//12 1326//12 1327//12
f  1327//11 1326//11 1322//11
f  1324//11 1325//11 1328//11
f  1328//12 1325//12 1324//12
f  1329//167 1325//171 1327//171
f  1327//159 1325//159 1329//155
f  1326//186 1324//189 1328//186
f  1328//197 1324//200 1326//197
f  1327//12 1326//12 1330//12
f  1330//11 1326//11 1327//11
f  1328//11 1325//11 1331//11
f  1331//12 1325//12 1328//12
f  1325//171 1329//167 1331//167
f  1331//155 1329//155 1325//159
f  1327//12 1330//12 1329//12
f  1329//11 1330//11 1327//11
f  1332//182 1326//186 1328//186
f  1328//197 1326//197 1332//193
f  1326//186 1332//182 1330//182
f  1330//193 1332//193 1326//197
f  1328//11 1331//11 1332//11
f  1332//12 1331//12 1328//12
f  1333//165 1331//167 1329//167
f  1329//155 1331//155 1333//151
f  1329//12 1330//12 1334//12
f  1334//11 1330//11 1329//11
f  1335//178 1330//182 1332//182
f  1332//193 1330//193 1335//191
f  1332//11 1331//11 1336//11
f  1336//12 1331//12 1332//12
f  1331//167 1333//165 1336//165
f  1336//151 1333//151 1331//155
f  1329//12 1334//12 1333//12
f  1333//11 1334//11 1329//11
f  1330//182 1335//178 1334//178
f  1334//191 1335//191 1330//193
f  1332//11 1336//11 1335//11
f  1335//12 1336//12 1332//12
f  1337//13 1336//165 1333//165
f  1333//151 1336//151 1337//14
f  1333//12 1334//12 1337//12
f  1337//11 1334//11 1333//11
f  1338//13 1334//178 1335//178
f  1335//191 1334//191 1338//14
f  1335//11 1336//11 1338//11
f  1338//12 1336//12 1335//12
f  1336//165 1337//13 1338//13
f  1338//14 1337//14 1336//151
f  1334//178 1338//13 1337//13
f  1337//14 1338//14 1334//191

# Mesh 'mesh24_mesh24-geometry' with 24 faces
g mesh24_mesh24-geometry
# usemtl material_0_0
l  1338 1335
l  1336 1338
l  1335 1332
l  1331 1336
l  1332 1328
l  1325 1331
l  1328 1324
l  1321 1325
l  1324 1320
l  1317 1321
l  1320 1316
l  1313 1317
l  1316 1312
l  1309 1313
l  1312 1308
l  1305 1309
l  1308 1304
l  1301 1305
l  1304 1298
l  1294 1301
l  1298 1292
l  1291 1294
l  1292 1293
l  1293 1291

# Mesh 'mesh25_mesh25-geometry' with 24 faces
g mesh25_mesh25-geometry
# usemtl material_0_0
l  1299 1295
l  1302 1299
l  1295 1296
l  1303 1302
l  1296 1297
l  1307 1303
l  1297 1300
l  1310 1307
l  1300 1306
l  1314 1310
l  1306 1311
l  1318 1314
l  1311 1315
l  1323 1318
l  1315 1319
l  1326 1323
l  1319 1322
l  1330 1326
l  1322 1327
l  1334 1330
l  1327 1329
l  1337 1334
l  1329 1333
l  1333 1337

# Mesh 'mesh26_mesh26-geometry' with 24 faces
g mesh26_mesh26-geometry
# usemtl material_2_24
f  1339//14 1340//14 1341//14
f  1340//14 1339//14 1342//14
f  1341//13 1340//13 1339//13
f  1342//13 1339//13 1340//13
f  1343//11 1341//11 1340//11
f  1340//12 1341//12 1343//12
f  1341//9 1344//9 1339//9
f  1339//10 1344//10 1341//10
f  1344//12 1342//12 1339//12
f  1339//11 1342//11 1344//11
f  1345//10 1340//10 1342//10
f  1342//9 1340//9 1345//9
f  1341//11 1343//11 1346//11
f  1346//12 1343//12 1341//12
f  1340//10 1345//10 1343//10
f  1343//9 1345//9 1340//9
f  1344//9 1341//9 1346//9
f  1346//10 1341//10 1344//10
f  1342//12 1344//12 1345//12
f  1345//11 1344//11 1342//11
f  1345//13 1346//13 1343//13
f  1343//14 1346//14 1345//14
f  1346//13 1345//13 1344//13
f  1344//14 1345//14 1346//14

# Mesh 'mesh27_mesh27-geometry' with 12 faces
g mesh27_mesh27-geometry
# usemtl material_0_0
l  1339 1342
l  1341 1339
l  1339 1344
l  1342 1340
l  1342 1345
l  1340 1341
l  1341 1346
l  1346 1344
l  1344 1345
l  1340 1343
l  1345 1343
l  1343 1346

# Mesh 'mesh28_mesh28-geometry' with 216 faces
g mesh28_mesh28-geometry
# usemtl material_2_24
f  1347//10 1348//10 1349//10
f  1348//10 1347//10 1350//10
f  1349//9 1348//9 1347//9
f  1350//9 1347//9 1348//9
f  1348//11 1351//11 1349//11
f  1349//12 1351//12 1348//12
f  1349//14 1352//145 1347//14
f  1347//13 1352//146 1349//13
f  1352//12 1350//12 1347//12
f  1347//11 1350//11 1352//11
f  1353//175 1348//13 1350//13
f  1350//14 1348//14 1353//176
f  1351//11 1348//11 1354//11
f  1354//12 1348//12 1351//12
f  1352//145 1349//14 1351//145
f  1351//146 1349//13 1352//146
f  1350//12 1352//12 1355//12
f  1355//11 1352//11 1350//11
f  1348//13 1353//175 1356//175
f  1356//176 1353//176 1348//14
f  1350//12 1357//12 1353//12
f  1353//11 1357//11 1350//11
f  1354//11 1348//11 1358//11
f  1358//12 1348//12 1354//12
f  1355//150 1351//145 1354//150
f  1354//164 1351//146 1355//164
f  1351//145 1355//150 1352//145
f  1352//146 1355//164 1351//146
f  1350//12 1355//12 1359//12
f  1359//11 1355//11 1350//11
f  1357//177 1356//175 1353//175
f  1353//176 1356//176 1357//190
f  1360//11 1348//11 1356//11
f  1356//12 1348//12 1360//12
f  1350//12 1361//12 1357//12
f  1357//11 1361//11 1350//11
f  1358//11 1348//11 1362//11
f  1362//12 1348//12 1358//12
f  1359//151 1354//150 1358//151
f  1358//165 1354//164 1359//165
f  1354//150 1359//151 1355//150
f  1355//164 1359//165 1354//164
f  1350//12 1359//12 1363//12
f  1363//11 1359//11 1350//11
f  1356//175 1357//177 1360//177
f  1360//190 1357//190 1356//176
f  1364//11 1348//11 1360//11
f  1360//12 1348//12 1364//12
f  1350//12 1365//12 1361//12
f  1361//11 1365//11 1350//11
f  1361//178 1360//177 1357//177
f  1357//190 1360//190 1361//191
f  1362//11 1348//11 1366//11
f  1366//12 1348//12 1362//12
f  1363//152 1358//151 1362//152
f  1362//166 1358//165 1363//166
f  1358//151 1363//152 1359//151
f  1359//165 1363//166 1358//165
f  1350//12 1363//12 1367//12
f  1367//11 1363//11 1350//11
f  1368//11 1348//11 1364//11
f  1364//12 1348//12 1368//12
f  1360//177 1361//178 1364//178
f  1364//191 1361//191 1360//190
f  1350//12 1369//12 1365//12
f  1365//11 1369//11 1350//11
f  1365//179 1364//178 1361//178
f  1361//191 1364//191 1365//192
f  1366//11 1348//11 1370//11
f  1370//12 1348//12 1366//12
f  1367//155 1362//152 1366//155
f  1366//167 1362//166 1367//167
f  1362//152 1367//155 1363//152
f  1363//166 1367//167 1362//166
f  1350//12 1367//12 1371//12
f  1371//11 1367//11 1350//11
f  1372//11 1348//11 1368//11
f  1368//12 1348//12 1372//12
f  1364//178 1365//179 1368//179
f  1368//192 1365//192 1364//191
f  1350//12 1373//12 1369//12
f  1369//11 1373//11 1350//11
f  1369//182 1368//179 1365//179
f  1365//192 1368//192 1369//193
f  1370//11 1348//11 1374//11
f  1374//12 1348//12 1370//12
f  1371//157 1366//155 1370//157
f  1370//169 1366//167 1371//169
f  1366//155 1371//157 1367//155
f  1367//167 1371//169 1366//167
f  1350//12 1371//12 1375//12
f  1375//11 1371//11 1350//11
f  1376//11 1348//11 1372//11
f  1372//12 1348//12 1376//12
f  1368//179 1369//182 1372//182
f  1372//193 1369//193 1368//192
f  1350//12 1377//12 1373//12
f  1373//11 1377//11 1350//11
f  1373//184 1372//182 1369//182
f  1369//193 1372//193 1373//195
f  1374//11 1348//11 1378//11
f  1378//12 1348//12 1374//12
f  1375//159 1370//157 1374//159
f  1374//171 1370//169 1375//171
f  1370//157 1375//159 1371//157
f  1371//169 1375//171 1370//169
f  1350//12 1375//12 1379//12
f  1379//11 1375//11 1350//11
f  1380//11 1348//11 1376//11
f  1376//12 1348//12 1380//12
f  1372//182 1373//184 1376//184
f  1376//195 1373//195 1372//193
f  1350//12 1381//12 1377//12
f  1377//11 1381//11 1350//11
f  1377//186 1376//184 1373//184
f  1373//195 1376//195 1377//197
f  1378//11 1348//11 1382//11
f  1382//12 1348//12 1378//12
f  1379//161 1374//159 1378//161
f  1378//173 1374//171 1379//173
f  1374//159 1379//161 1375//159
f  1375//171 1379//173 1374//171
f  1350//12 1379//12 1383//12
f  1383//11 1379//11 1350//11
f  1384//11 1348//11 1380//11
f  1380//12 1348//12 1384//12
f  1376//184 1377//186 1380//186
f  1380//197 1377//197 1376//195
f  1350//12 1385//12 1381//12
f  1381//11 1385//11 1350//11
f  1384//188 1377//186 1381//188
f  1381//199 1377//197 1384//199
f  1382//11 1348//11 1386//11
f  1386//12 1348//12 1382//12
f  1383//162 1378//161 1382//162
f  1382//174 1378//173 1383//174
f  1378//161 1383//162 1379//161
f  1379//173 1383//174 1378//173
f  1350//12 1383//12 1387//12
f  1387//11 1383//11 1350//11
f  1388//11 1348//11 1384//11
f  1384//12 1348//12 1388//12
f  1377//186 1384//188 1380//186
f  1380//197 1384//199 1377//197
f  1350//12 1389//12 1385//12
f  1385//11 1389//11 1350//11
f  1388//189 1381//188 1385//189
f  1385//200 1381//199 1388//200
f  1381//188 1388//189 1384//188
f  1384//199 1388//200 1381//199
f  1386//11 1348//11 1390//11
f  1390//12 1348//12 1386//12
f  1387//160 1382//162 1386//160
f  1386//172 1382//174 1387//172
f  1382//162 1387//160 1383//162
f  1383//174 1387//172 1382//174
f  1350//12 1387//12 1391//12
f  1391//11 1387//11 1350//11
f  1392//11 1348//11 1388//11
f  1388//12 1348//12 1392//12
f  1350//12 1393//12 1389//12
f  1389//11 1393//11 1350//11
f  1392//187 1385//189 1389//187
f  1389//198 1385//200 1392//198
f  1385//189 1392//187 1388//189
f  1388//200 1392//198 1385//200
f  1390//11 1348//11 1394//11
f  1394//12 1348//12 1390//12
f  1391//158 1386//160 1390//158
f  1390//170 1386//172 1391//170
f  1386//160 1391//158 1387//160
f  1387//172 1391//170 1386//172
f  1350//12 1391//12 1395//12
f  1395//11 1391//11 1350//11
f  1396//11 1348//11 1392//11
f  1392//12 1348//12 1396//12
f  1350//12 1397//12 1393//12
f  1393//11 1397//11 1350//11
f  1396//185 1389//187 1393//185
f  1393//196 1389//198 1396//196
f  1389//187 1396//185 1392//187
f  1392//198 1396//196 1389//198
f  1394//11 1348//11 1398//11
f  1398//12 1348//12 1394//12
f  1395//156 1390//158 1394//156
f  1394//168 1390//170 1395//168
f  1390//158 1395//156 1391//158
f  1391//170 1395//168 1390//170
f  1350//12 1395//12 1399//12
f  1399//11 1395//11 1350//11
f  1400//11 1348//11 1396//11
f  1396//12 1348//12 1400//12
f  1350//12 1401//12 1397//12
f  1397//11 1401//11 1350//11
f  1400//183 1393//185 1397//183
f  1397//194 1393//196 1400//194
f  1393//185 1400//183 1396//185
f  1396//196 1400//194 1393//196
f  1398//11 1348//11 1402//11
f  1402//12 1348//12 1398//12
f  1399//201 1394//156 1398//201
f  1398//202 1394//168 1399//202
f  1394//156 1399//201 1395//156
f  1395//168 1399//202 1394//168
f  1350//12 1399//12 1401//12
f  1401//11 1399//11 1350//11
f  1402//11 1348//11 1400//11
f  1400//12 1348//12 1402//12
f  1402//203 1397//183 1401//203
f  1401//204 1397//194 1402//204
f  1397//183 1402//203 1400//183
f  1400//194 1402//204 1397//194
f  1401//203 1398//201 1402//203
f  1402//204 1398//202 1401//204
f  1398//201 1401//203 1399//201
f  1399//202 1401//204 1398//202

# Mesh 'mesh29_mesh29-geometry' with 58 faces
g mesh29_mesh29-geometry
# usemtl material_0_0
l  1350 1347
l  1348 1350
l  1353 1350
l  1347 1352
l  1349 1347
l  1348 1349
l  1356 1348
l  1357 1353
l  1352 1355
l  1349 1351
l  1360 1356
l  1361 1357
l  1355 1359
l  1351 1354
l  1364 1360
l  1365 1361
l  1359 1363
l  1354 1358
l  1368 1364
l  1369 1365
l  1363 1367
l  1358 1362
l  1372 1368
l  1373 1369
l  1367 1371
l  1362 1366
l  1376 1372
l  1377 1373
l  1371 1375
l  1366 1370
l  1380 1376
l  1381 1377
l  1375 1379
l  1370 1374
l  1384 1380
l  1385 1381
l  1379 1383
l  1374 1378
l  1388 1384
l  1389 1385
l  1383 1387
l  1378 1382
l  1392 1388
l  1393 1389
l  1387 1391
l  1382 1386
l  1396 1392
l  1397 1393
l  1391 1395
l  1386 1390
l  1400 1396
l  1401 1397
l  1395 1399
l  1390 1394
l  1402 1400
l  1401 1399
l  1394 1398
l  1398 1402

# Mesh 'mesh30_mesh30-geometry' with 184 faces
g mesh30_mesh30-geometry
# usemtl material_2_24
f  1403//11 1404//11 1405//11
f  1404//11 1403//11 1406//11
f  1405//12 1404//12 1403//12
f  1406//12 1403//12 1404//12
f  1404//151 1407//14 1405//14
f  1405//13 1407//13 1404//165
f  1405//14 1408//191 1403//191
f  1403//178 1408//178 1405//13
f  1403//191 1409//193 1406//193
f  1406//182 1409//182 1403//178
f  1404//11 1406//11 1410//11
f  1410//12 1406//12 1404//12
f  1407//14 1404//151 1411//151
f  1411//165 1404//165 1407//13
f  1408//191 1405//14 1407//14
f  1407//13 1405//13 1408//178
f  1409//193 1403//191 1408//191
f  1408//178 1403//178 1409//182
f  1412//197 1406//193 1409//193
f  1409//182 1406//182 1412//186
f  1410//11 1406//11 1413//11
f  1413//12 1406//12 1410//12
f  1410//155 1411//151 1404//151
f  1404//165 1411//165 1410//167
f  1411//12 1408//12 1407//12
f  1407//11 1408//11 1411//11
f  1408//12 1414//12 1409//12
f  1409//11 1414//11 1408//11
f  1406//193 1412//197 1413//197
f  1413//186 1412//186 1406//182
f  1409//12 1415//12 1412//12
f  1412//11 1415//11 1409//11
f  1410//11 1413//11 1416//11
f  1416//12 1413//12 1410//12
f  1411//151 1410//155 1414//155
f  1414//167 1410//167 1411//165
f  1408//12 1411//12 1414//12
f  1414//11 1411//11 1408//11
f  1409//12 1414//12 1415//12
f  1415//11 1414//11 1409//11
f  1412//197 1417//200 1413//197
f  1413//186 1417//189 1412//186
f  1412//12 1415//12 1418//12
f  1418//11 1415//11 1412//11
f  1416//11 1413//11 1417//11
f  1417//12 1413//12 1416//12
f  1416//159 1414//155 1410//155
f  1410//167 1414//167 1416//171
f  1414//155 1416//159 1415//159
f  1415//171 1416//171 1414//167
f  1417//200 1412//197 1418//200
f  1418//189 1412//186 1417//189
f  1418//12 1415//12 1419//12
f  1419//11 1415//11 1418//11
f  1416//11 1417//11 1420//11
f  1420//12 1417//12 1416//12
f  1416//159 1419//162 1415//159
f  1415//171 1419//174 1416//171
f  1418//200 1421//196 1417//200
f  1417//189 1421//185 1418//189
f  1418//12 1419//12 1422//12
f  1422//11 1419//11 1418//11
f  1420//11 1417//11 1421//11
f  1421//12 1417//12 1420//12
f  1419//162 1416//159 1420//162
f  1420//174 1416//171 1419//174
f  1421//196 1418//200 1423//196
f  1423//185 1418//189 1421//185
f  1420//162 1422//158 1419//162
f  1419//174 1422//170 1420//174
f  1418//12 1422//12 1423//12
f  1423//11 1422//11 1418//11
f  1420//11 1421//11 1424//11
f  1424//12 1421//12 1420//12
f  1423//196 1425//10 1421//196
f  1421//185 1425//9 1423//185
f  1422//158 1420//162 1424//158
f  1424//170 1420//174 1422//170
f  1423//12 1422//12 1426//12
f  1426//11 1422//11 1423//11
f  1424//11 1421//11 1425//11
f  1425//12 1421//12 1424//12
f  1425//10 1423//196 1427//10
f  1427//9 1423//185 1425//9
f  1424//158 1426//9 1422//158
f  1422//170 1426//10 1424//170
f  1423//12 1426//12 1427//12
f  1427//11 1426//11 1423//11
f  1424//11 1425//11 1428//11
f  1428//12 1425//12 1424//12
f  1427//10 1429//170 1425//10
f  1425//9 1429//158 1427//9
f  1426//9 1424//158 1428//9
f  1428//10 1424//170 1426//10
f  1427//12 1426//12 1430//12
f  1430//11 1426//11 1427//11
f  1428//11 1425//11 1429//11
f  1429//12 1425//12 1428//12
f  1429//170 1427//10 1431//170
f  1431//158 1427//9 1429//158
f  1428//9 1430//185 1426//9
f  1426//10 1430//196 1428//10
f  1427//12 1430//12 1431//12
f  1431//11 1430//11 1427//11
f  1428//11 1429//11 1432//11
f  1432//12 1429//12 1428//12
f  1431//170 1433//174 1429//170
f  1429//158 1433//162 1431//158
f  1430//185 1428//9 1432//185
f  1432//196 1428//10 1430//196
f  1431//12 1430//12 1434//12
f  1434//11 1430//11 1431//11
f  1432//11 1429//11 1433//11
f  1433//12 1429//12 1432//12
f  1433//174 1431//170 1434//174
f  1434//162 1431//158 1433//162
f  1432//185 1435//189 1430//185
f  1430//196 1435//200 1432//196
f  1434//12 1430//12 1435//12
f  1435//11 1430//11 1434//11
f  1432//11 1433//11 1436//11
f  1436//12 1433//12 1432//12
f  1434//174 1437//171 1433//174
f  1433//162 1437//159 1434//162
f  1435//189 1432//185 1436//189
f  1436//200 1432//196 1435//200
f  1434//12 1435//12 1438//12
f  1438//11 1435//11 1434//11
f  1436//11 1433//11 1437//11
f  1437//12 1433//12 1436//12
f  1437//171 1434//174 1439//171
f  1439//159 1434//162 1437//159
f  1436//189 1438//186 1435//189
f  1435//200 1438//197 1436//200
f  1434//12 1438//12 1439//12
f  1439//11 1438//11 1434//11
f  1436//11 1437//11 1440//11
f  1440//12 1437//12 1436//12
f  1441//167 1437//171 1439//171
f  1439//159 1437//159 1441//155
f  1438//186 1436//189 1440//186
f  1440//197 1436//200 1438//197
f  1439//12 1438//12 1442//12
f  1442//11 1438//11 1439//11
f  1440//11 1437//11 1443//11
f  1443//12 1437//12 1440//12
f  1437//171 1441//167 1443//167
f  1443//155 1441//155 1437//159
f  1439//12 1442//12 1441//12
f  1441//11 1442//11 1439//11
f  1444//182 1438//186 1440//186
f  1440//197 1438//197 1444//193
f  1438//186 1444//182 1442//182
f  1442//193 1444//193 1438//197
f  1440//11 1443//11 1444//11
f  1444//12 1443//12 1440//12
f  1445//165 1443//167 1441//167
f  1441//155 1443//155 1445//151
f  1441//12 1442//12 1446//12
f  1446//11 1442//11 1441//11
f  1447//178 1442//182 1444//182
f  1444//193 1442//193 1447//191
f  1444//11 1443//11 1448//11
f  1448//12 1443//12 1444//12
f  1443//167 1445//165 1448//165
f  1448//151 1445//151 1443//155
f  1441//12 1446//12 1445//12
f  1445//11 1446//11 1441//11
f  1442//182 1447//178 1446//178
f  1446//191 1447//191 1442//193
f  1444//11 1448//11 1447//11
f  1447//12 1448//12 1444//12
f  1449//13 1448//165 1445//165
f  1445//151 1448//151 1449//14
f  1445//12 1446//12 1449//12
f  1449//11 1446//11 1445//11
f  1450//13 1446//178 1447//178
f  1447//191 1446//191 1450//14
f  1447//11 1448//11 1450//11
f  1450//12 1448//12 1447//12
f  1448//165 1449//13 1450//13
f  1450//14 1449//14 1448//151
f  1446//178 1450//13 1449//13
f  1449//14 1450//14 1446//191

# Mesh 'mesh31_mesh31-geometry' with 24 faces
g mesh31_mesh31-geometry
# usemtl material_0_0
l  1450 1447
l  1448 1450
l  1447 1444
l  1443 1448
l  1444 1440
l  1437 1443
l  1440 1436
l  1433 1437
l  1436 1432
l  1429 1433
l  1432 1428
l  1425 1429
l  1428 1424
l  1421 1425
l  1424 1420
l  1417 1421
l  1420 1416
l  1413 1417
l  1416 1410
l  1406 1413
l  1410 1404
l  1403 1406
l  1404 1405
l  1405 1403

# Mesh 'mesh32_mesh32-geometry' with 24 faces
g mesh32_mesh32-geometry
# usemtl material_0_0
l  1411 1407
l  1414 1411
l  1407 1408
l  1415 1414
l  1408 1409
l  1419 1415
l  1409 1412
l  1422 1419
l  1412 1418
l  1426 1422
l  1418 1423
l  1430 1426
l  1423 1427
l  1435 1430
l  1427 1431
l  1438 1435
l  1431 1434
l  1442 1438
l  1434 1439
l  1446 1442
l  1439 1441
l  1449 1446
l  1441 1445
l  1445 1449

# Mesh 'mesh33_mesh33-geometry' with 184 faces
g mesh33_mesh33-geometry
# usemtl material_2_24
f  1451//11 1452//11 1453//11
f  1452//11 1451//11 1454//11
f  1453//12 1452//12 1451//12
f  1454//12 1451//12 1452//12
f  1452//151 1455//14 1453//14
f  1453//13 1455//13 1452//165
f  1453//14 1456//191 1451//191
f  1451//178 1456//178 1453//13
f  1451//191 1457//193 1454//193
f  1454//182 1457//182 1451//178
f  1452//11 1454//11 1458//11
f  1458//12 1454//12 1452//12
f  1455//14 1452//151 1459//151
f  1459//165 1452//165 1455//13
f  1456//191 1453//14 1455//14
f  1455//13 1453//13 1456//178
f  1457//193 1451//191 1456//191
f  1456//178 1451//178 1457//182
f  1460//197 1454//193 1457//193
f  1457//182 1454//182 1460//186
f  1458//11 1454//11 1461//11
f  1461//12 1454//12 1458//12
f  1458//155 1459//151 1452//151
f  1452//165 1459//165 1458//167
f  1459//12 1456//12 1455//12
f  1455//11 1456//11 1459//11
f  1456//12 1462//12 1457//12
f  1457//11 1462//11 1456//11
f  1454//193 1460//197 1461//197
f  1461//186 1460//186 1454//182
f  1457//12 1463//12 1460//12
f  1460//11 1463//11 1457//11
f  1458//11 1461//11 1464//11
f  1464//12 1461//12 1458//12
f  1459//151 1458//155 1462//155
f  1462//167 1458//167 1459//165
f  1456//12 1459//12 1462//12
f  1462//11 1459//11 1456//11
f  1457//12 1462//12 1463//12
f  1463//11 1462//11 1457//11
f  1460//197 1465//200 1461//197
f  1461//186 1465//189 1460//186
f  1460//12 1463//12 1466//12
f  1466//11 1463//11 1460//11
f  1464//11 1461//11 1465//11
f  1465//12 1461//12 1464//12
f  1464//159 1462//155 1458//155
f  1458//167 1462//167 1464//171
f  1462//155 1464//159 1463//159
f  1463//171 1464//171 1462//167
f  1465//200 1460//197 1466//200
f  1466//189 1460//186 1465//189
f  1466//12 1463//12 1467//12
f  1467//11 1463//11 1466//11
f  1464//11 1465//11 1468//11
f  1468//12 1465//12 1464//12
f  1464//159 1467//162 1463//159
f  1463//171 1467//174 1464//171
f  1466//200 1469//196 1465//200
f  1465//189 1469//185 1466//189
f  1466//12 1467//12 1470//12
f  1470//11 1467//11 1466//11
f  1468//11 1465//11 1469//11
f  1469//12 1465//12 1468//12
f  1467//162 1464//159 1468//162
f  1468//174 1464//171 1467//174
f  1469//196 1466//200 1471//196
f  1471//185 1466//189 1469//185
f  1468//162 1470//158 1467//162
f  1467//174 1470//170 1468//174
f  1466//12 1470//12 1471//12
f  1471//11 1470//11 1466//11
f  1468//11 1469//11 1472//11
f  1472//12 1469//12 1468//12
f  1471//196 1473//10 1469//196
f  1469//185 1473//9 1471//185
f  1470//158 1468//162 1472//158
f  1472//170 1468//174 1470//170
f  1471//12 1470//12 1474//12
f  1474//11 1470//11 1471//11
f  1472//11 1469//11 1473//11
f  1473//12 1469//12 1472//12
f  1473//10 1471//196 1475//10
f  1475//9 1471//185 1473//9
f  1472//158 1474//9 1470//158
f  1470//170 1474//10 1472//170
f  1471//12 1474//12 1475//12
f  1475//11 1474//11 1471//11
f  1472//11 1473//11 1476//11
f  1476//12 1473//12 1472//12
f  1475//10 1477//170 1473//10
f  1473//9 1477//158 1475//9
f  1474//9 1472//158 1476//9
f  1476//10 1472//170 1474//10
f  1475//12 1474//12 1478//12
f  1478//11 1474//11 1475//11
f  1476//11 1473//11 1477//11
f  1477//12 1473//12 1476//12
f  1477//170 1475//10 1479//170
f  1479//158 1475//9 1477//158
f  1476//9 1478//185 1474//9
f  1474//10 1478//196 1476//10
f  1475//12 1478//12 1479//12
f  1479//11 1478//11 1475//11
f  1476//11 1477//11 1480//11
f  1480//12 1477//12 1476//12
f  1479//170 1481//174 1477//170
f  1477//158 1481//162 1479//158
f  1478//185 1476//9 1480//185
f  1480//196 1476//10 1478//196
f  1479//12 1478//12 1482//12
f  1482//11 1478//11 1479//11
f  1480//11 1477//11 1481//11
f  1481//12 1477//12 1480//12
f  1481//174 1479//170 1482//174
f  1482//162 1479//158 1481//162
f  1480//185 1483//189 1478//185
f  1478//196 1483//200 1480//196
f  1482//12 1478//12 1483//12
f  1483//11 1478//11 1482//11
f  1480//11 1481//11 1484//11
f  1484//12 1481//12 1480//12
f  1482//174 1485//171 1481//174
f  1481//162 1485//159 1482//162
f  1483//189 1480//185 1484//189
f  1484//200 1480//196 1483//200
f  1482//12 1483//12 1486//12
f  1486//11 1483//11 1482//11
f  1484//11 1481//11 1485//11
f  1485//12 1481//12 1484//12
f  1485//171 1482//174 1487//171
f  1487//159 1482//162 1485//159
f  1484//189 1486//186 1483//189
f  1483//200 1486//197 1484//200
f  1482//12 1486//12 1487//12
f  1487//11 1486//11 1482//11
f  1484//11 1485//11 1488//11
f  1488//12 1485//12 1484//12
f  1489//167 1485//171 1487//171
f  1487//159 1485//159 1489//155
f  1486//186 1484//189 1488//186
f  1488//197 1484//200 1486//197
f  1487//12 1486//12 1490//12
f  1490//11 1486//11 1487//11
f  1488//11 1485//11 1491//11
f  1491//12 1485//12 1488//12
f  1485//171 1489//167 1491//167
f  1491//155 1489//155 1485//159
f  1487//12 1490//12 1489//12
f  1489//11 1490//11 1487//11
f  1492//182 1486//186 1488//186
f  1488//197 1486//197 1492//193
f  1486//186 1492//182 1490//182
f  1490//193 1492//193 1486//197
f  1488//11 1491//11 1492//11
f  1492//12 1491//12 1488//12
f  1493//165 1491//167 1489//167
f  1489//155 1491//155 1493//151
f  1489//12 1490//12 1494//12
f  1494//11 1490//11 1489//11
f  1495//178 1490//182 1492//182
f  1492//193 1490//193 1495//191
f  1492//11 1491//11 1496//11
f  1496//12 1491//12 1492//12
f  1491//167 1493//165 1496//165
f  1496//151 1493//151 1491//155
f  1489//12 1494//12 1493//12
f  1493//11 1494//11 1489//11
f  1490//182 1495//178 1494//178
f  1494//191 1495//191 1490//193
f  1492//11 1496//11 1495//11
f  1495//12 1496//12 1492//12
f  1497//13 1496//165 1493//165
f  1493//151 1496//151 1497//14
f  1493//12 1494//12 1497//12
f  1497//11 1494//11 1493//11
f  1498//13 1494//178 1495//178
f  1495//191 1494//191 1498//14
f  1495//11 1496//11 1498//11
f  1498//12 1496//12 1495//12
f  1496//165 1497//13 1498//13
f  1498//14 1497//14 1496//151
f  1494//178 1498//13 1497//13
f  1497//14 1498//14 1494//191

# Mesh 'mesh34_mesh34-geometry' with 24 faces
g mesh34_mesh34-geometry
# usemtl material_0_0
l  1498 1495
l  1496 1498
l  1495 1492
l  1491 1496
l  1492 1488
l  1485 1491
l  1488 1484
l  1481 1485
l  1484 1480
l  1477 1481
l  1480 1476
l  1473 1477
l  1476 1472
l  1469 1473
l  1472 1468
l  1465 1469
l  1468 1464
l  1461 1465
l  1464 1458
l  1454 1461
l  1458 1452
l  1451 1454
l  1452 1453
l  1453 1451

# Mesh 'mesh35_mesh35-geometry' with 24 faces
g mesh35_mesh35-geometry
# usemtl material_0_0
l  1459 1455
l  1462 1459
l  1455 1456
l  1463 1462
l  1456 1457
l  1467 1463
l  1457 1460
l  1470 1467
l  1460 1466
l  1474 1470
l  1466 1471
l  1478 1474
l  1471 1475
l  1483 1478
l  1475 1479
l  1486 1483
l  1479 1482
l  1490 1486
l  1482 1487
l  1494 1490
l  1487 1489
l  1497 1494
l  1489 1493
l  1493 1497

# Mesh 'mesh36_mesh36-geometry' with 592 faces
g mesh36_mesh36-geometry
# usemtl material_2_24
f  1499//205 1500//206 1501//206
f  1500//206 1499//205 1502//205
f  1501//207 1500//207 1499//208
f  1502//208 1499//208 1500//207
f  1503//209 1501//206 1500//206
f  1500//207 1501//207 1503//210
f  1501//17 1504//17 1499//17
f  1499//18 1504//18 1501//18
f  1505//211 1502//205 1499//205
f  1499//208 1502//208 1505//212
f  1506//18 1500//18 1502//18
f  1502//17 1500//17 1506//17
f  1501//206 1503//209 1507//209
f  1507//210 1503//210 1501//207
f  1508//18 1503//18 1500//18
f  1500//17 1503//17 1508//17
f  1501//17 1509//17 1504//17
f  1504//18 1509//18 1501//18
f  1499//17 1504//17 1510//17
f  1510//18 1504//18 1499//18
f  1502//205 1505//211 1511//211
f  1511//212 1505//212 1502//208
f  1499//17 1510//17 1505//17
f  1505//18 1510//18 1499//18
f  1508//18 1500//18 1506//18
f  1506//17 1500//17 1508//17
f  1506//18 1502//18 1512//18
f  1512//17 1502//17 1506//17
f  1513//213 1507//209 1503//209
f  1503//210 1507//210 1513//214
f  1507//17 1509//17 1501//17
f  1501//18 1509//18 1507//18
f  1514//18 1503//18 1508//18
f  1508//17 1503//17 1514//17
f  1509//215 1506//216 1504//216
f  1504//217 1506//217 1509//218
f  1504//216 1512//219 1510//219
f  1510//220 1512//220 1504//217
f  1515//221 1511//211 1505//211
f  1505//212 1511//212 1515//222
f  1512//18 1502//18 1511//18
f  1511//17 1502//17 1512//17
f  1505//17 1510//17 1516//17
f  1516//18 1510//18 1505//18
f  1506//216 1509//215 1508//215
f  1508//218 1509//218 1506//217
f  1512//219 1504//216 1506//216
f  1506//217 1504//217 1512//220
f  1507//209 1513//213 1517//213
f  1517//214 1513//214 1507//210
f  1514//18 1513//18 1503//18
f  1503//17 1513//17 1514//17
f  1507//17 1518//17 1509//17
f  1509//18 1518//18 1507//18
f  1508//215 1518//223 1514//223
f  1514//224 1518//224 1508//218
f  1519//225 1510//219 1512//219
f  1512//220 1510//220 1519//226
f  1511//211 1515//221 1520//221
f  1520//222 1515//222 1511//212
f  1505//17 1516//17 1515//17
f  1515//18 1516//18 1505//18
f  1512//18 1511//18 1519//18
f  1519//17 1511//17 1512//17
f  1510//219 1519//225 1516//225
f  1516//226 1519//226 1510//220
f  1518//223 1508//215 1509//215
f  1509//218 1508//218 1518//224
f  1521//227 1517//213 1513//213
f  1513//214 1517//214 1521//228
f  1517//17 1518//17 1507//17
f  1507//18 1518//18 1517//18
f  1522//18 1513//18 1514//18
f  1514//17 1513//17 1522//17
f  1523//229 1514//223 1518//223
f  1518//224 1514//224 1523//230
f  1524//231 1520//221 1515//221
f  1515//222 1520//222 1524//232
f  1519//18 1511//18 1520//18
f  1520//17 1511//17 1519//17
f  1515//17 1516//17 1525//17
f  1525//18 1516//18 1515//18
f  1526//233 1516//225 1519//225
f  1519//226 1516//226 1526//234
f  1517//213 1521//227 1527//227
f  1527//228 1521//228 1517//214
f  1522//18 1521//18 1513//18
f  1513//17 1521//17 1522//17
f  1517//17 1523//17 1518//17
f  1518//18 1523//18 1517//18
f  1514//223 1523//229 1522//229
f  1522//230 1523//230 1514//224
f  1520//221 1524//231 1528//231
f  1528//232 1524//232 1520//222
f  1515//17 1525//17 1524//17
f  1524//18 1525//18 1515//18
f  1519//18 1520//18 1526//18
f  1526//17 1520//17 1519//17
f  1516//225 1526//233 1525//233
f  1525//234 1526//234 1516//226
f  1529//235 1527//227 1521//227
f  1521//228 1527//228 1529//236
f  1527//17 1523//17 1517//17
f  1517//18 1523//18 1527//18
f  1530//18 1521//18 1522//18
f  1522//17 1521//17 1530//17
f  1531//237 1522//229 1523//229
f  1523//230 1522//230 1531//238
f  1532//239 1528//231 1524//231
f  1524//232 1528//232 1532//240
f  1526//18 1520//18 1528//18
f  1528//17 1520//17 1526//17
f  1524//17 1525//17 1533//17
f  1533//18 1525//18 1524//18
f  1534//241 1525//233 1526//233
f  1526//234 1525//234 1534//242
f  1527//227 1529//235 1535//235
f  1535//236 1529//236 1527//228
f  1530//18 1529//18 1521//18
f  1521//17 1529//17 1530//17
f  1527//17 1531//17 1523//17
f  1523//18 1531//18 1527//18
f  1522//229 1531//237 1530//237
f  1530//238 1531//238 1522//230
f  1528//231 1532//239 1536//239
f  1536//240 1532//240 1528//232
f  1524//17 1533//17 1532//17
f  1532//18 1533//18 1524//18
f  1526//18 1528//18 1534//18
f  1534//17 1528//17 1526//17
f  1525//233 1534//241 1533//241
f  1533//242 1534//242 1525//234
f  1537//243 1535//235 1529//235
f  1529//236 1535//236 1537//244
f  1535//17 1531//17 1527//17
f  1527//18 1531//18 1535//18
f  1538//18 1529//18 1530//18
f  1530//17 1529//17 1538//17
f  1539//245 1530//237 1531//237
f  1531//238 1530//238 1539//246
f  1540//247 1536//239 1532//239
f  1532//240 1536//240 1540//248
f  1534//18 1528//18 1536//18
f  1536//17 1528//17 1534//17
f  1532//17 1533//17 1541//17
f  1541//18 1533//18 1532//18
f  1542//249 1533//241 1534//241
f  1534//242 1533//242 1542//250
f  1535//235 1537//243 1543//243
f  1543//244 1537//244 1535//236
f  1544//18 1537//18 1529//18
f  1529//17 1537//17 1544//17
f  1535//17 1539//17 1531//17
f  1531//18 1539//18 1535//18
f  1544//18 1529//18 1538//18
f  1538//17 1529//17 1544//17
f  1530//237 1539//245 1538//245
f  1538//246 1539//246 1530//238
f  1536//239 1540//247 1545//247
f  1545//248 1540//248 1536//240
f  1532//17 1541//17 1540//17
f  1540//18 1541//18 1532//18
f  1534//18 1536//18 1542//18
f  1542//17 1536//17 1534//17
f  1533//241 1542//249 1541//249
f  1541//250 1542//250 1533//242
f  1546//251 1543//243 1537//243
f  1537//244 1543//244 1546//252
f  1543//17 1547//17 1535//17
f  1535//18 1547//18 1543//18
f  1544//18 1546//18 1537//18
f  1537//17 1546//17 1544//17
f  1535//17 1547//17 1539//17
f  1539//18 1547//18 1535//18
f  1538//245 1547//253 1544//253
f  1544//254 1547//254 1538//246
f  1547//253 1538//245 1539//245
f  1539//246 1538//246 1547//254
f  1548//255 1545//247 1540//247
f  1540//248 1545//248 1548//256
f  1542//18 1536//18 1545//18
f  1545//17 1536//17 1542//17
f  1540//17 1541//17 1549//17
f  1549//18 1541//18 1540//18
f  1550//257 1541//249 1542//249
f  1542//250 1541//250 1550//258
f  1543//243 1546//251 1551//251
f  1551//252 1546//252 1543//244
f  1551//17 1547//17 1543//17
f  1543//18 1547//18 1551//18
f  1552//18 1546//18 1544//18
f  1544//17 1546//17 1552//17
f  1553//259 1544//253 1547//253
f  1547//254 1544//254 1553//260
f  1545//247 1548//255 1554//255
f  1554//256 1548//256 1545//248
f  1540//17 1555//17 1548//17
f  1548//18 1555//18 1540//18
f  1542//18 1545//18 1550//18
f  1550//17 1545//17 1542//17
f  1541//249 1550//257 1549//257
f  1549//258 1550//258 1541//250
f  1540//17 1549//17 1555//17
f  1555//18 1549//18 1540//18
f  1556//261 1551//251 1546//251
f  1546//252 1551//252 1556//262
f  1551//17 1553//17 1547//17
f  1547//18 1553//18 1551//18
f  1552//18 1556//18 1546//18
f  1546//17 1556//17 1552//17
f  1544//253 1553//259 1552//259
f  1552//260 1553//260 1544//254
f  1557//263 1554//255 1548//255
f  1548//256 1554//256 1557//264
f  1558//18 1545//18 1554//18
f  1554//17 1545//17 1558//17
f  1548//17 1555//17 1557//17
f  1557//18 1555//18 1548//18
f  1550//18 1545//18 1558//18
f  1558//17 1545//17 1550//17
f  1558//265 1549//257 1550//257
f  1550//258 1549//258 1558//266
f  1549//257 1558//265 1555//265
f  1555//266 1558//266 1549//258
f  1551//251 1556//261 1559//261
f  1559//262 1556//262 1551//252
f  1559//17 1553//17 1551//17
f  1551//18 1553//18 1559//18
f  1560//18 1556//18 1552//18
f  1552//17 1556//17 1560//17
f  1561//267 1552//259 1553//259
f  1553//260 1552//260 1561//268
f  1554//255 1557//263 1562//263
f  1562//264 1557//264 1554//256
f  1558//18 1554//18 1562//18
f  1562//17 1554//17 1558//17
f  1557//17 1555//17 1563//17
f  1563//18 1555//18 1557//18
f  1564//269 1555//265 1558//265
f  1558//266 1555//266 1564//270
f  1565//271 1559//261 1556//261
f  1556//262 1559//262 1565//272
f  1559//17 1561//17 1553//17
f  1553//18 1561//18 1559//18
f  1560//18 1565//18 1556//18
f  1556//17 1565//17 1560//17
f  1552//259 1561//267 1560//267
f  1560//268 1561//268 1552//260
f  1566//273 1562//263 1557//263
f  1557//264 1562//264 1566//274
f  1558//18 1562//18 1564//18
f  1564//17 1562//17 1558//17
f  1555//265 1564//269 1563//269
f  1563//270 1564//270 1555//266
f  1557//17 1563//17 1566//17
f  1566//18 1563//18 1557//18
f  1559//261 1565//271 1567//271
f  1567//272 1565//272 1559//262
f  1567//17 1561//17 1559//17
f  1559//18 1561//18 1567//18
f  1568//18 1565//18 1560//18
f  1560//17 1565//17 1568//17
f  1569//275 1560//267 1561//267
f  1561//268 1560//268 1569//276
f  1562//263 1566//273 1570//273
f  1570//274 1566//274 1562//264
f  1564//18 1562//18 1570//18
f  1570//17 1562//17 1564//17
f  1571//277 1563//269 1564//269
f  1564//270 1563//270 1571//278
f  1566//17 1563//17 1572//17
f  1572//18 1563//18 1566//18
f  1573//279 1567//271 1565//271
f  1565//272 1567//272 1573//280
f  1567//17 1569//17 1561//17
f  1561//18 1569//18 1567//18
f  1568//18 1573//18 1565//18
f  1565//17 1573//17 1568//17
f  1560//267 1569//275 1568//275
f  1568//276 1569//276 1560//268
f  1574//281 1570//273 1566//273
f  1566//274 1570//274 1574//282
f  1564//18 1570//18 1571//18
f  1571//17 1570//17 1564//17
f  1563//269 1571//277 1572//277
f  1572//278 1571//278 1563//270
f  1566//17 1572//17 1574//17
f  1574//18 1572//18 1566//18
f  1567//271 1573//279 1575//279
f  1575//280 1573//280 1567//272
f  1575//17 1569//17 1567//17
f  1567//18 1569//18 1575//18
f  1576//18 1573//18 1568//18
f  1568//17 1573//17 1576//17
f  1577//283 1568//275 1569//275
f  1569//276 1568//276 1577//284
f  1570//273 1574//281 1578//281
f  1578//282 1574//282 1570//274
f  1571//18 1570//18 1578//18
f  1578//17 1570//17 1571//17
f  1579//285 1572//277 1571//277
f  1571//278 1572//278 1579//286
f  1574//17 1572//17 1580//17
f  1580//18 1572//18 1574//18
f  1581//287 1575//279 1573//279
f  1573//280 1575//280 1581//288
f  1575//17 1577//17 1569//17
f  1569//18 1577//18 1575//18
f  1576//18 1581//18 1573//18
f  1573//17 1581//17 1576//17
f  1568//275 1577//283 1576//283
f  1576//284 1577//284 1568//276
f  1582//289 1578//281 1574//281
f  1574//282 1578//282 1582//290
f  1571//18 1578//18 1579//18
f  1579//17 1578//17 1571//17
f  1572//277 1579//285 1580//285
f  1580//286 1579//286 1572//278
f  1574//17 1580//17 1582//17
f  1582//18 1580//18 1574//18
f  1575//279 1581//287 1583//287
f  1583//288 1581//288 1575//280
f  1583//17 1577//17 1575//17
f  1575//18 1577//18 1583//18
f  1584//18 1581//18 1576//18
f  1576//17 1581//17 1584//17
f  1585//291 1576//283 1577//283
f  1577//284 1576//284 1585//292
f  1578//281 1582//289 1586//289
f  1586//290 1582//290 1578//282
f  1579//18 1578//18 1586//18
f  1586//17 1578//17 1579//17
f  1587//293 1580//285 1579//285
f  1579//286 1580//286 1587//294
f  1582//17 1580//17 1588//17
f  1588//18 1580//18 1582//18
f  1589//295 1583//287 1581//287
f  1581//288 1583//288 1589//296
f  1583//17 1585//17 1577//17
f  1577//18 1585//18 1583//18
f  1584//18 1589//18 1581//18
f  1581//17 1589//17 1584//17
f  1576//283 1585//291 1584//291
f  1584//292 1585//292 1576//284
f  1590//206 1586//289 1582//289
f  1582//290 1586//290 1590//207
f  1579//18 1586//18 1587//18
f  1587//17 1586//17 1579//17
f  1580//285 1587//293 1588//293
f  1588//294 1587//294 1580//286
f  1582//17 1588//17 1590//17
f  1590//18 1588//18 1582//18
f  1583//287 1589//295 1591//295
f  1591//296 1589//296 1583//288
f  1591//17 1585//17 1583//17
f  1583//18 1585//18 1591//18
f  1592//18 1589//18 1584//18
f  1584//17 1589//17 1592//17
f  1593//297 1584//291 1585//291
f  1585//292 1584//292 1593//298
f  1586//289 1590//206 1594//206
f  1594//207 1590//207 1586//290
f  1587//18 1586//18 1594//18
f  1594//17 1586//17 1587//17
f  1595//299 1588//293 1587//293
f  1587//294 1588//294 1595//300
f  1590//17 1588//17 1596//17
f  1596//18 1588//18 1590//18
f  1597//301 1591//295 1589//295
f  1589//296 1591//296 1597//302
f  1591//17 1593//17 1585//17
f  1585//18 1593//18 1591//18
f  1592//18 1597//18 1589//18
f  1589//17 1597//17 1592//17
f  1584//291 1593//297 1592//297
f  1592//298 1593//298 1584//292
f  1598//303 1594//206 1590//206
f  1590//207 1594//207 1598//304
f  1587//18 1594//18 1595//18
f  1595//17 1594//17 1587//17
f  1588//293 1595//299 1596//299
f  1596//300 1595//300 1588//294
f  1590//17 1596//17 1598//17
f  1598//18 1596//18 1590//18
f  1591//295 1597//301 1599//301
f  1599//302 1597//302 1591//296
f  1599//17 1593//17 1591//17
f  1591//18 1593//18 1599//18
f  1600//18 1597//18 1592//18
f  1592//17 1597//17 1600//17
f  1593//297 1600//305 1592//297
f  1592//298 1600//306 1593//298
f  1594//206 1598//303 1601//303
f  1601//304 1598//304 1594//207
f  1595//18 1594//18 1601//18
f  1601//17 1594//17 1595//17
f  1602//307 1596//299 1595//299
f  1595//300 1596//300 1602//308
f  1598//17 1596//17 1603//17
f  1603//18 1596//18 1598//18
f  1604//309 1599//301 1597//301
f  1597//302 1599//302 1604//310
f  1599//17 1605//17 1593//17
f  1593//18 1605//18 1599//18
f  1600//18 1604//18 1597//18
f  1597//17 1604//17 1600//17
f  1600//305 1593//297 1605//305
f  1605//306 1593//298 1600//306
f  1606//311 1601//303 1598//303
f  1598//304 1601//304 1606//312
f  1595//18 1601//18 1602//18
f  1602//17 1601//17 1595//17
f  1596//299 1602//307 1603//307
f  1603//308 1602//308 1596//300
f  1598//17 1603//17 1606//17
f  1606//18 1603//18 1598//18
f  1599//301 1604//309 1607//309
f  1607//310 1604//310 1599//302
f  1607//17 1605//17 1599//17
f  1599//18 1605//18 1607//18
f  1608//18 1604//18 1600//18
f  1600//17 1604//17 1608//17
f  1605//305 1608//313 1600//305
f  1600//306 1608//314 1605//306
f  1601//303 1606//311 1609//311
f  1609//312 1606//312 1601//304
f  1602//18 1601//18 1609//18
f  1609//17 1601//17 1602//17
f  1610//315 1603//307 1602//307
f  1602//308 1603//308 1610//316
f  1606//17 1603//17 1611//17
f  1611//18 1603//18 1606//18
f  1612//317 1607//309 1604//309
f  1604//310 1607//310 1612//318
f  1607//17 1613//17 1605//17
f  1605//18 1613//18 1607//18
f  1608//18 1612//18 1604//18
f  1604//17 1612//17 1608//17
f  1608//313 1605//305 1613//313
f  1613//314 1605//306 1608//314
f  1614//319 1609//311 1606//311
f  1606//312 1609//312 1614//320
f  1602//18 1609//18 1610//18
f  1610//17 1609//17 1602//17
f  1603//307 1610//315 1611//315
f  1611//316 1610//316 1603//308
f  1606//17 1611//17 1614//17
f  1614//18 1611//18 1606//18
f  1607//309 1612//317 1615//317
f  1615//318 1612//318 1607//310
f  1615//17 1613//17 1607//17
f  1607//18 1613//18 1615//18
f  1616//18 1612//18 1608//18
f  1608//17 1612//17 1616//17
f  1613//313 1616//321 1608//313
f  1608//314 1616//322 1613//314
f  1609//311 1614//319 1617//319
f  1617//320 1614//320 1609//312
f  1610//18 1609//18 1617//18
f  1617//17 1609//17 1610//17
f  1618//323 1611//315 1610//315
f  1610//316 1611//316 1618//324
f  1614//17 1611//17 1619//17
f  1619//18 1611//18 1614//18
f  1620//325 1615//317 1612//317
f  1612//318 1615//318 1620//326
f  1615//17 1621//17 1613//17
f  1613//18 1621//18 1615//18
f  1616//18 1620//18 1612//18
f  1612//17 1620//17 1616//17
f  1616//321 1613//313 1621//321
f  1621//322 1613//314 1616//322
f  1622//327 1617//319 1614//319
f  1614//320 1617//320 1622//328
f  1610//18 1617//18 1618//18
f  1618//17 1617//17 1610//17
f  1611//315 1618//323 1619//323
f  1619//324 1618//324 1611//316
f  1614//17 1619//17 1622//17
f  1622//18 1619//18 1614//18
f  1615//317 1620//325 1623//325
f  1623//326 1620//326 1615//318
f  1623//17 1621//17 1615//17
f  1615//18 1621//18 1623//18
f  1624//18 1620//18 1616//18
f  1616//17 1620//17 1624//17
f  1621//321 1624//329 1616//321
f  1616//322 1624//330 1621//322
f  1617//319 1622//327 1625//327
f  1625//328 1622//328 1617//320
f  1618//18 1617//18 1625//18
f  1625//17 1617//17 1618//17
f  1626//331 1619//323 1618//323
f  1618//324 1619//324 1626//332
f  1622//17 1619//17 1627//17
f  1627//18 1619//18 1622//18
f  1628//333 1623//325 1620//325
f  1620//326 1623//326 1628//334
f  1623//17 1629//17 1621//17
f  1621//18 1629//18 1623//18
f  1624//18 1628//18 1620//18
f  1620//17 1628//17 1624//17
f  1624//329 1621//321 1629//329
f  1629//330 1621//322 1624//330
f  1630//335 1625//327 1622//327
f  1622//328 1625//328 1630//336
f  1618//18 1625//18 1626//18
f  1626//17 1625//17 1618//17
f  1619//323 1626//331 1627//331
f  1627//332 1626//332 1619//324
f  1622//17 1627//17 1630//17
f  1630//18 1627//18 1622//18
f  1623//325 1628//333 1631//333
f  1631//334 1628//334 1623//326
f  1631//17 1629//17 1623//17
f  1623//18 1629//18 1631//18
f  1632//18 1628//18 1624//18
f  1624//17 1628//17 1632//17
f  1629//329 1632//337 1624//329
f  1624//330 1632//338 1629//330
f  1625//327 1630//335 1633//335
f  1633//336 1630//336 1625//328
f  1626//18 1625//18 1633//18
f  1633//17 1625//17 1626//17
f  1634//339 1627//331 1626//331
f  1626//332 1627//332 1634//340
f  1630//17 1627//17 1635//17
f  1635//18 1627//18 1630//18
f  1636//341 1631//333 1628//333
f  1628//334 1631//334 1636//342
f  1631//17 1637//17 1629//17
f  1629//18 1637//18 1631//18
f  1632//18 1636//18 1628//18
f  1628//17 1636//17 1632//17
f  1632//337 1629//329 1637//337
f  1637//338 1629//330 1632//338
f  1638//343 1633//335 1630//335
f  1630//336 1633//336 1638//344
f  1626//18 1633//18 1634//18
f  1634//17 1633//17 1626//17
f  1627//331 1634//339 1635//339
f  1635//340 1634//340 1627//332
f  1630//17 1635//17 1638//17
f  1638//18 1635//18 1630//18
f  1631//333 1636//341 1639//341
f  1639//342 1636//342 1631//334
f  1639//17 1637//17 1631//17
f  1631//18 1637//18 1639//18
f  1640//18 1636//18 1632//18
f  1632//17 1636//17 1640//17
f  1637//337 1640//345 1632//337
f  1632//338 1640//346 1637//338
f  1633//335 1638//343 1641//343
f  1641//344 1638//344 1633//336
f  1634//18 1633//18 1641//18
f  1641//17 1633//17 1634//17
f  1641//343 1635//339 1634//339
f  1634//340 1635//340 1641//344
f  1635//339 1641//343 1638//343
f  1638//344 1641//344 1635//340
f  1642//347 1639//341 1636//341
f  1636//342 1639//342 1642//348
f  1639//17 1643//17 1637//17
f  1637//18 1643//18 1639//18
f  1640//18 1642//18 1636//18
f  1636//17 1642//17 1640//17
f  1640//345 1637//337 1643//345
f  1643//346 1637//338 1640//346
f  1639//341 1642//347 1644//347
f  1644//348 1642//348 1639//342
f  1644//17 1643//17 1639//17
f  1639//18 1643//18 1644//18
f  1645//18 1642//18 1640//18
f  1640//17 1642//17 1645//17
f  1643//345 1645//13 1640//345
f  1640//346 1645//14 1643//346
f  1646//14 1644//347 1642//347
f  1642//348 1644//348 1646//13
f  1647//17 1643//17 1644//17
f  1644//18 1643//18 1647//18
f  1642//18 1645//18 1646//18
f  1646//17 1645//17 1642//17
f  1645//13 1643//345 1648//13
f  1648//14 1643//346 1645//14
f  1644//347 1646//14 1647//14
f  1647//13 1646//13 1644//348
f  1643//17 1647//17 1648//17
f  1648//18 1647//18 1643//18
f  1645//36 1647//36 1646//36
f  1646//35 1647//35 1645//35
f  1647//36 1645//36 1648//36
f  1648//35 1645//35 1647//35

# Mesh 'mesh37_mesh37-geometry' with 48 faces
g mesh37_mesh37-geometry
# usemtl material_2_24
f  1649//11 1650//11 1651//11
f  1650//11 1649//11 1652//11
f  1651//12 1650//12 1649//12
f  1652//12 1649//12 1650//12
f  1650//14 1653//14 1651//14
f  1651//13 1653//13 1650//13
f  1654//10 1649//10 1651//10
f  1651//9 1649//9 1654//9
f  1649//13 1655//13 1652//13
f  1652//14 1655//14 1649//14
f  1655//9 1650//9 1652//9
f  1652//10 1650//10 1655//10
f  1653//14 1650//14 1656//14
f  1656//13 1650//13 1653//13
f  1651//14 1653//14 1657//14
f  1657//13 1653//13 1651//13
f  1649//10 1654//10 1658//10
f  1658//9 1654//9 1649//9
f  1651//14 1657//14 1654//14
f  1654//13 1657//13 1651//13
f  1655//13 1649//13 1659//13
f  1659//14 1649//14 1655//14
f  1650//9 1655//9 1656//9
f  1656//10 1655//10 1650//10
f  1656//23 1659//23 1653//23
f  1653//24 1659//24 1656//24
f  1659//12 1657//12 1653//12
f  1653//11 1657//11 1659//11
f  1660//12 1658//12 1654//12
f  1654//11 1658//11 1660//11
f  1661//13 1649//13 1658//13
f  1658//14 1649//14 1661//14
f  1654//14 1657//14 1660//14
f  1660//13 1657//13 1654//13
f  1659//13 1649//13 1662//13
f  1662//14 1649//14 1659//14
f  1659//23 1656//23 1655//23
f  1655//24 1656//24 1659//24
f  1657//12 1659//12 1662//12
f  1662//11 1659//11 1657//11
f  1658//12 1660//12 1661//12
f  1661//11 1660//11 1658//11
f  1662//13 1649//13 1661//13
f  1661//14 1649//14 1662//14
f  1662//9 1660//9 1657//9
f  1657//10 1660//10 1662//10
f  1660//9 1662//9 1661//9
f  1661//10 1662//10 1660//10

# Mesh 'mesh38_mesh38-geometry' with 21 faces
g mesh38_mesh38-geometry
# usemtl material_0_0
l  1651 1650
l  1649 1651
l  1651 1654
l  1650 1652
l  1650 1656
l  1652 1649
l  1649 1658
l  1654 1660
l  1658 1654
l  1652 1655
l  1656 1653
l  1656 1655
l  1661 1658
l  1657 1660
l  1660 1661
l  1655 1659
l  1657 1653
l  1653 1659
l  1662 1661
l  1657 1662
l  1659 1662

# Mesh 'mesh39_mesh39-geometry' with 24 faces
g mesh39_mesh39-geometry
# usemtl material_4_24
f  1663//11 1664//11 1665//11
f  1664//11 1663//11 1666//11
f  1665//12 1664//12 1663//12
f  1666//12 1663//12 1664//12
f  1664//14 1667//14 1665//14
f  1665//13 1667//13 1664//13
f  1667//10 1663//10 1665//10
f  1665//9 1663//9 1667//9
f  1668//13 1666//13 1663//13
f  1663//14 1666//14 1668//14
f  1669//9 1664//9 1666//9
f  1666//10 1664//10 1669//10
f  1667//14 1664//14 1670//14
f  1670//13 1664//13 1667//13
f  1663//10 1667//10 1668//10
f  1668//9 1667//9 1663//9
f  1666//13 1668//13 1669//13
f  1669//14 1668//14 1666//14
f  1664//9 1669//9 1670//9
f  1670//10 1669//10 1664//10
f  1669//12 1667//12 1670//12
f  1670//11 1667//11 1669//11
f  1667//12 1669//12 1668//12
f  1668//11 1669//11 1667//11

# Mesh 'mesh40_mesh40-geometry' with 12 faces
g mesh40_mesh40-geometry
# usemtl material_0_0
l  1668 1667
l  1663 1668
l  1669 1668
l  1667 1670
l  1665 1667
l  1666 1663
l  1663 1665
l  1666 1669
l  1670 1669
l  1664 1670
l  1665 1664
l  1664 1666

# Mesh 'mesh41_mesh41-geometry' with 10 faces
g mesh41_mesh41-geometry
# usemtl material_3_24
f  1671//14 1672//14 1673//14
f  1672//14 1671//14 1674//14
f  1672//10 1675//10 1673//10
f  1671//9 1676//9 1674//9
f  1676//12 1672//12 1674//12
f  1675//10 1672//10 1677//10
f  1676//9 1671//9 1678//9
f  1672//12 1676//12 1677//12
f  1676//13 1675//13 1677//13
f  1675//13 1676//13 1678//13

# Mesh 'mesh41_mesh41-geometry' with 10 faces
g mesh41_mesh41-geometry
# usemtl material_2_24
f  1673//13 1672//13 1671//13
f  1674//13 1671//13 1672//13
f  1673//9 1675//9 1672//9
f  1674//10 1676//10 1671//10
f  1674//11 1672//11 1676//11
f  1677//9 1672//9 1675//9
f  1678//10 1671//10 1676//10
f  1677//11 1676//11 1672//11
f  1677//14 1675//14 1676//14
f  1678//14 1676//14 1675//14

# Mesh 'mesh42_mesh42-geometry' with 64 faces
g mesh42_mesh42-geometry
# usemtl material_2_24
f  1679//11 1680//11 942//11
f  1680//11 1679//11 1681//11
f  942//12 1680//12 1679//12
f  1681//12 1679//12 1680//12
f  1680//14 976//14 942//14
f  942//13 976//13 1680//13
f  976//10 1679//10 942//10
f  942//9 1679//9 976//9
f  1679//13 1682//13 1681//13
f  1681//14 1682//14 1679//14
f  1683//10 1681//10 1680//10
f  1680//9 1681//9 1683//9
f  1681//11 1665//11 1680//11
f  1680//12 1665//12 1681//12
f  1683//14 976//14 1680//14
f  1680//13 976//13 1683//13
f  1679//10 976//10 1684//10
f  1684//9 976//9 1679//9
f  1682//13 1679//13 1685//13
f  1685//14 1679//14 1682//14
f  1681//10 1683//10 1682//10
f  1682//9 1683//9 1681//9
f  1686//13 1681//13 1682//13
f  1682//14 1681//14 1686//14
f  1665//14 1683//14 1680//14
f  1680//13 1683//13 1665//13
f  1665//11 1681//11 1663//11
f  1663//12 1681//12 1665//12
f  976//14 1683//14 980//14
f  980//13 1683//13 976//13
f  976//12 1685//12 1684//12
f  1684//11 1685//11 976//11
f  1685//13 1679//13 1684//13
f  1684//14 1679//14 1685//14
f  1685//9 1683//9 1682//9
f  1682//10 1683//10 1685//10
f  1683//12 1678//12 1682//12
f  1682//11 1678//11 1683//11
f  1681//13 1686//13 1663//13
f  1663//14 1686//14 1681//14
f  1682//12 1671//12 1686//12
f  1686//11 1671//11 1682//11
f  1683//14 1665//14 1687//14
f  1687//13 1665//13 1683//13
f  1686//9 1665//9 1663//9
f  1663//10 1665//10 1686//10
f  1683//9 1685//9 980//9
f  980//10 1685//10 1683//10
f  1685//12 976//12 980//12
f  980//11 976//11 1685//11
f  1678//12 1683//12 1675//12
f  1675//11 1683//11 1678//11
f  1682//12 1678//12 1671//12
f  1671//11 1678//11 1682//11
f  1673//12 1686//12 1671//12
f  1671//11 1686//11 1673//11
f  1665//9 1686//9 1687//9
f  1687//10 1686//10 1665//10
f  1687//12 1675//12 1683//12
f  1683//11 1675//11 1687//11
f  1675//12 1686//12 1673//12
f  1673//11 1686//11 1675//11
f  1675//12 1687//12 1686//12
f  1686//11 1687//11 1675//11

# Mesh 'mesh43_mesh43-geometry' with 23 faces
g mesh43_mesh43-geometry
# usemtl material_0_0
l  1680 1683
l  1680 1665
l  1681 1680
l  1680 942
l  1683 1687
l  1682 1683
l  1683 980
l  1665 1687
l  1665 1663
l  1681 1679
l  1663 1681
l  1681 1682
l  1679 942
l  942 976
l  1687 1686
l  1686 1682
l  1682 1685
l  1685 980
l  980 976
l  1663 1686
l  1679 1684
l  1684 976
l  1685 1684

# Mesh 'mesh44_mesh44-geometry' with 118 faces
g mesh44_mesh44-geometry
# usemtl material_2_24
f  1688/1/349 1689/1/350 1690/1/351
f  1689/1/350 1688/1/349 1691/1/350
f  1692/1/14 1690/1/14 1689/1/14
f  1688/1/349 1690/1/351 1693/1/352
f  1688/1/13 1694/1/13 1691/1/13
f  1691/1/350 1695/1/353 1689/1/350
f  1692/1/14 1696/1/14 1690/1/14
f  1692/1/14 1689/1/14 1695/1/14
f  1690/1/351 1697/1/354 1693/1/352
f  1693/1/13 1694/1/13 1688/1/13
f  1691/1/13 1694/1/13 1698/1/13
f  1695/1/353 1691/1/350 1698/1/353
f  1692/1/14 1699/1/14 1696/1/14
f  1696/1/354 1700/1/354 1690/1/351
f  1692/1/14 1695/1/14 1701/1/14
f  1697/1/354 1690/1/351 1700/1/354
f  1693/1/352 1697/1/354 1702/1/354
f  1703/1/13 1694/1/13 1693/1/13
f  1698/1/13 1694/1/13 1704/1/13
f  1698/1/353 1701/1/355 1695/1/353
f  1692/1/14 1705/1/14 1699/1/14
f  1703/1/356 1696/1/354 1699/1/356
f  1696/1/354 1703/1/356 1700/1/354
f  1692/1/14 1701/1/14 1706/1/14
f  1693/1/352 1702/1/354 1703/1/356
f  1707/1/13 1694/1/13 1703/1/13
f  1704/1/13 1694/1/13 1708/1/13
f  1701/1/355 1698/1/353 1704/1/355
f  1692/1/14 1709/1/14 1705/1/14
f  1707/1/357 1699/1/356 1705/1/357
f  1699/1/356 1707/1/357 1703/1/356
f  1700/1/354 1703/1/356 1710/1/354
f  1704/1/355 1706/1/358 1701/1/355
f  1692/1/14 1706/1/14 1711/1/14
f  1710/1/354 1703/1/356 1702/1/354
f  1712/1/13 1694/1/13 1707/1/13
f  1708/1/13 1694/1/13 1713/1/13
f  1706/1/358 1704/1/355 1708/1/358
f  1692/1/14 1714/1/14 1709/1/14
f  1712/1/359 1705/1/357 1709/1/359
f  1705/1/357 1712/1/359 1707/1/357
f  1708/1/358 1711/1/360 1706/1/358
f  1692/1/14 1711/1/14 1715/1/14
f  1716/1/13 1694/1/13 1712/1/13
f  1713/1/13 1694/1/13 1717/1/13
f  1711/1/360 1708/1/358 1713/1/360
f  1692/1/14 1718/1/14 1714/1/14
f  1716/1/361 1709/1/359 1714/1/361
f  1709/1/359 1716/1/361 1712/1/359
f  1713/1/360 1715/1/362 1711/1/360
f  1692/1/14 1715/1/14 1719/1/14
f  1720/1/13 1694/1/13 1716/1/13
f  1717/1/13 1694/1/13 1721/1/13
f  1715/1/362 1713/1/360 1717/1/362
f  1692/1/14 1722/1/14 1718/1/14
f  1720/1/363 1714/1/361 1718/1/363
f  1714/1/361 1720/1/363 1716/1/361
f  1717/1/362 1719/1/364 1715/1/362
f  1692/1/14 1719/1/14 1723/1/14
f  1724/1/13 1694/1/13 1720/1/13
f  1721/1/13 1694/1/13 1725/1/13
f  1719/1/364 1717/1/362 1721/1/364
f  1692/1/14 1726/1/14 1722/1/14
f  1724/1/365 1718/1/363 1722/1/365
f  1718/1/363 1724/1/365 1720/1/363
f  1719/1/364 1725/1/366 1723/1/366
f  1692/1/14 1723/1/14 1727/1/14
f  1728/1/13 1694/1/13 1724/1/13
f  1725/1/13 1694/1/13 1729/1/13
f  1725/1/366 1719/1/364 1721/1/364
f  1692/1/14 1730/1/14 1726/1/14
f  1726/1/367 1724/1/365 1722/1/365
f  1729/1/368 1723/1/366 1725/1/366
f  1723/1/366 1729/1/368 1727/1/368
f  1692/1/14 1727/1/14 1731/1/14
f  1732/1/13 1694/1/13 1728/1/13
f  1724/1/365 1726/1/367 1728/1/367
f  1729/1/13 1694/1/13 1733/1/13
f  1692/1/14 1734/1/14 1730/1/14
f  1730/1/369 1728/1/367 1726/1/367
f  1733/1/370 1727/1/368 1729/1/368
f  1727/1/368 1733/1/370 1731/1/370
f  1731/1/370 1694/1/371 1692/1/371
f  1735/1/13 1694/1/13 1732/1/13
f  1728/1/367 1730/1/369 1732/1/369
f  1694/1/371 1731/1/370 1733/1/370
f  1692/1/14 1736/1/14 1734/1/14
f  1734/1/372 1732/1/369 1730/1/369
f  1694/1/11 1080/1/11 1692/1/11
f  1737/1/13 1694/1/13 1735/1/13
f  1732/1/369 1734/1/372 1735/1/372
f  1692/1/14 1738/1/14 1736/1/14
f  1736/1/373 1735/1/372 1734/1/372
f  1075/1/11 1692/1/11 1080/1/11
f  1081/1/11 1080/1/11 1694/1/11
f  1739/1/13 1694/1/13 1737/1/13
f  1735/1/372 1736/1/373 1737/1/373
f  1692/1/14 1740/1/14 1738/1/14
f  1738/1/374 1737/1/373 1736/1/373
f  1692/1/11 1075/1/11 1741/1/11
f  900/1/11 1075/1/11 1080/1/11
f  1742/1/11 1081/1/11 1694/1/11
f  1694/1/13 1739/1/13 1743/1/13
f  1737/1/373 1738/1/374 1739/1/374
f  1740/1/14 1692/1/14 1741/1/14
f  1740/1/375 1739/1/374 1738/1/374
f  1743/1/11 1741/1/11 1075/1/11
f  905/1/11 900/1/11 1080/1/11
f  1150/1/11 1742/1/11 1694/1/11
f  1739/1/374 1741/1/375 1743/1/375
f  1743/1/11 1150/1/11 1694/1/11
f  1741/1/375 1739/1/374 1740/1/375
f  1079/1/11 1743/1/11 1075/1/11
f  1742/1/11 1150/1/11 1744/1/11
f  1150/1/11 1743/1/11 1745/1/11
f  1746/1/11 1743/1/11 1079/1/11
f  1085/1/11 1744/1/11 1150/1/11
f  1745/1/11 1743/1/11 1746/1/11

# Mesh 'mesh44_mesh44-geometry' with 102 faces
g mesh44_mesh44-geometry
# usemtl material_0_24
f  1690/1/376 1689/1/377 1688/1/378
f  1691/1/377 1688/1/378 1689/1/377
f  1689/1/13 1690/1/13 1692/1/13
f  1693/1/379 1690/1/376 1688/1/378
f  1691/1/14 1694/1/14 1688/1/14
f  1689/1/377 1695/1/380 1691/1/377
f  1690/1/13 1696/1/13 1692/1/13
f  1695/1/13 1689/1/13 1692/1/13
f  1693/1/379 1697/1/381 1690/1/376
f  1688/1/14 1694/1/14 1693/1/14
f  1698/1/14 1694/1/14 1691/1/14
f  1698/1/380 1691/1/377 1695/1/380
f  1696/1/13 1699/1/13 1692/1/13
f  1690/1/376 1700/1/381 1696/1/381
f  1701/1/13 1695/1/13 1692/1/13
f  1700/1/381 1690/1/376 1697/1/381
f  1702/1/381 1697/1/381 1693/1/379
f  1693/1/14 1694/1/14 1703/1/14
f  1704/1/14 1694/1/14 1698/1/14
f  1695/1/380 1701/1/382 1698/1/380
f  1699/1/13 1705/1/13 1692/1/13
f  1699/1/383 1696/1/381 1703/1/383
f  1700/1/381 1703/1/383 1696/1/381
f  1706/1/13 1701/1/13 1692/1/13
f  1703/1/383 1702/1/381 1693/1/379
f  1703/1/14 1694/1/14 1707/1/14
f  1708/1/14 1694/1/14 1704/1/14
f  1704/1/382 1698/1/380 1701/1/382
f  1705/1/13 1709/1/13 1692/1/13
f  1705/1/384 1699/1/383 1707/1/384
f  1703/1/383 1707/1/384 1699/1/383
f  1710/1/381 1703/1/383 1700/1/381
f  1701/1/382 1706/1/385 1704/1/382
f  1711/1/13 1706/1/13 1692/1/13
f  1702/1/381 1703/1/383 1710/1/381
f  1707/1/14 1694/1/14 1712/1/14
f  1713/1/14 1694/1/14 1708/1/14
f  1708/1/385 1704/1/382 1706/1/385
f  1709/1/13 1714/1/13 1692/1/13
f  1709/1/386 1705/1/384 1712/1/386
f  1707/1/384 1712/1/386 1705/1/384
f  1706/1/385 1711/1/387 1708/1/385
f  1715/1/13 1711/1/13 1692/1/13
f  1712/1/14 1694/1/14 1716/1/14
f  1717/1/14 1694/1/14 1713/1/14
f  1713/1/387 1708/1/385 1711/1/387
f  1714/1/13 1718/1/13 1692/1/13
f  1714/1/388 1709/1/386 1716/1/388
f  1712/1/386 1716/1/388 1709/1/386
f  1711/1/387 1715/1/389 1713/1/387
f  1719/1/13 1715/1/13 1692/1/13
f  1716/1/14 1694/1/14 1720/1/14
f  1721/1/14 1694/1/14 1717/1/14
f  1717/1/389 1713/1/387 1715/1/389
f  1718/1/13 1722/1/13 1692/1/13
f  1718/1/390 1714/1/388 1720/1/390
f  1716/1/388 1720/1/390 1714/1/388
f  1715/1/389 1719/1/391 1717/1/389
f  1723/1/13 1719/1/13 1692/1/13
f  1720/1/14 1694/1/14 1724/1/14
f  1725/1/14 1694/1/14 1721/1/14
f  1721/1/391 1717/1/389 1719/1/391
f  1722/1/13 1726/1/13 1692/1/13
f  1722/1/392 1718/1/390 1724/1/392
f  1720/1/390 1724/1/392 1718/1/390
f  1723/1/393 1725/1/393 1719/1/391
f  1727/1/13 1723/1/13 1692/1/13
f  1724/1/14 1694/1/14 1728/1/14
f  1729/1/14 1694/1/14 1725/1/14
f  1721/1/391 1719/1/391 1725/1/393
f  1726/1/13 1730/1/13 1692/1/13
f  1722/1/392 1724/1/392 1726/1/394
f  1725/1/393 1723/1/393 1729/1/395
f  1727/1/395 1729/1/395 1723/1/393
f  1731/1/13 1727/1/13 1692/1/13
f  1728/1/14 1694/1/14 1732/1/14
f  1728/1/394 1726/1/394 1724/1/392
f  1733/1/14 1694/1/14 1729/1/14
f  1730/1/13 1734/1/13 1692/1/13
f  1726/1/394 1728/1/394 1730/1/396
f  1729/1/395 1727/1/395 1733/1/397
f  1731/1/397 1733/1/397 1727/1/395
f  1692/1/398 1694/1/398 1731/1/397
f  1732/1/14 1694/1/14 1735/1/14
f  1732/1/396 1730/1/396 1728/1/394
f  1733/1/397 1731/1/397 1694/1/398
f  1734/1/13 1736/1/13 1692/1/13
f  1730/1/396 1732/1/396 1734/1/399
f  1735/1/14 1694/1/14 1737/1/14
f  1735/1/399 1734/1/399 1732/1/396
f  1736/1/13 1738/1/13 1692/1/13
f  1734/1/399 1735/1/399 1736/1/400
f  1737/1/14 1694/1/14 1739/1/14
f  1737/1/400 1736/1/400 1735/1/399
f  1738/1/13 1740/1/13 1692/1/13
f  1736/1/400 1737/1/400 1738/1/401
f  1743/1/14 1739/1/14 1694/1/14
f  1739/1/401 1738/1/401 1737/1/400
f  1741/1/13 1692/1/13 1740/1/13
f  1738/1/401 1739/1/401 1740/1/402
f  1743/1/402 1741/1/402 1739/1/401
f  1740/1/402 1739/1/401 1741/1/402

# Mesh 'mesh44_mesh44-geometry' with 16 faces
g mesh44_mesh44-geometry
# usemtl material_5_3_8
f  1692/2/12 1080/3/12 1694/4/12
f  1080/3/12 1692/2/12 1075/5/12
f  1694/4/12 1080/3/12 1081/6/12
f  1741/1/12 1075/5/12 1692/2/12
f  1080/3/12 1075/5/12 900/7/12
f  1694/4/12 1081/6/12 1742/8/12
f  1075/5/12 1741/1/12 1743/9/12
f  1080/3/12 900/7/12 905/10/12
f  1694/4/12 1742/8/12 1150/11/12
f  1694/4/12 1150/11/12 1743/9/12
f  1075/5/12 1743/9/12 1079/12/12
f  1744/13/12 1150/11/12 1742/8/12
f  1745/14/12 1743/9/12 1150/11/12
f  1079/12/12 1743/9/12 1746/15/12
f  1150/11/12 1744/13/12 1085/16/12
f  1746/15/12 1743/9/12 1745/14/12

# Mesh 'mesh45_mesh45-geometry' with 12 faces
g mesh45_mesh45-geometry
# usemtl material_2_24
f  1747//403 1700//403 1710//403
f  1700//403 1747//403 1748//403
f  1710//404 1700//404 1747//404
f  1748//404 1747//404 1700//404
f  1702//13 1747//13 1710//13
f  1710//14 1747//14 1702//14
f  1747//405 1697//405 1748//405
f  1748//406 1697//406 1747//406
f  1697//14 1700//14 1748//14
f  1748//13 1700//13 1697//13
f  1697//405 1747//405 1702//405
f  1702//406 1747//406 1697//406

# Mesh 'mesh46_mesh46-geometry' with 414 faces
g mesh46_mesh46-geometry
# usemtl material_2_24
f  1749//14 1750//14 1751//14
f  1751//13 1750//13 1749//13
f  1749//9 1752//9 1750//9
f  1750//10 1752//10 1749//10
f  1753//14 1751//14 1750//14
f  1750//13 1751//13 1753//13
f  1749//11 1751//11 1752//11
f  1752//12 1751//12 1749//12
f  1754//9 1750//9 1752//9
f  1752//10 1750//10 1754//10
f  1679//14 1751//14 1753//14
f  1753//13 1751//13 1679//13
f  1753//12 1750//12 1755//12
f  1755//11 1750//11 1753//11
f  1756//11 1752//11 1751//11
f  1751//12 1752//12 1756//12
f  1757//9 1750//9 1754//9
f  1754//10 1750//10 1757//10
f  1754//407 1752//407 1758//407
f  1758//408 1752//408 1754//408
f  1759//14 1751//14 1679//14
f  1679//13 1751//13 1759//13
f  1679//12 1753//12 1759//12
f  1759//11 1753//11 1679//11
f  1753//14 1760//14 1679//14
f  1679//13 1760//13 1753//13
f  1757//12 1755//12 1750//12
f  1750//11 1755//11 1757//11
f  1755//12 1761//12 1753//12
f  1753//11 1761//11 1755//11
f  1753//9 1755//9 1760//39
f  1760//40 1755//10 1753//10
f  1756//407 1758//407 1752//407
f  1752//408 1758//408 1756//408
f  1751//10 1762//10 1756//10
f  1756//9 1762//9 1751//9
f  1757//11 1755//11 1754//11
f  1754//12 1755//12 1757//12
f  1757//44 1754//44 1763//43
f  1763//46 1754//45 1757//45
f  1754//13 1758//13 1764//13
f  1764//14 1758//14 1754//14
f  1758//11 1754//11 1755//11
f  1755//12 1754//12 1758//12
f  1762//10 1751//10 1759//10
f  1759//9 1751//9 1762//9
f  1759//12 1679//12 1762//12
f  1762//11 1679//11 1759//11
f  1759//12 1753//12 1762//12
f  1762//11 1753//11 1759//11
f  1765//14 1679//14 1760//14
f  1760//13 1679//13 1765//13
f  1757//14 1763//14 1755//14
f  1755//13 1763//13 1757//13
f  1755//14 1766//14 1761//14
f  1761//13 1766//13 1755//13
f  1762//12 1753//12 1761//12
f  1761//11 1753//11 1762//11
f  1766//39 1760//39 1755//9
f  1755//10 1760//40 1766//40
f  1767//407 1758//407 1756//407
f  1756//408 1758//408 1767//408
f  1768//10 1756//10 1762//10
f  1762//9 1756//9 1768//9
f  1764//43 1763//43 1754//44
f  1754//45 1763//46 1764//46
f  1769//13 1764//13 1758//13
f  1758//14 1764//14 1769//14
f  1758//49 1755//49 1767//49
f  1767//50 1755//50 1758//50
f  1761//12 1762//12 1679//12
f  1679//11 1762//11 1761//11
f  1770//14 1679//14 1765//14
f  1765//13 1679//13 1770//13
f  1760//39 1766//39 1765//47
f  1765//48 1766//40 1760//40
f  1771//14 1755//14 1763//14
f  1763//13 1755//13 1771//13
f  1772//14 1761//14 1766//14
f  1766//13 1761//13 1772//13
f  1761//14 1773//14 1762//14
f  1762//13 1773//13 1761//13
f  1767//13 1774//13 1758//13
f  1758//14 1774//14 1767//14
f  1775//407 1767//407 1756//407
f  1756//408 1767//408 1775//408
f  1768//407 1776//407 1756//407
f  1756//408 1776//408 1768//408
f  1777//10 1768//10 1762//10
f  1762//9 1768//9 1777//9
f  1764//43 1769//51 1763//43
f  1763//46 1769//52 1764//46
f  1778//13 1769//13 1758//13
f  1758//14 1769//14 1778//14
f  1772//49 1767//49 1755//49
f  1755//50 1767//50 1772//50
f  1761//10 1679//10 1773//10
f  1773//9 1679//9 1761//9
f  1779//14 1679//14 1770//14
f  1770//13 1679//13 1779//13
f  1765//47 1780//47 1770//17
f  1770//18 1780//48 1765//48
f  1780//47 1765//47 1766//39
f  1766//40 1765//48 1780//48
f  1781//14 1755//14 1771//14
f  1771//13 1755//13 1781//13
f  1771//51 1763//43 1769//51
f  1769//52 1763//46 1771//52
f  1782//14 1761//14 1772//14
f  1772//13 1761//13 1782//13
f  1766//14 1780//14 1772//14
f  1772//13 1780//13 1766//13
f  1773//14 1761//14 1783//14
f  1783//13 1761//13 1773//13
f  1777//14 1762//14 1773//14
f  1773//13 1762//13 1777//13
f  1767//54 1772//54 1774//53
f  1774//56 1772//55 1767//55
f  1774//13 1784//13 1758//13
f  1758//14 1784//14 1774//14
f  1767//57 1775//58 1772//57
f  1772//59 1775//60 1767//59
f  1785//407 1775//407 1756//407
f  1756//408 1775//408 1785//408
f  1776//12 1768//12 1783//12
f  1783//11 1768//11 1776//11
f  1776//407 1786//407 1756//407
f  1756//408 1786//408 1776//408
f  1777//12 1783//12 1768//12
f  1768//11 1783//11 1777//11
f  1769//51 1778//63 1771//51
f  1771//52 1778//64 1769//52
f  1787//13 1778//13 1758//13
f  1758//14 1778//14 1787//14
f  1772//14 1755//14 1788//14
f  1788//13 1755//13 1772//13
f  1684//10 1773//10 1679//10
f  1679//9 1773//9 1684//9
f  1789//14 1679//14 1779//14
f  1779//13 1679//13 1789//13
f  1770//17 1790//17 1779//61
f  1779//62 1790//18 1770//18
f  1790//17 1770//17 1780//47
f  1780//48 1770//18 1790//18
f  1791//14 1755//14 1781//14
f  1781//13 1755//13 1791//13
f  1781//63 1771//51 1778//63
f  1778//64 1771//52 1781//64
f  1783//14 1761//14 1782//14
f  1782//13 1761//13 1783//13
f  1772//409 1792//409 1782//409
f  1782//410 1792//410 1772//410
f  1782//12 1793//12 1772//12
f  1772//11 1793//11 1782//11
f  1790//14 1772//14 1780//14
f  1780//13 1772//13 1790//13
f  1773//12 1783//12 1777//12
f  1777//11 1783//11 1773//11
f  1783//12 1773//12 1685//12
f  1685//11 1773//11 1783//11
f  1788//53 1774//53 1772//54
f  1772//55 1774//56 1788//56
f  1784//67 1774//53 1794//67
f  1794//68 1774//56 1784//68
f  1784//13 1795//13 1758//13
f  1758//14 1795//14 1784//14
f  1792//58 1772//57 1775//58
f  1775//60 1772//59 1792//60
f  1775//58 1785//69 1792//58
f  1792//60 1785//70 1775//60
f  1796//407 1785//407 1756//407
f  1756//408 1785//408 1796//408
f  1783//9 1797//9 1776//9
f  1776//10 1797//10 1783//10
f  1786//9 1776//9 1797//9
f  1797//10 1776//10 1786//10
f  1786//407 1798//407 1756//407
f  1756//408 1798//408 1786//408
f  1778//63 1787//71 1781//63
f  1781//64 1787//72 1778//64
f  1799//13 1787//13 1758//13
f  1758//14 1787//14 1799//14
f  1788//14 1755//14 1794//14
f  1794//13 1755//13 1788//13
f  1684//12 1685//12 1773//12
f  1773//11 1685//11 1684//11
f  1684//14 1679//14 1685//14
f  1685//13 1679//13 1684//13
f  1800//14 1679//14 1789//14
f  1789//13 1679//13 1800//13
f  1779//61 1801//61 1789//19
f  1789//20 1801//62 1779//62
f  1801//61 1779//61 1790//17
f  1790//18 1779//62 1801//62
f  1802//14 1755//14 1791//14
f  1791//13 1755//13 1802//13
f  1791//71 1781//63 1787//71
f  1787//72 1781//64 1791//72
f  1782//14 1797//14 1783//14
f  1783//13 1797//13 1782//13
f  1803//409 1782//409 1792//409
f  1792//410 1782//410 1803//410
f  1793//9 1782//9 1685//9
f  1685//10 1782//10 1793//10
f  1804//85 1772//12 1793//12
f  1793//11 1772//11 1804//86
f  1801//14 1772//14 1790//14
f  1790//13 1772//13 1801//13
f  1783//9 1685//9 1797//9
f  1797//10 1685//10 1783//10
f  1788//53 1794//67 1774//53
f  1774//56 1794//68 1788//56
f  1794//67 1805//73 1784//67
f  1784//68 1805//74 1794//68
f  1795//73 1784//67 1805//73
f  1805//74 1784//68 1795//74
f  1795//13 1806//13 1758//13
f  1758//14 1806//14 1795//14
f  1803//69 1792//58 1785//69
f  1785//70 1792//60 1803//70
f  1785//69 1796//75 1803//69
f  1803//70 1796//76 1785//70
f  1807//407 1796//407 1756//407
f  1756//408 1796//408 1807//408
f  1786//78 1797//78 1798//77
f  1798//80 1797//79 1786//79
f  1798//407 1808//407 1756//407
f  1756//408 1808//408 1798//408
f  1787//71 1799//83 1791//71
f  1791//72 1799//84 1787//72
f  1809//13 1799//13 1758//13
f  1758//14 1799//14 1809//14
f  1794//14 1755//14 1805//14
f  1805//13 1755//13 1794//13
f  1685//14 1679//14 1793//14
f  1793//13 1679//13 1685//13
f  1810//14 1679//14 1800//14
f  1800//13 1679//13 1810//13
f  1789//19 1811//19 1800//81
f  1800//82 1811//20 1789//20
f  1811//19 1789//19 1801//61
f  1801//62 1789//20 1811//20
f  1812//14 1755//14 1802//14
f  1802//13 1755//13 1812//13
f  1802//83 1791//71 1799//83
f  1799//84 1791//72 1802//84
f  1797//9 1685//9 1782//9
f  1782//10 1685//10 1797//10
f  1797//409 1782//409 1813//409
f  1813//410 1782//410 1797//410
f  1814//409 1782//409 1803//409
f  1803//410 1782//410 1814//410
f  1815//85 1772//12 1804//85
f  1804//86 1772//11 1815//86
f  1793//14 1679//14 1804//14
f  1804//13 1679//13 1793//13
f  1811//14 1772//14 1801//14
f  1801//13 1772//13 1811//13
f  1805//73 1816//87 1795//73
f  1795//74 1816//88 1805//74
f  1806//87 1795//73 1816//87
f  1816//88 1795//74 1806//88
f  1806//13 1817//13 1758//13
f  1758//14 1817//14 1806//14
f  1814//75 1803//69 1796//75
f  1796//76 1803//70 1814//76
f  1796//75 1807//89 1814//75
f  1814//76 1807//90 1796//76
f  1818//407 1807//407 1756//407
f  1756//408 1807//408 1818//408
f  1813//77 1798//77 1797//78
f  1797//79 1798//80 1813//80
f  1798//77 1813//77 1808//91
f  1808//92 1813//80 1798//80
f  1808//407 1819//407 1756//407
f  1756//408 1819//408 1808//408
f  1799//83 1809//93 1802//83
f  1802//84 1809//94 1799//84
f  1820//13 1809//13 1758//13
f  1758//14 1809//14 1820//14
f  1805//14 1755//14 1816//14
f  1816//13 1755//13 1805//13
f  1821//14 1679//14 1810//14
f  1810//13 1679//13 1821//13
f  1800//81 1822//81 1810//23
f  1810//24 1822//82 1800//82
f  1822//81 1800//81 1811//19
f  1811//20 1800//82 1822//82
f  1823//14 1755//14 1812//14
f  1812//13 1755//13 1823//13
f  1812//93 1802//83 1809//93
f  1809//94 1802//84 1812//94
f  1813//409 1782//409 1824//409
f  1824//410 1782//410 1813//410
f  1825//409 1782//409 1814//409
f  1814//410 1782//410 1825//410
f  1815//14 1772//14 1826//14
f  1826//13 1772//13 1815//13
f  1804//85 1827//107 1815//85
f  1815//86 1827//108 1804//86
f  1804//14 1679//14 1827//14
f  1827//13 1679//13 1804//13
f  1822//14 1772//14 1811//14
f  1811//13 1772//13 1822//13
f  1816//87 1828//97 1806//87
f  1806//88 1828//98 1816//88
f  1817//97 1806//87 1828//97
f  1828//98 1806//88 1817//98
f  1817//13 1820//13 1758//13
f  1758//14 1820//14 1817//14
f  1825//89 1814//75 1807//89
f  1807//90 1814//76 1825//90
f  1807//89 1818//99 1825//89
f  1825//90 1818//100 1807//90
f  1829//407 1818//407 1756//407
f  1756//408 1818//408 1829//408
f  1824//91 1808//91 1813//77
f  1813//80 1808//92 1824//92
f  1808//91 1824//91 1819//101
f  1819//102 1824//92 1808//92
f  1819//407 1830//407 1756//407
f  1756//408 1830//408 1819//408
f  1809//93 1820//105 1812//93
f  1812//94 1820//106 1809//94
f  1816//14 1755//14 1828//14
f  1828//13 1755//13 1816//13
f  1831//14 1679//14 1821//14
f  1821//13 1679//13 1831//13
f  1821//103 1810//23 1832//103
f  1832//104 1810//24 1821//104
f  1833//23 1810//23 1822//81
f  1822//82 1810//24 1833//24
f  1828//14 1755//14 1823//14
f  1823//13 1755//13 1828//13
f  1823//105 1812//93 1820//105
f  1820//106 1812//94 1823//106
f  1824//409 1782//409 1834//409
f  1834//410 1782//410 1824//410
f  1835//409 1782//409 1825//409
f  1825//410 1782//410 1835//410
f  1826//14 1772//14 1836//14
f  1836//13 1772//13 1826//13
f  1826//107 1815//85 1827//107
f  1827//108 1815//86 1826//108
f  1827//14 1679//14 1837//14
f  1837//13 1679//13 1827//13
f  1833//14 1772//14 1822//14
f  1822//13 1772//13 1833//13
f  1828//97 1823//105 1817//97
f  1817//98 1823//106 1828//98
f  1820//105 1817//97 1823//105
f  1823//106 1817//98 1820//106
f  1835//99 1825//89 1818//99
f  1818//100 1825//90 1835//100
f  1818//99 1829//111 1835//99
f  1835//100 1829//112 1818//100
f  1838//407 1829//407 1756//407
f  1756//408 1829//408 1838//408
f  1834//101 1819//101 1824//91
f  1824//92 1819//102 1834//102
f  1819//101 1834//101 1830//113
f  1830//114 1834//102 1819//102
f  1830//407 1838//407 1756//407
f  1756//408 1838//408 1830//408
f  1839//14 1679//14 1831//14
f  1831//13 1679//13 1839//13
f  1831//25 1821//103 1840//25
f  1840//26 1821//104 1831//26
f  1833//23 1832//103 1810//23
f  1810//24 1832//104 1833//24
f  1832//103 1840//25 1821//103
f  1821//104 1840//26 1832//104
f  1834//409 1782//409 1841//409
f  1841//410 1782//410 1834//410
f  1842//409 1782//409 1835//409
f  1835//410 1782//410 1842//410
f  1836//14 1772//14 1843//14
f  1843//13 1772//13 1836//13
f  1836//29 1826//107 1837//29
f  1837//30 1826//108 1836//30
f  1827//107 1837//29 1826//107
f  1826//108 1837//30 1827//108
f  1837//14 1679//14 1839//14
f  1839//13 1679//13 1837//13
f  1832//14 1772//14 1833//14
f  1833//13 1772//13 1832//13
f  1842//111 1835//99 1829//111
f  1829//112 1835//100 1842//112
f  1838//117 1844//117 1829//111
f  1829//112 1844//118 1838//118
f  1841//113 1830//113 1834//101
f  1834//102 1830//114 1841//114
f  1830//113 1841//113 1838//117
f  1838//118 1841//114 1830//114
f  1839//119 1831//25 1843//119
f  1843//120 1831//26 1839//120
f  1840//25 1843//119 1831//25
f  1831//26 1843//120 1840//26
f  1840//14 1772//14 1832//14
f  1832//13 1772//13 1840//13
f  1841//409 1782//409 1844//409
f  1844//410 1782//410 1841//410
f  1844//409 1782//409 1842//409
f  1842//410 1782//410 1844//410
f  1843//14 1772//14 1840//14
f  1840//13 1772//13 1843//13
f  1843//119 1836//29 1839//119
f  1839//120 1836//30 1843//120
f  1837//29 1839//119 1836//29
f  1836//30 1839//120 1837//30
f  1842//111 1829//111 1844//117
f  1844//118 1829//112 1842//112
f  1844//117 1838//117 1841//113
f  1841//114 1838//118 1844//118

# Mesh 'mesh47_mesh47-geometry' with 121 faces
g mesh47_mesh47-geometry
# usemtl material_0_0
l  1751 1759
l  1749 1751
l  1756 1751
l  1762 1759
l  1759 1679
l  1750 1749
l  1752 1749
l  1756 1768
l  1752 1756
l  1762 1777
l  1762 1761
l  1761 1679
l  1679 1684
l  1679 1753
l  1757 1750
l  1753 1750
l  1754 1752
l  1768 1776
l  1768 1777
l  1773 1777
l  1755 1761
l  1761 1773
l  1684 1685
l  1773 1684
l  1753 1755
l  1753 1760
l  1757 1755
l  1754 1757
l  1757 1763
l  1758 1754
l  1754 1764
l  1783 1776
l  1786 1776
l  1783 1773
l  1755 1758
l  1755 1766
l  1755 1772
l  1685 1783
l  1793 1685
l  1760 1765
l  1763 1771
l  1758 1767
l  1764 1769
l  1797 1783
l  1798 1786
l  1797 1786
l  1766 1772
l  1766 1780
l  1772 1792
l  1772 1767
l  1772 1782
l  1815 1772
l  1788 1772
l  1793 1804
l  1793 1782
l  1765 1770
l  1771 1781
l  1767 1775
l  1774 1767
l  1769 1778
l  1782 1797
l  1813 1797
l  1808 1798
l  1780 1790
l  1792 1803
l  1826 1815
l  1794 1788
l  1827 1804
l  1770 1779
l  1781 1791
l  1775 1785
l  1784 1774
l  1778 1787
l  1824 1813
l  1819 1808
l  1790 1801
l  1803 1814
l  1836 1826
l  1805 1794
l  1837 1827
l  1779 1789
l  1791 1802
l  1785 1796
l  1795 1784
l  1787 1799
l  1834 1824
l  1830 1819
l  1801 1811
l  1814 1825
l  1843 1836
l  1816 1805
l  1839 1837
l  1789 1800
l  1802 1812
l  1796 1807
l  1806 1795
l  1799 1809
l  1841 1834
l  1838 1830
l  1811 1822
l  1825 1835
l  1840 1843
l  1828 1816
l  1831 1839
l  1800 1810
l  1812 1823
l  1807 1818
l  1817 1806
l  1809 1820
l  1844 1841
l  1829 1838
l  1822 1833
l  1835 1842
l  1832 1840
l  1823 1828
l  1821 1831
l  1810 1821
l  1818 1829
l  1820 1817
l  1842 1844
l  1833 1832

# Mesh 'mesh48_mesh48-geometry' with 184 faces
g mesh48_mesh48-geometry
# usemtl material_3_24
f  1845//182 1846//186 1847//186
f  1846//186 1845//182 1848//182
f  1847//197 1846//197 1845//193
f  1848//193 1845//193 1846//197
f  1846//186 1849//189 1847//186
f  1847//197 1849//200 1846//197
f  1847//11 1850//11 1845//11
f  1845//12 1850//12 1847//12
f  1851//178 1848//182 1845//182
f  1845//193 1848//193 1851//191
f  1852//12 1846//12 1848//12
f  1848//11 1846//11 1852//11
f  1849//189 1846//186 1853//189
f  1853//200 1846//197 1849//200
f  1849//11 1854//11 1847//11
f  1847//12 1854//12 1849//12
f  1847//11 1855//11 1850//11
f  1850//12 1855//12 1847//12
f  1845//11 1850//11 1856//11
f  1856//12 1850//12 1845//12
f  1848//182 1851//178 1857//178
f  1857//191 1851//191 1848//193
f  1845//11 1856//11 1851//11
f  1851//12 1856//12 1845//12
f  1858//12 1846//12 1852//12
f  1852//11 1846//11 1858//11
f  1852//12 1848//12 1859//12
f  1859//11 1848//11 1852//11
f  1858//12 1853//12 1846//12
f  1846//11 1853//11 1858//11
f  1853//189 1860//185 1849//189
f  1849//200 1860//196 1853//200
f  1860//11 1854//11 1849//11
f  1849//12 1854//12 1860//12
f  1847//11 1854//11 1855//11
f  1855//12 1854//12 1847//12
f  1855//171 1859//167 1850//167
f  1850//155 1859//155 1855//159
f  1850//167 1861//165 1856//165
f  1856//151 1861//151 1850//155
f  1862//13 1857//178 1851//178
f  1851//191 1857//191 1862//14
f  1859//12 1848//12 1857//12
f  1857//11 1848//11 1859//11
f  1851//11 1856//11 1862//11
f  1862//12 1856//12 1851//12
f  1855//171 1858//174 1852//171
f  1852//159 1858//162 1855//159
f  1859//167 1855//171 1852//171
f  1852//159 1855//159 1859//155
f  1863//12 1853//12 1858//12
f  1858//11 1853//11 1863//11
f  1860//185 1853//189 1864//185
f  1864//196 1853//200 1860//196
f  1860//11 1865//11 1854//11
f  1854//12 1865//12 1860//12
f  1858//174 1855//171 1854//174
f  1854//162 1855//159 1858//162
f  1861//165 1850//167 1859//167
f  1859//155 1850//155 1861//151
f  1866//13 1856//165 1861//165
f  1861//151 1856//151 1866//14
f  1857//178 1862//13 1866//13
f  1866//14 1862//14 1857//191
f  1859//12 1857//12 1861//12
f  1861//11 1857//11 1859//11
f  1856//165 1866//13 1862//13
f  1862//14 1866//14 1856//151
f  1863//12 1864//12 1853//12
f  1853//11 1864//11 1863//11
f  1854//174 1863//170 1858//174
f  1858//162 1863//158 1854//162
f  1864//185 1867//9 1860//185
f  1860//196 1867//10 1864//196
f  1867//11 1865//11 1860//11
f  1860//12 1865//12 1867//12
f  1863//170 1854//174 1865//170
f  1865//158 1854//162 1863//158
f  1861//12 1857//12 1866//12
f  1866//11 1857//11 1861//11
f  1868//12 1864//12 1863//12
f  1863//11 1864//11 1868//11
f  1867//9 1864//185 1869//9
f  1869//10 1864//196 1867//10
f  1867//11 1870//11 1865//11
f  1865//12 1870//12 1867//12
f  1865//170 1868//10 1863//170
f  1863//158 1868//9 1865//158
f  1868//12 1869//12 1864//12
f  1864//11 1869//11 1868//11
f  1869//9 1871//158 1867//9
f  1867//10 1871//170 1869//10
f  1871//11 1870//11 1867//11
f  1867//12 1870//12 1871//12
f  1868//10 1865//170 1870//10
f  1870//9 1865//158 1868//9
f  1872//12 1869//12 1868//12
f  1868//11 1869//11 1872//11
f  1871//158 1869//9 1873//158
f  1873//170 1869//10 1871//170
f  1871//11 1874//11 1870//11
f  1870//12 1874//12 1871//12
f  1870//10 1872//196 1868//10
f  1868//9 1872//185 1870//9
f  1872//12 1873//12 1869//12
f  1869//11 1873//11 1872//11
f  1873//158 1875//162 1871//158
f  1871//170 1875//174 1873//170
f  1871//11 1876//11 1874//11
f  1874//12 1876//12 1871//12
f  1872//196 1870//10 1874//196
f  1874//185 1870//9 1872//185
f  1877//12 1873//12 1872//12
f  1872//11 1873//11 1877//11
f  1875//162 1873//158 1878//162
f  1878//174 1873//170 1875//174
f  1875//11 1876//11 1871//11
f  1871//12 1876//12 1875//12
f  1877//200 1874//196 1876//200
f  1876//189 1874//185 1877//189
f  1874//196 1877//200 1872//196
f  1872//185 1877//189 1874//185
f  1877//12 1878//12 1873//12
f  1873//11 1878//11 1877//11
f  1878//162 1879//159 1875//162
f  1875//174 1879//171 1878//174
f  1879//11 1876//11 1875//11
f  1875//12 1876//12 1879//12
f  1876//200 1880//197 1877//200
f  1877//189 1880//186 1876//189
f  1880//12 1878//12 1877//12
f  1877//11 1878//11 1880//11
f  1879//159 1878//162 1881//159
f  1881//171 1878//174 1879//171
f  1879//11 1882//11 1876//11
f  1876//12 1882//12 1879//12
f  1880//197 1876//200 1882//197
f  1882//186 1876//189 1880//186
f  1880//12 1881//12 1878//12
f  1878//11 1881//11 1880//11
f  1883//155 1879//159 1881//159
f  1881//171 1879//171 1883//167
f  1884//11 1882//11 1879//11
f  1879//12 1882//12 1884//12
f  1885//193 1880//197 1882//197
f  1882//186 1880//186 1885//182
f  1886//12 1881//12 1880//12
f  1880//11 1881//11 1886//11
f  1879//159 1883//155 1884//155
f  1884//167 1883//167 1879//171
f  1886//12 1883//12 1881//12
f  1881//11 1883//11 1886//11
f  1884//11 1885//11 1882//11
f  1882//12 1885//12 1884//12
f  1880//197 1885//193 1886//193
f  1886//182 1885//182 1880//186
f  1887//151 1884//155 1883//155
f  1883//167 1884//167 1887//165
f  1888//12 1883//12 1886//12
f  1886//11 1883//11 1888//11
f  1889//11 1885//11 1884//11
f  1884//12 1885//12 1889//12
f  1890//191 1886//193 1885//193
f  1885//182 1886//182 1890//178
f  1884//155 1887//151 1889//151
f  1889//165 1887//165 1884//167
f  1888//12 1887//12 1883//12
f  1883//11 1887//11 1888//11
f  1886//193 1890//191 1888//191
f  1888//178 1890//178 1886//182
f  1889//11 1890//11 1885//11
f  1885//12 1890//12 1889//12
f  1891//14 1889//151 1887//151
f  1887//165 1889//165 1891//13
f  1887//12 1888//12 1891//12
f  1891//11 1888//11 1887//11
f  1892//14 1888//191 1890//191
f  1890//178 1888//178 1892//13
f  1890//11 1889//11 1892//11
f  1892//12 1889//12 1890//12
f  1889//151 1891//14 1892//14
f  1892//13 1891//13 1889//165
f  1888//191 1892//14 1891//14
f  1891//13 1892//13 1888//178

# Mesh 'mesh49_mesh49-geometry' with 24 faces
g mesh49_mesh49-geometry
# usemtl material_0_0
l  1868 1872
l  1863 1868
l  1872 1877
l  1858 1863
l  1877 1880
l  1852 1858
l  1880 1886
l  1859 1852
l  1886 1888
l  1861 1859
l  1888 1891
l  1866 1861
l  1891 1887
l  1857 1866
l  1887 1883
l  1848 1857
l  1883 1881
l  1846 1848
l  1881 1878
l  1853 1846
l  1878 1873
l  1864 1853
l  1873 1869
l  1869 1864

# Mesh 'mesh50_mesh50-geometry' with 24 faces
g mesh50_mesh50-geometry
# usemtl material_0_0
l  1862 1856
l  1851 1862
l  1856 1850
l  1845 1851
l  1850 1855
l  1847 1845
l  1855 1854
l  1849 1847
l  1854 1865
l  1860 1849
l  1865 1870
l  1867 1860
l  1870 1874
l  1871 1867
l  1874 1876
l  1875 1871
l  1876 1882
l  1879 1875
l  1882 1885
l  1884 1879
l  1885 1890
l  1889 1884
l  1890 1892
l  1892 1889

# Mesh 'mesh51_mesh51-geometry' with 1936 faces
g mesh51_mesh51-geometry
# usemtl material_6_2_8
f  1893/17/411 1894/18/412 1895/19/413
f  1894/18/412 1893/17/411 1896/20/414
f  1895/19/415 1894/18/416 1893/17/417
f  1896/20/418 1893/17/417 1894/18/416
f  1897/21/419 1895/22/413 1894/23/412
f  1894/23/416 1895/22/415 1897/21/420
f  1895/24/421 1898/25/421 1893/26/421
f  1893/26/422 1898/25/422 1895/24/422
f  1899/27/423 1893/28/424 1895/29/425
f  1895/29/426 1893/28/427 1899/27/428
f  1900/30/429 1896/31/414 1893/32/411
f  1893/32/417 1896/31/418 1900/30/430
f  1901/33/431 1894/34/412 1896/35/414
f  1896/35/418 1894/34/416 1901/33/432
f  1896/36/414 1902/37/426 1894/38/412
f  1894/38/416 1902/37/425 1896/36/418
f  1895/22/413 1897/21/419 1903/39/433
f  1903/39/434 1897/21/420 1895/22/415
f  1901/33/431 1897/40/419 1894/34/412
f  1894/34/416 1897/40/420 1901/33/432
f  1894/41/412 1904/42/435 1897/43/419
f  1897/43/420 1904/42/436 1894/41/416
f  1903/44/421 1898/25/421 1895/24/421
f  1895/24/422 1898/25/422 1903/44/422
f  1893/26/421 1898/25/421 1905/45/421
f  1905/45/422 1898/25/422 1893/26/422
f  1893/28/424 1899/27/423 1906/46/424
f  1906/46/427 1899/27/428 1893/28/427
f  1903/47/436 1899/48/423 1895/49/425
f  1895/49/426 1899/48/428 1903/47/435
f  1896/31/414 1900/30/429 1907/50/437
f  1907/50/438 1900/30/430 1896/31/418
f  1893/26/421 1905/45/421 1900/51/421
f  1900/51/422 1905/45/422 1893/26/422
f  1893/52/424 1908/53/439 1900/54/439
f  1900/54/440 1908/53/440 1893/52/427
f  1901/33/431 1896/35/414 1909/55/441
f  1909/55/442 1896/35/418 1901/33/432
f  1902/37/426 1896/36/414 1910/56/427
f  1910/56/424 1896/36/418 1902/37/425
f  1904/42/435 1894/41/412 1902/57/426
f  1902/57/425 1894/41/416 1904/42/436
f  1911/58/443 1903/59/433 1897/60/419
f  1897/60/420 1903/59/434 1911/58/444
f  1912/61/445 1897/40/419 1901/33/431
f  1901/33/432 1897/40/420 1912/61/446
f  1913/62/447 1897/63/419 1904/64/435
f  1904/64/436 1897/63/420 1913/62/448
f  1903/44/421 1914/65/421 1898/25/421
f  1898/25/422 1914/65/422 1903/44/422
f  1905/66/449 1915/67/450 1898/68/450
f  1898/68/451 1915/67/451 1905/66/452
f  1901/69/431 1905/70/453 1898/71/454
f  1898/71/455 1905/70/456 1901/69/432
f  1899/72/423 1916/73/457 1906/74/422
f  1906/74/421 1916/73/458 1899/72/428
f  1908/53/439 1893/52/424 1906/75/424
f  1906/75/427 1893/52/427 1908/53/440
f  1899/48/423 1903/47/436 1917/76/459
f  1917/76/460 1903/47/435 1899/48/428
f  1905/77/453 1907/78/437 1900/79/429
f  1900/79/430 1907/78/438 1905/77/456
f  1909/55/441 1896/35/414 1907/80/437
f  1907/80/438 1896/35/418 1909/55/442
f  1907/81/437 1910/82/427 1896/83/414
f  1896/83/418 1910/82/424 1907/81/438
f  1900/84/439 1918/85/449 1905/86/449
f  1905/86/452 1918/85/452 1900/84/440
f  1918/85/449 1900/84/439 1908/87/439
f  1908/87/440 1900/84/440 1918/85/452
f  1905/70/453 1901/69/431 1909/88/441
f  1909/88/442 1901/69/432 1905/70/456
f  1901/89/431 1919/90/452 1909/91/441
f  1909/91/442 1919/90/449 1901/89/432
f  1920/33/422 1902/34/422 1910/35/422
f  1910/35/421 1902/34/421 1920/33/421
f  1920/33/422 1904/40/422 1902/34/422
f  1902/34/421 1904/40/421 1920/33/421
f  1903/59/433 1911/58/443 1921/92/461
f  1921/92/462 1911/58/444 1903/59/434
f  1912/61/445 1911/93/443 1897/40/419
f  1897/40/420 1911/93/444 1912/61/446
f  1897/63/419 1913/62/447 1911/94/443
f  1911/94/444 1913/62/448 1897/63/420
f  1898/95/454 1912/96/445 1901/97/431
f  1901/97/432 1912/96/446 1898/95/455
f  1912/98/445 1920/99/451 1901/100/431
f  1901/100/432 1920/99/450 1912/98/446
f  1922/61/422 1913/93/422 1904/40/422
f  1904/40/421 1913/93/421 1922/61/421
f  1921/101/421 1914/65/421 1903/44/421
f  1903/44/422 1914/65/422 1921/101/422
f  1915/102/450 1914/103/463 1898/104/450
f  1898/104/451 1914/103/464 1915/102/451
f  1912/96/445 1898/95/454 1914/105/465
f  1914/105/466 1898/95/455 1912/96/446
f  1915/67/450 1905/66/449 1918/106/449
f  1918/106/452 1905/66/452 1915/67/451
f  1917/107/459 1916/73/457 1899/72/423
f  1899/72/428 1916/73/458 1917/107/460
f  1906/74/422 1916/73/457 1908/108/422
f  1908/108/421 1916/73/458 1906/74/421
f  1903/109/436 1923/110/467 1917/111/459
f  1917/111/460 1923/110/468 1903/109/435
f  1907/78/437 1905/77/453 1909/112/441
f  1909/112/442 1905/77/456 1907/78/438
f  1909/113/441 1924/114/440 1907/115/437
f  1907/115/438 1924/114/439 1909/113/442
f  1910/82/427 1907/81/437 1924/116/440
f  1924/116/439 1907/81/438 1910/82/424
f  1908/108/422 1925/117/469 1918/118/422
f  1918/118/421 1925/117/470 1908/108/421
f  1919/90/452 1901/89/431 1920/119/451
f  1920/119/450 1901/89/432 1919/90/449
f  1924/114/440 1909/113/441 1919/120/452
f  1919/120/449 1909/113/442 1924/114/439
f  1920/33/422 1910/35/422 1919/55/422
f  1919/55/421 1910/35/421 1920/33/421
f  1922/61/422 1904/40/422 1920/33/422
f  1920/33/421 1904/40/421 1922/61/421
f  1926/121/471 1921/122/461 1911/123/443
f  1911/123/444 1921/122/462 1926/121/472
f  1923/110/467 1903/109/436 1921/124/448
f  1921/124/447 1903/109/435 1923/110/468
f  1912/61/445 1926/125/471 1911/93/443
f  1911/93/444 1926/125/472 1912/61/446
f  1927/126/473 1911/127/443 1913/128/447
f  1913/128/448 1911/127/444 1927/126/474
f  1920/99/451 1912/98/445 1922/129/464
f  1922/129/463 1912/98/446 1920/99/450
f  1922/61/422 1927/125/422 1913/93/422
f  1913/93/421 1927/125/421 1922/61/421
f  1928/130/421 1914/65/421 1921/101/421
f  1921/101/422 1914/65/422 1928/130/422
f  1914/103/463 1915/102/450 1929/131/463
f  1929/131/464 1915/102/451 1914/103/464
f  1914/132/465 1930/133/475 1912/134/445
f  1912/134/446 1930/133/476 1914/132/466
f  1931/135/477 1915/136/422 1918/118/422
f  1918/118/421 1915/136/421 1931/135/478
f  1917/107/459 1932/137/479 1916/73/457
f  1916/73/458 1932/137/480 1917/107/460
f  1908/108/422 1916/73/457 1925/117/469
f  1925/117/470 1916/73/458 1908/108/421
f  1923/138/467 1932/137/479 1917/107/459
f  1917/107/460 1932/137/480 1923/138/468
f  1919/55/422 1910/35/422 1924/80/422
f  1924/80/421 1910/35/421 1919/55/421
f  1931/135/477 1918/118/422 1925/117/469
f  1925/117/470 1918/118/421 1931/135/478
f  1921/122/461 1926/121/471 1928/139/481
f  1928/139/482 1926/121/472 1921/122/462
f  1911/127/443 1927/126/473 1926/140/471
f  1926/140/472 1927/126/474 1911/127/444
f  1928/141/474 1923/142/467 1921/143/448
f  1921/143/447 1923/142/468 1928/141/473
f  1930/144/475 1926/125/471 1912/61/445
f  1912/61/446 1926/125/472 1930/144/476
f  1930/145/475 1922/146/464 1912/147/445
f  1912/147/446 1922/146/463 1930/145/476
f  1933/144/422 1927/125/422 1922/61/422
f  1922/61/421 1927/125/421 1933/144/421
f  1928/130/421 1934/148/421 1914/65/421
f  1914/65/422 1934/148/422 1928/130/422
f  1931/135/477 1929/149/422 1915/136/422
f  1915/136/421 1929/149/421 1931/135/478
f  1935/150/483 1914/151/463 1929/152/463
f  1929/152/464 1914/151/464 1935/150/484
f  1930/133/475 1914/132/465 1934/153/485
f  1934/153/486 1914/132/466 1930/133/476
f  1932/154/479 1936/155/487 1916/156/457
f  1916/156/458 1936/155/488 1932/154/480
f  1916/157/457 1937/158/489 1932/159/479
f  1932/159/480 1937/158/490 1916/157/458
f  1916/160/457 1938/161/491 1925/162/469
f  1925/162/470 1938/161/492 1916/160/458
f  1925/163/469 1939/164/493 1916/165/457
f  1916/165/458 1939/164/494 1925/163/470
f  1940/166/495 1932/137/479 1923/138/467
f  1923/138/468 1932/137/480 1940/166/496
f  1931/135/477 1925/117/469 1941/167/497
f  1941/167/498 1925/117/470 1931/135/478
f  1942/168/499 1928/169/481 1926/170/471
f  1926/170/472 1928/169/482 1942/168/500
f  1943/171/501 1926/172/471 1927/173/473
f  1927/173/474 1926/172/472 1943/171/502
f  1923/142/467 1928/141/474 1940/174/495
f  1940/174/496 1928/141/473 1923/142/468
f  1930/144/475 1942/175/499 1926/125/471
f  1926/125/472 1942/175/500 1930/144/476
f  1922/146/464 1930/145/475 1933/176/484
f  1933/176/483 1930/145/476 1922/146/463
f  1933/144/422 1943/175/422 1927/125/422
f  1927/125/421 1943/175/421 1933/144/421
f  1944/177/421 1934/148/421 1928/130/421
f  1928/130/422 1934/148/422 1944/177/422
f  1914/151/463 1935/150/483 1934/178/483
f  1934/178/484 1935/150/484 1914/151/464
f  1945/179/503 1929/149/422 1931/135/477
f  1931/135/478 1929/149/421 1945/179/504
f  1945/179/503 1935/180/422 1929/149/422
f  1929/149/421 1935/180/421 1945/179/504
f  1934/181/485 1931/182/477 1930/183/475
f  1930/183/476 1931/182/478 1934/181/486
f  1936/155/487 1932/154/479 1946/184/505
f  1946/184/506 1932/154/480 1936/155/488
f  1938/161/491 1916/160/457 1936/185/487
f  1936/185/488 1916/160/458 1938/161/492
f  1937/158/489 1916/157/457 1939/186/493
f  1939/186/494 1916/157/458 1937/158/490
f  1947/187/507 1932/188/479 1937/189/489
f  1937/189/490 1932/188/480 1947/187/508
f  1948/190/509 1925/191/469 1938/192/491
f  1938/192/492 1925/191/470 1948/190/510
f  1939/164/493 1925/163/469 1949/193/511
f  1949/193/512 1925/163/470 1939/164/494
f  1940/166/495 1950/194/513 1932/137/479
f  1932/137/480 1950/194/514 1940/166/496
f  1925/191/469 1948/190/509 1941/195/497
f  1941/195/498 1948/190/510 1925/191/470
f  1941/196/497 1949/197/511 1925/198/469
f  1925/198/470 1949/197/512 1941/196/498
f  1931/135/477 1941/167/497 1930/144/475
f  1930/144/476 1941/167/498 1931/135/478
f  1928/169/481 1942/168/499 1944/199/515
f  1944/199/516 1942/168/500 1928/169/482
f  1926/172/471 1943/171/501 1942/200/499
f  1942/200/500 1943/171/502 1926/172/472
f  1944/201/502 1940/202/495 1928/203/474
f  1928/203/473 1940/202/496 1944/201/501
f  1930/144/475 1941/167/497 1942/175/499
f  1942/175/500 1941/167/498 1930/144/476
f  1931/204/477 1933/205/484 1930/206/475
f  1930/206/476 1933/205/483 1931/204/478
f  1933/144/422 1951/167/422 1943/175/422
f  1943/175/421 1951/167/421 1933/144/421
f  1948/207/421 1934/148/421 1944/177/421
f  1944/177/422 1934/148/422 1948/207/422
f  1935/208/483 1952/209/517 1934/210/483
f  1934/210/484 1952/209/518 1935/208/484
f  1952/211/519 1945/212/503 1931/213/477
f  1931/213/478 1945/212/504 1952/211/520
f  1945/214/503 1953/215/518 1931/216/477
f  1931/216/478 1953/215/517 1945/214/504
f  1945/179/503 1954/217/422 1935/180/422
f  1935/180/421 1954/217/421 1945/179/504
f  1931/182/477 1934/181/485 1952/218/519
f  1952/218/520 1934/181/486 1931/182/478
f  1950/219/513 1946/220/505 1932/221/479
f  1932/221/480 1946/220/506 1950/219/514
f  1946/222/490 1955/223/494 1936/224/494
f  1936/224/493 1955/223/493 1946/222/489
f  1946/225/421 1956/226/421 1936/227/421
f  1936/227/422 1956/226/422 1946/225/422
f  1936/228/494 1957/229/512 1938/230/512
f  1938/230/511 1957/229/511 1936/228/493
f  1936/227/421 1952/231/421 1938/232/421
f  1938/232/422 1952/231/422 1936/227/422
f  1958/179/422 1937/137/422 1939/73/422
f  1939/73/421 1937/137/421 1958/179/421
f  1932/188/479 1947/187/507 1950/233/513
f  1950/233/514 1947/187/508 1932/188/480
f  1959/234/422 1947/194/422 1937/137/422
f  1937/137/421 1947/194/421 1959/234/421
f  1957/235/512 1948/236/521 1938/237/512
f  1938/237/511 1948/236/522 1957/235/511
f  1938/232/421 1952/231/421 1948/207/421
f  1948/207/422 1952/231/422 1938/232/422
f  1953/135/422 1939/73/422 1949/117/422
f  1949/117/421 1939/73/421 1953/135/421
f  1960/238/422 1950/194/513 1940/166/495
f  1940/166/496 1950/194/514 1960/238/421
f  1944/239/515 1941/240/497 1948/241/509
f  1948/241/510 1941/240/498 1944/239/516
f  1949/197/511 1941/196/497 1951/242/522
f  1951/242/521 1941/196/498 1949/197/512
f  1941/240/497 1944/239/515 1942/243/499
f  1942/243/500 1944/239/516 1941/240/498
f  1951/244/522 1942/245/499 1943/246/501
f  1943/246/502 1942/245/500 1951/244/521
f  1940/202/495 1944/201/502 1960/247/502
f  1960/247/501 1944/201/501 1940/202/496
f  1942/245/499 1951/244/522 1941/248/497
f  1941/248/498 1951/244/521 1942/245/500
f  1933/205/484 1931/204/477 1953/249/518
f  1953/249/517 1931/204/478 1933/205/483
f  1953/135/422 1951/167/422 1933/144/422
f  1933/144/421 1951/167/421 1953/135/421
f  1948/207/421 1952/231/421 1934/148/421
f  1934/148/422 1952/231/422 1948/207/422
f  1961/250/521 1944/251/502 1948/252/521
f  1948/252/522 1944/251/501 1961/250/522
f  1952/209/517 1935/208/483 1954/253/517
f  1954/253/518 1935/208/484 1952/209/518
f  1945/212/503 1952/211/519 1956/254/523
f  1956/254/524 1952/211/520 1945/212/504
f  1953/215/518 1945/214/503 1958/255/525
f  1958/255/526 1945/214/504 1953/215/517
f  1962/256/527 1954/217/422 1945/179/503
f  1945/179/504 1954/217/421 1962/256/528
f  1946/220/505 1950/219/513 1963/257/529
f  1963/257/530 1950/219/514 1946/220/506
f  1955/223/494 1946/222/490 1964/258/490
f  1964/258/489 1946/222/489 1955/223/493
f  1957/229/512 1936/228/494 1955/259/494
f  1955/259/493 1936/228/493 1957/229/511
f  1946/225/421 1965/260/421 1956/226/421
f  1956/226/422 1965/260/422 1946/225/422
f  1936/227/421 1956/226/421 1952/231/421
f  1952/231/422 1956/226/422 1936/227/422
f  1958/179/422 1966/261/422 1937/137/422
f  1937/137/421 1966/261/421 1958/179/421
f  1958/179/422 1939/73/422 1953/135/422
f  1953/135/421 1939/73/421 1958/179/421
f  1967/262/531 1950/263/513 1947/264/507
f  1947/264/508 1950/263/514 1967/262/532
f  1968/265/422 1947/194/422 1959/234/422
f  1959/234/421 1947/194/421 1968/265/421
f  1959/234/422 1937/137/422 1969/266/422
f  1969/266/421 1937/137/421 1959/234/421
f  1948/236/521 1957/235/512 1961/267/521
f  1961/267/522 1957/235/511 1948/236/522
f  1953/135/422 1949/117/422 1951/167/422
f  1951/167/421 1949/117/421 1953/135/421
f  1961/268/422 1950/194/513 1960/238/422
f  1960/238/421 1950/194/514 1961/268/421
f  1944/251/502 1961/250/521 1960/269/502
f  1960/269/501 1961/250/522 1944/251/501
f  1970/270/526 1952/271/517 1954/272/517
f  1954/272/518 1952/271/518 1970/270/525
f  1952/271/517 1970/270/526 1956/273/526
f  1956/273/525 1970/270/525 1952/271/518
f  1956/274/523 1962/275/527 1945/276/503
f  1945/276/504 1962/275/528 1956/274/524
f  1962/277/527 1958/278/525 1945/279/503
f  1945/279/504 1958/278/526 1962/277/528
f  1962/256/527 1970/280/422 1954/217/422
f  1954/217/421 1970/280/421 1962/256/528
f  1971/281/533 1963/282/529 1950/283/513
f  1950/283/514 1963/282/530 1971/281/534
f  1963/284/421 1965/260/421 1946/225/421
f  1946/225/422 1965/260/422 1963/284/422
f  1963/285/508 1964/286/490 1946/287/490
f  1946/287/489 1964/286/489 1963/285/507
f  1964/288/422 1972/289/535 1955/290/422
f  1955/290/421 1972/289/536 1964/288/421
f  1955/290/422 1973/291/537 1957/292/422
f  1957/292/421 1973/291/538 1955/290/421
f  1970/293/526 1965/294/539 1956/295/526
f  1956/295/525 1965/294/540 1970/293/525
f  1962/275/527 1956/274/523 1965/296/541
f  1965/296/542 1956/274/524 1962/275/528
f  1958/179/422 1974/297/422 1966/261/422
f  1966/261/421 1974/297/421 1958/179/421
f  1975/298/422 1937/137/422 1966/261/422
f  1966/261/421 1937/137/421 1975/298/421
f  1950/263/513 1967/262/531 1971/299/533
f  1971/299/534 1967/262/532 1950/263/514
f  1976/300/422 1967/301/422 1947/194/422
f  1947/194/421 1967/301/421 1976/300/421
f  1976/300/422 1947/194/422 1968/265/422
f  1968/265/421 1947/194/421 1976/300/421
f  1959/302/425 1977/303/436 1968/304/436
f  1968/304/435 1977/303/435 1959/302/426
f  1969/266/422 1937/137/422 1975/298/422
f  1975/298/421 1937/137/421 1969/266/421
f  1969/305/424 1978/306/425 1959/307/425
f  1959/307/426 1978/306/426 1969/305/427
f  1957/292/422 1971/301/533 1961/268/422
f  1961/268/421 1971/301/534 1957/292/421
f  1961/268/422 1971/301/533 1950/194/513
f  1950/194/514 1971/301/534 1961/268/421
f  1958/278/525 1962/277/527 1979/308/540
f  1979/308/539 1962/277/528 1958/278/526
f  1980/309/543 1970/280/422 1962/256/527
f  1962/256/528 1970/280/421 1980/309/544
f  1963/282/529 1971/281/533 1981/310/545
f  1981/310/546 1971/281/534 1963/282/530
f  1981/311/421 1965/260/421 1963/284/421
f  1963/284/422 1965/260/422 1981/311/422
f  1964/286/490 1963/285/508 1982/312/508
f  1982/312/507 1963/285/507 1964/286/489
f  1964/288/422 1983/313/547 1972/289/535
f  1972/289/536 1983/313/548 1964/288/421
f  1955/290/422 1972/289/535 1984/314/549
f  1984/314/550 1972/289/536 1955/290/421
f  1955/290/422 1984/314/549 1973/291/537
f  1973/291/538 1984/314/550 1955/290/421
f  1957/292/422 1973/291/537 1971/301/533
f  1971/301/534 1973/291/538 1957/292/421
f  1965/294/539 1970/293/526 1985/315/539
f  1985/315/540 1970/293/525 1965/294/540
f  1965/316/541 1980/317/543 1962/318/527
f  1962/318/528 1980/317/544 1965/316/542
f  1958/179/422 1986/319/422 1974/297/422
f  1974/297/421 1986/319/421 1958/179/421
f  1974/320/450 1987/321/551 1966/322/551
f  1966/322/552 1987/321/552 1974/320/451
f  1966/323/553 1988/324/439 1975/325/439
f  1975/325/440 1988/324/440 1966/323/554
f  1989/326/555 1971/327/533 1967/328/531
f  1967/328/532 1971/327/534 1989/326/556
f  1990/329/422 1967/301/422 1976/300/422
f  1976/300/421 1967/301/421 1990/329/421
f  1968/330/436 1991/331/448 1976/332/448
f  1976/332/447 1991/331/447 1968/330/435
f  1977/303/436 1959/302/425 1978/333/425
f  1978/333/426 1959/302/426 1977/303/435
f  1991/331/448 1968/330/436 1977/334/436
f  1977/334/435 1968/330/435 1991/331/447
f  1975/335/439 1992/336/424 1969/337/424
f  1969/337/427 1992/336/427 1975/335/440
f  1978/306/425 1969/305/424 1992/338/424
f  1992/338/427 1969/305/427 1978/306/426
f  1962/339/527 1993/340/557 1979/341/540
f  1979/341/539 1993/340/558 1962/339/528
f  1979/256/422 1994/342/422 1958/179/422
f  1958/179/421 1994/342/421 1979/256/421
f  1980/309/543 1985/343/422 1970/280/422
f  1970/280/421 1985/343/421 1980/309/544
f  1993/340/557 1962/339/527 1980/344/543
f  1980/344/544 1962/339/528 1993/340/558
f  1973/345/537 1981/346/545 1971/347/533
f  1971/347/534 1981/346/546 1973/345/538
f  1981/348/532 1982/349/508 1963/350/508
f  1963/350/507 1982/349/507 1981/348/531
f  1995/351/421 1965/260/421 1981/311/421
f  1981/311/422 1965/260/422 1995/351/422
f  1982/352/422 1983/313/547 1964/288/422
f  1964/288/421 1983/313/548 1982/352/421
f  1983/353/547 1996/354/559 1972/355/535
f  1972/355/536 1996/354/560 1983/353/548
f  1972/356/535 1997/357/561 1983/358/547
f  1983/358/548 1997/357/562 1972/356/536
f  1972/359/535 1998/360/563 1984/361/549
f  1984/361/550 1998/360/564 1972/359/536
f  1984/362/549 1999/363/565 1972/364/535
f  1972/364/536 1999/363/566 1984/362/550
f  1984/365/549 1995/366/567 1973/367/537
f  1973/367/538 1995/366/568 1984/365/550
f  1973/368/537 2000/369/569 1984/370/549
f  1984/370/550 2000/369/570 1973/368/538
f  1971/327/533 1989/326/555 1973/371/537
f  1973/371/538 1989/326/556 1971/327/534
f  1985/372/539 2001/373/558 1965/374/539
f  1965/374/540 2001/373/557 1985/372/540
f  1980/317/543 1965/316/541 2001/375/571
f  2001/375/572 1965/316/542 1980/317/544
f  1958/179/422 1994/342/422 1986/319/422
f  1986/319/421 1994/342/421 1958/179/421
f  1986/376/463 2002/377/450 1974/378/450
f  1974/378/451 2002/377/451 1986/376/464
f  1987/321/551 1974/320/450 2002/379/450
f  2002/379/451 1974/320/451 1987/321/552
f  1988/324/439 1966/323/553 1987/380/553
f  1987/380/554 1966/323/554 1988/324/440
f  1992/336/424 1975/335/439 1988/381/439
f  1988/381/440 1975/335/440 1992/336/427
f  2003/382/422 1989/291/422 1967/301/422
f  1967/301/421 1989/291/421 2003/382/421
f  2003/382/422 1967/301/422 1990/329/422
f  1990/329/421 1967/301/421 2003/382/421
f  1976/383/448 2004/384/474 1990/385/474
f  1990/385/473 2004/384/473 1976/383/447
f  2004/384/474 1976/383/448 1991/386/448
f  1991/386/447 1976/383/447 2004/384/473
f  2005/319/422 1977/265/422 1978/234/422
f  1978/234/421 1977/265/421 2005/319/421
f  2005/319/422 1991/300/422 1977/265/422
f  1977/265/421 1991/300/421 2005/319/421
f  2002/297/422 1978/234/422 1992/266/422
f  1992/266/421 1978/234/421 2002/297/421
f  1993/309/422 2006/387/422 1979/256/422
f  1979/256/421 2006/387/421 1993/309/421
f  1979/256/422 2007/388/422 1994/342/422
f  1994/342/421 2007/388/421 1979/256/421
f  1980/309/543 2008/389/422 1985/343/422
f  1985/343/421 2008/389/421 1980/309/544
f  1980/390/543 2009/391/573 1993/392/557
f  1993/392/558 2009/391/574 1980/390/544
f  1981/346/545 1973/345/537 1995/393/567
f  1995/393/568 1973/345/538 1981/346/546
f  1982/349/508 1981/348/532 2010/394/532
f  2010/394/531 1981/348/531 1982/349/507
f  1995/351/421 2001/395/421 1965/260/421
f  1965/260/422 2001/395/422 1995/351/422
f  2011/396/556 1981/397/532 1995/398/556
f  1995/398/555 1981/397/531 2011/396/555
f  1982/352/422 2012/399/575 1983/313/547
f  1983/313/548 2012/399/576 1982/352/421
f  1996/354/559 1983/353/547 2013/400/577
f  2013/400/578 1983/353/548 1996/354/560
f  1998/360/563 1972/359/535 1996/401/559
f  1996/401/560 1972/359/536 1998/360/564
f  1997/357/561 1972/356/535 1999/402/565
f  1999/402/566 1972/356/536 1997/357/562
f  2014/403/579 1983/404/547 1997/405/561
f  1997/405/562 1983/404/548 2014/403/580
f  1995/366/567 1984/365/549 1998/406/563
f  1998/406/564 1984/365/550 1995/366/568
f  1999/363/565 1984/362/549 2000/407/569
f  2000/407/570 1984/362/550 1999/363/566
f  2000/369/569 1973/368/537 1989/408/555
f  1989/408/556 1973/368/538 2000/369/570
f  2001/373/558 1985/372/539 2008/409/558
f  2008/409/557 1985/372/540 2001/373/557
f  2001/410/571 2015/411/581 1980/412/543
f  1980/412/544 2015/411/582 2001/410/572
f  1994/413/483 2005/414/463 1986/415/463
f  1986/415/464 2005/414/464 1994/413/484
f  2002/377/450 1986/376/463 2005/416/463
f  2005/416/464 1986/376/464 2002/377/451
f  2002/297/422 1992/266/422 1987/261/422
f  1987/261/421 1992/266/421 2002/297/421
f  1987/261/422 1992/266/422 1988/298/422
f  1988/298/421 1992/266/421 1987/261/421
f  2016/417/422 1989/291/422 2003/382/422
f  2003/382/421 1989/291/421 2016/417/421
f  1990/418/474 2017/419/502 2003/420/502
f  2003/420/501 2017/419/501 1990/418/473
f  2017/419/502 1990/418/474 2004/421/474
f  2004/421/473 1990/418/473 2017/419/501
f  2018/342/422 2004/329/422 1991/300/422
f  1991/300/421 2004/329/421 2018/342/421
f  2005/319/422 1978/234/422 2002/297/422
f  2002/297/421 1978/234/421 2005/319/421
f  2018/342/422 1991/300/422 2005/319/422
f  2005/319/421 1991/300/421 2018/342/421
f  1993/309/422 2019/422/422 2006/387/422
f  2006/387/421 2019/422/421 1993/309/421
f  1979/256/422 2006/387/422 2007/388/422
f  2007/388/421 2006/387/421 1979/256/421
f  2007/423/517 2018/424/483 1994/425/483
f  1994/425/484 2018/424/484 2007/423/518
f  2015/426/581 2008/389/422 1980/309/543
f  1980/309/544 2008/389/421 2015/426/582
f  2009/391/573 1980/390/543 2015/427/581
f  2015/427/582 1980/390/544 2009/391/574
f  2009/426/422 2019/422/422 1993/309/422
f  1993/309/421 2019/422/421 2009/426/421
f  1981/397/532 2011/396/556 2010/428/532
f  2010/428/531 2011/396/555 1981/397/531
f  2010/429/422 2020/430/583 1982/352/422
f  1982/352/421 2020/430/584 2010/429/421
f  1998/431/421 2001/395/421 1995/351/421
f  1995/351/422 2001/395/422 1998/431/422
f  1995/432/556 2021/433/570 2011/434/556
f  2011/434/555 2021/433/569 1995/432/555
f  1982/352/422 2020/430/583 2012/399/575
f  2012/399/576 2020/430/584 1982/352/421
f  2012/435/575 2013/436/577 1983/437/547
f  1983/437/548 2013/436/578 2012/435/576
f  1983/404/547 2014/403/579 2012/438/575
f  2012/438/576 2014/403/580 1983/404/548
f  2022/439/562 1996/440/566 2013/441/562
f  2013/441/561 1996/440/565 2022/439/561
f  2013/442/421 2001/395/421 1996/443/421
f  1996/443/422 2001/395/422 2013/442/422
f  1996/444/566 2021/445/570 1998/446/570
f  1998/446/569 2021/445/569 1996/444/565
f  1996/443/421 2001/395/421 1998/431/421
f  1998/431/422 2001/395/422 1996/443/422
f  2023/447/422 1997/313/422 1999/289/422
f  1999/289/421 1997/313/421 2023/447/421
f  2023/447/422 2014/399/422 1997/313/422
f  1997/313/421 2014/399/421 2023/447/421
f  2021/433/570 1995/432/556 1998/448/570
f  1998/448/569 1995/432/555 2021/433/569
f  2024/449/422 1999/289/422 2000/314/422
f  2000/314/421 1999/289/421 2024/449/421
f  2016/417/422 2000/314/422 1989/291/422
f  1989/291/421 2000/314/421 2016/417/421
f  2008/450/558 2025/451/574 2001/452/558
f  2001/452/557 2025/451/573 2008/450/557
f  2015/411/581 2001/410/571 2025/453/585
f  2025/453/586 2001/410/572 2015/411/582
f  2005/414/463 1994/413/483 2018/454/483
f  2018/454/484 1994/413/484 2005/414/464
f  2003/455/502 2026/456/521 2016/457/521
f  2016/457/522 2026/456/522 2003/455/501
f  2026/456/521 2003/455/502 2017/458/502
f  2017/458/501 2003/455/501 2026/456/522
f  2018/342/422 2017/382/422 2004/329/422
f  2004/329/421 2017/382/421 2018/342/421
f  2019/459/539 2027/460/526 2006/461/526
f  2006/461/525 2027/460/525 2019/459/540
f  2006/462/526 2028/463/517 2007/464/517
f  2007/464/518 2028/463/518 2006/462/525
f  2018/424/483 2007/423/517 2028/465/517
f  2028/465/518 2007/423/518 2018/424/484
f  2015/426/581 2029/466/422 2008/389/422
f  2008/389/421 2029/466/421 2015/426/582
f  2015/467/581 2030/468/587 2009/469/573
f  2009/469/574 2030/468/588 2015/467/582
f  2009/426/422 2031/470/422 2019/422/422
f  2019/422/421 2031/470/421 2009/426/421
f  2011/471/422 2032/472/589 2010/429/422
f  2010/429/421 2032/472/590 2011/471/421
f  2010/429/422 2033/473/591 2020/430/583
f  2020/430/584 2033/473/592 2010/429/421
f  2021/474/422 2034/475/593 2011/471/422
f  2011/471/421 2034/475/594 2021/474/421
f  2020/476/583 2035/477/595 2012/478/575
f  2012/478/576 2035/477/596 2020/476/584
f  2012/479/575 2036/480/597 2020/481/583
f  2020/481/584 2036/480/598 2012/479/576
f  2013/436/577 2012/435/575 2035/482/595
f  2035/482/596 2012/435/576 2013/436/578
f  2036/480/597 2012/479/575 2014/483/579
f  2014/483/580 2012/479/576 2036/480/598
f  1996/440/566 2022/439/562 2037/484/566
f  2037/484/565 2022/439/561 1996/440/565
f  2035/485/580 2022/486/562 2013/487/562
f  2013/487/561 2022/486/561 2035/485/579
f  2013/442/421 2025/488/421 2001/395/421
f  2001/395/422 2025/488/422 2013/442/422
f  2021/445/570 1996/444/566 2037/489/566
f  2037/489/565 1996/444/565 2021/445/569
f  2023/447/422 1999/289/422 2024/449/422
f  2024/449/421 1999/289/421 2023/447/421
f  2038/490/422 2014/399/422 2023/447/422
f  2023/447/421 2014/399/421 2038/490/421
f  2024/449/422 2000/314/422 2016/417/422
f  2016/417/421 2000/314/421 2024/449/421
f  2025/451/574 2008/450/558 2029/491/574
f  2029/491/573 2008/450/557 2025/451/573
f  2025/492/585 2039/493/599 2015/494/581
f  2015/494/582 2039/493/600 2025/492/586
f  2040/495/512 2016/496/521 2026/497/521
f  2026/497/522 2016/496/522 2040/495/511
f  2028/388/422 2026/417/422 2017/382/422
f  2017/382/421 2026/417/421 2028/388/421
f  2028/388/422 2017/382/422 2018/342/422
f  2018/342/421 2017/382/421 2028/388/421
f  2027/460/526 2019/459/539 2041/498/539
f  2041/498/540 2019/459/540 2027/460/525
f  2028/463/517 2006/462/526 2027/499/526
f  2027/499/525 2006/462/525 2028/463/518
f  2039/500/599 2029/466/422 2015/426/581
f  2015/426/582 2029/466/421 2039/500/600
f  2030/468/587 2015/467/581 2039/501/599
f  2039/501/600 2015/467/582 2030/468/588
f  2030/500/422 2042/502/422 2009/426/422
f  2009/426/421 2042/502/421 2030/500/421
f  2009/426/422 2042/502/422 2031/470/422
f  2031/470/421 2042/502/421 2009/426/421
f  2043/503/558 2019/504/539 2031/505/558
f  2031/505/557 2019/504/540 2043/503/557
f  2011/471/422 2044/506/601 2032/472/589
f  2032/472/590 2044/506/602 2011/471/421
f  2010/429/422 2032/472/589 2033/473/591
f  2033/473/592 2032/472/590 2010/429/421
f  2033/507/591 2045/508/603 2020/509/583
f  2020/509/584 2045/508/604 2033/507/592
f  2020/510/583 2046/511/605 2033/512/591
f  2033/512/592 2046/511/606 2020/510/584
f  2037/513/422 2034/475/593 2021/474/422
f  2021/474/421 2034/475/594 2037/513/421
f  2011/471/422 2034/475/593 2047/514/607
f  2047/514/608 2034/475/594 2011/471/421
f  2035/477/595 2020/476/583 2045/515/603
f  2045/515/604 2020/476/584 2035/477/596
f  2046/511/605 2020/510/583 2036/516/597
f  2036/516/598 2020/510/584 2046/511/606
f  2035/517/421 2025/488/421 2013/442/421
f  2013/442/422 2025/488/422 2035/517/422
f  2038/490/422 2036/430/422 2014/399/422
f  2014/399/421 2036/430/421 2038/490/421
f  2022/518/422 2034/475/593 2037/513/422
f  2037/513/421 2034/475/594 2022/518/421
f  2022/486/562 2035/485/580 2048/519/580
f  2048/519/579 2035/485/579 2022/486/561
f  2024/520/512 2049/521/494 2023/522/494
f  2023/522/493 2049/521/493 2024/520/511
f  2023/523/494 2050/524/490 2038/525/490
f  2038/525/489 2050/524/489 2023/523/493
f  2016/496/521 2040/495/512 2024/526/512
f  2024/526/511 2040/495/511 2016/496/522
f  2029/527/574 2051/528/588 2025/529/574
f  2025/529/573 2051/528/587 2029/527/573
f  2039/493/599 2025/492/585 2051/530/609
f  2051/530/610 2025/492/586 2039/493/600
f  2028/388/422 2040/449/422 2026/417/422
f  2026/417/421 2040/449/421 2028/388/421
f  2019/504/539 2043/503/558 2041/531/539
f  2041/531/540 2043/503/557 2019/504/540
f  2041/422/422 2050/490/422 2027/387/422
f  2027/387/421 2050/490/421 2041/422/421
f  2027/387/422 2040/449/422 2028/388/422
f  2028/388/421 2040/449/421 2027/387/421
f  2039/500/599 2052/532/422 2029/466/422
f  2029/466/421 2052/532/421 2039/500/600
f  2039/533/599 2053/534/611 2030/535/587
f  2030/535/588 2053/534/612 2039/533/600
f  2030/500/422 2054/536/422 2042/502/422
f  2042/502/421 2054/536/421 2030/500/421
f  2055/537/574 2031/538/558 2042/539/574
f  2042/539/573 2031/538/557 2055/537/573
f  2031/538/558 2055/537/574 2043/540/558
f  2043/540/557 2055/537/573 2031/538/557
f  2011/471/422 2047/514/607 2044/506/601
f  2044/506/602 2047/514/608 2011/471/421
f  2032/541/589 2056/542/613 2044/543/601
f  2044/543/602 2056/542/614 2032/541/590
f  2044/544/601 2057/545/615 2032/546/589
f  2032/546/590 2057/545/616 2044/544/602
f  2032/547/589 2058/548/617 2033/549/591
f  2033/549/592 2058/548/618 2032/547/590
f  2033/550/591 2059/551/619 2032/552/589
f  2032/552/590 2059/551/620 2033/550/592
f  2045/508/603 2033/507/591 2058/553/617
f  2058/553/618 2033/507/592 2045/508/604
f  2059/551/619 2033/550/591 2046/554/605
f  2046/554/606 2033/550/592 2059/551/620
f  2047/555/607 2060/556/621 2034/557/593
f  2034/557/594 2060/556/622 2047/555/608
f  2034/558/593 2061/559/623 2047/560/607
f  2047/560/608 2061/559/624 2034/558/594
f  2062/561/598 2035/562/580 2045/563/598
f  2045/563/597 2035/562/579 2062/561/597
f  2045/564/421 2025/488/421 2035/517/421
f  2035/517/422 2025/488/422 2045/564/422
f  2038/490/422 2046/473/422 2036/430/422
f  2036/430/421 2046/473/421 2038/490/421
f  2048/565/422 2034/475/593 2022/518/422
f  2022/518/421 2034/475/594 2048/565/421
f  2035/562/580 2062/561/598 2048/566/580
f  2048/566/579 2062/561/597 2035/562/579
f  2049/521/494 2024/520/512 2040/567/512
f  2040/567/511 2024/520/511 2049/521/493
f  2050/524/490 2023/523/494 2049/568/494
f  2049/568/493 2023/523/493 2050/524/489
f  2063/569/625 2038/570/490 2050/571/490
f  2050/571/489 2038/570/489 2063/569/626
f  2051/528/588 2029/527/574 2052/572/588
f  2052/572/587 2029/527/573 2051/528/587
f  2064/573/421 2051/574/421 2025/488/421
f  2025/488/422 2051/574/422 2064/573/422
f  2051/575/609 2065/576/627 2039/577/599
f  2039/577/600 2065/576/628 2051/575/610
f  2043/470/422 2066/578/422 2041/422/422
f  2041/422/421 2066/578/421 2043/470/421
f  2041/422/422 2063/579/422 2050/490/422
f  2050/490/421 2063/579/421 2041/422/421
f  2027/387/422 2050/490/422 2049/447/422
f  2049/447/421 2050/490/421 2027/387/421
f  2027/387/422 2049/447/422 2040/449/422
f  2040/449/421 2049/447/421 2027/387/421
f  2065/580/627 2052/532/422 2039/500/599
f  2039/500/600 2052/532/421 2065/580/628
f  2053/534/611 2039/533/599 2065/581/627
f  2065/581/628 2039/533/600 2053/534/612
f  2053/580/422 2054/536/422 2030/500/422
f  2030/500/421 2054/536/421 2053/580/421
f  2067/582/588 2042/583/574 2054/584/588
f  2054/584/587 2042/583/573 2067/582/587
f  2042/583/574 2067/582/588 2055/585/574
f  2055/585/573 2067/582/587 2042/583/573
f  2055/502/422 2068/586/422 2043/470/422
f  2043/470/421 2068/586/421 2055/502/421
f  2047/587/607 2069/588/629 2044/589/601
f  2044/589/602 2069/588/630 2047/587/608
f  2044/590/601 2070/591/631 2047/592/607
f  2047/592/608 2070/591/632 2044/590/602
f  2056/542/613 2032/541/589 2059/593/619
f  2059/593/620 2032/541/590 2056/542/614
f  2070/591/631 2044/590/601 2056/594/613
f  2056/594/614 2044/590/602 2070/591/632
f  2057/545/615 2044/544/601 2069/595/629
f  2069/595/630 2044/544/602 2057/545/616
f  2058/548/617 2032/547/589 2057/596/615
f  2057/596/616 2032/547/590 2058/548/618
f  2071/597/606 2045/598/598 2058/599/606
f  2058/599/605 2045/598/597 2071/597/605
f  2058/600/421 2025/488/421 2045/564/421
f  2045/564/422 2025/488/422 2058/600/422
f  2072/579/422 2059/472/422 2046/473/422
f  2046/473/421 2059/472/421 2072/579/421
f  2060/556/621 2047/555/607 2070/601/631
f  2070/601/632 2047/555/608 2060/556/622
f  2061/559/623 2034/558/593 2064/602/633
f  2064/602/634 2034/558/594 2061/559/624
f  2069/588/629 2047/587/607 2061/603/623
f  2061/603/624 2047/587/608 2069/588/630
f  2045/598/598 2071/597/606 2062/604/598
f  2062/604/597 2071/597/605 2045/598/597
f  2072/579/422 2046/473/422 2038/490/422
f  2038/490/421 2046/473/421 2072/579/421
f  2062/605/422 2034/475/593 2048/565/422
f  2048/565/421 2034/475/594 2062/605/421
f  2038/570/490 2063/569/625 2072/606/625
f  2072/606/626 2063/569/626 2038/570/489
f  2052/607/588 2073/608/612 2051/609/588
f  2051/609/587 2073/608/611 2052/607/587
f  2064/573/421 2073/610/421 2051/574/421
f  2051/574/422 2073/610/422 2064/573/422
f  2064/573/421 2025/488/421 2061/611/421
f  2061/611/422 2025/488/422 2064/573/422
f  2065/576/627 2051/575/609 2073/612/635
f  2073/612/636 2051/575/610 2065/576/628
f  2043/470/422 2074/613/422 2066/578/422
f  2066/578/421 2074/613/421 2043/470/421
f  2041/422/422 2066/578/422 2063/579/422
f  2063/579/421 2066/578/421 2041/422/421
f  2065/580/627 2075/614/422 2052/532/422
f  2052/532/421 2075/614/421 2065/580/628
f  2065/615/627 2076/616/637 2053/617/611
f  2053/617/612 2076/616/638 2065/615/628
f  2053/580/422 2077/618/422 2054/536/422
f  2054/536/421 2077/618/421 2053/580/421
f  2054/619/588 2078/620/612 2067/621/588
f  2067/621/587 2078/620/611 2054/619/587
f  2067/536/422 2079/622/422 2055/502/422
f  2055/502/421 2079/622/421 2067/536/421
f  2055/502/422 2080/623/422 2068/586/422
f  2068/586/421 2080/623/421 2055/502/421
f  2043/470/422 2068/586/422 2081/624/422
f  2081/624/421 2068/586/421 2043/470/421
f  2072/579/422 2056/506/422 2059/472/422
f  2059/472/421 2056/506/421 2072/579/421
f  2072/579/422 2070/514/422 2056/506/422
f  2056/506/421 2070/514/421 2072/579/421
f  2069/625/614 2082/626/620 2057/627/620
f  2057/627/619 2082/626/619 2069/625/613
f  2069/628/421 2025/488/421 2057/629/421
f  2057/629/422 2025/488/422 2069/628/422
f  2082/630/620 2058/631/606 2057/632/620
f  2057/632/619 2058/631/605 2082/630/619
f  2057/629/421 2025/488/421 2058/600/421
f  2058/600/422 2025/488/422 2057/629/422
f  2058/631/606 2082/630/620 2071/633/606
f  2071/633/605 2082/630/619 2058/631/605
f  2072/579/422 2060/475/422 2070/514/422
f  2070/514/421 2060/475/421 2072/579/421
f  2064/634/639 2034/635/639 2083/636/639
f  2083/636/640 2034/635/640 2064/634/640
f  2083/637/622 2061/638/632 2064/639/622
f  2064/639/621 2061/638/631 2083/637/621
f  2061/611/421 2025/488/421 2069/628/421
f  2069/628/422 2025/488/422 2061/611/422
f  2084/640/632 2069/641/614 2061/642/632
f  2061/642/631 2069/641/613 2084/640/631
f  2071/643/422 2034/475/593 2062/605/422
f  2062/605/421 2034/475/594 2071/643/421
f  2066/644/532 2072/645/641 2063/646/641
f  2063/646/642 2072/645/642 2066/644/531
f  2073/608/612 2052/607/588 2075/647/612
f  2075/647/611 2052/607/587 2073/608/611
f  2064/573/421 2085/648/421 2073/610/421
f  2073/610/422 2085/648/422 2064/573/422
f  2073/649/635 2086/650/643 2065/651/627
f  2065/651/628 2086/650/644 2073/649/636
f  2043/470/422 2081/624/422 2074/613/422
f  2074/613/421 2081/624/421 2043/470/421
f  2074/652/556 2087/653/532 2066/654/532
f  2066/654/531 2087/653/531 2074/652/555
f  2086/655/643 2075/614/422 2065/580/627
f  2065/580/628 2075/614/421 2086/655/644
f  2076/616/637 2065/615/627 2086/656/643
f  2086/656/644 2065/615/628 2076/616/638
f  2076/655/422 2077/618/422 2053/580/422
f  2053/580/421 2077/618/421 2076/655/421
f  2078/620/612 2054/619/588 2077/657/612
f  2077/657/611 2054/619/587 2078/620/611
f  2078/618/422 2088/658/422 2067/536/422
f  2067/536/421 2088/658/421 2078/618/421
f  2067/536/422 2089/659/422 2079/622/422
f  2079/622/421 2089/659/421 2067/536/421
f  2055/502/422 2079/622/422 2090/660/422
f  2090/660/421 2079/622/421 2055/502/421
f  2055/502/422 2091/661/422 2080/623/422
f  2080/623/421 2091/661/421 2055/502/421
f  2080/662/562 2092/663/566 2068/664/566
f  2068/664/565 2092/663/565 2080/662/561
f  2068/665/566 2093/666/570 2081/667/570
f  2081/667/569 2093/666/569 2068/665/565
f  2082/626/620 2069/625/614 2094/668/614
f  2094/668/613 2069/625/613 2082/626/619
f  2082/669/422 2034/475/593 2071/643/422
f  2071/643/421 2034/475/594 2082/669/421
f  2087/578/422 2060/475/422 2072/579/422
f  2072/579/421 2060/475/421 2087/578/421
f  2034/475/593 2084/670/422 2083/671/422
f  2083/671/421 2084/670/421 2034/475/594
f  2061/638/632 2083/637/622 2084/672/632
f  2084/672/631 2083/637/621 2061/638/631
f  2069/641/614 2084/640/632 2094/673/614
f  2094/673/613 2084/640/631 2069/641/613
f  2072/645/641 2066/644/532 2087/674/532
f  2087/674/531 2066/644/531 2072/645/642
f  2075/675/612 2085/676/645 2073/677/612
f  2073/677/611 2085/676/646 2075/675/611
f  2064/573/421 2095/678/421 2085/648/421
f  2085/648/422 2095/678/422 2064/573/422
f  2086/650/643 2073/649/635 2085/679/647
f  2085/679/648 2073/649/636 2086/650/644
f  2081/680/570 2096/681/556 2074/682/556
f  2074/682/555 2096/681/555 2081/680/569
f  2087/653/532 2074/652/556 2096/683/556
f  2096/683/555 2074/652/555 2087/653/531
f  2086/655/643 2097/684/422 2075/614/422
f  2075/614/421 2097/684/421 2086/655/644
f  2086/685/643 2098/686/649 2076/687/637
f  2076/687/638 2098/686/650 2086/685/644
f  2076/655/422 2099/688/422 2077/618/422
f  2077/618/421 2099/688/421 2076/655/421
f  2077/689/612 2100/690/638 2078/691/612
f  2078/691/611 2100/690/637 2077/689/611
f  2100/688/422 2088/658/422 2078/618/422
f  2078/618/421 2088/658/421 2100/688/421
f  2067/536/422 2088/658/422 2089/659/422
f  2089/659/421 2088/658/421 2067/536/421
f  2089/692/651 2101/693/620 2079/694/620
f  2079/694/619 2101/693/619 2089/692/652
f  2079/695/620 2102/696/606 2090/697/606
f  2090/697/605 2102/696/605 2079/695/619
f  2055/502/422 2090/660/422 2103/698/422
f  2103/698/421 2090/660/421 2055/502/421
f  2055/502/422 2103/698/422 2091/661/422
f  2091/661/421 2103/698/421 2055/502/421
f  2091/699/580 2104/700/562 2080/701/562
f  2080/701/561 2104/700/561 2091/699/579
f  2092/663/566 2080/662/562 2104/702/562
f  2104/702/561 2080/662/561 2092/663/565
f  2093/666/570 2068/665/566 2092/703/566
f  2092/703/565 2068/665/565 2093/666/569
f  2096/681/556 2081/680/570 2093/704/570
f  2093/704/569 2081/680/569 2096/681/555
f  2094/705/422 2034/475/593 2082/669/422
f  2082/669/421 2034/475/594 2094/705/421
f  2096/613/422 2060/475/422 2087/578/422
f  2087/578/421 2060/475/421 2096/613/421
f  2084/670/422 2034/475/593 2094/705/422
f  2094/705/421 2034/475/594 2084/670/421
f  2085/676/645 2075/675/612 2097/706/645
f  2097/706/646 2075/675/611 2085/676/646
f  2064/573/421 2105/707/421 2095/678/421
f  2095/678/422 2105/707/422 2064/573/422
f  2095/708/653 2086/709/643 2085/710/647
f  2085/710/648 2086/709/644 2095/708/654
f  2097/711/645 2095/712/655 2085/713/645
f  2085/713/646 2095/712/656 2097/711/646
f  2106/714/657 2097/684/422 2086/655/643
f  2086/655/644 2097/684/421 2106/714/658
f  2098/686/649 2086/685/643 2106/715/657
f  2106/715/658 2086/685/644 2098/686/650
f  2098/714/422 2099/688/422 2076/655/422
f  2076/655/421 2099/688/421 2098/714/421
f  2100/690/638 2077/689/612 2099/716/638
f  2099/716/637 2077/689/611 2100/690/637
f  2107/717/422 2088/658/422 2100/688/422
f  2100/688/421 2088/658/421 2107/717/421
f  2088/718/659 2108/719/651 2089/720/651
f  2089/720/652 2108/719/652 2088/718/660
f  2101/693/620 2089/692/651 2108/721/651
f  2108/721/652 2089/692/652 2101/693/619
f  2102/696/606 2079/695/620 2101/722/620
f  2101/722/619 2079/695/619 2102/696/605
f  2109/723/598 2090/724/606 2102/725/606
f  2102/725/605 2090/724/605 2109/723/597
f  2090/724/606 2109/723/598 2103/726/598
f  2103/726/597 2109/723/597 2090/724/605
f  2103/727/598 2110/728/580 2091/729/580
f  2091/729/579 2110/728/579 2103/727/597
f  2104/700/562 2091/699/580 2110/730/580
f  2110/730/579 2091/699/579 2104/700/561
f  2104/623/422 2060/475/422 2092/586/422
f  2092/586/421 2060/475/421 2104/623/421
f  2092/586/422 2060/475/422 2093/624/422
f  2093/624/421 2060/475/421 2092/586/421
f  2093/624/422 2060/475/422 2096/613/422
f  2096/613/421 2060/475/421 2093/624/421
f  2064/573/421 2111/731/421 2105/707/421
f  2105/707/422 2111/731/422 2064/573/422
f  2112/732/661 2095/733/662 2105/734/662
f  2105/734/663 2095/733/663 2112/732/664
f  2105/735/665 2106/736/657 2095/737/653
f  2095/737/654 2106/736/658 2105/735/666
f  2086/709/643 2095/708/653 2106/738/657
f  2106/738/658 2095/708/654 2086/709/644
f  2095/712/655 2097/711/645 2113/739/655
f  2113/739/656 2097/711/646 2095/712/656
f  2097/684/422 2106/714/657 2113/740/667
f  2113/740/668 2106/714/658 2097/684/421
f  2106/741/657 2114/742/669 2098/743/649
f  2098/743/650 2114/742/670 2106/741/658
f  2098/714/422 2115/717/422 2099/688/422
f  2099/688/421 2115/717/421 2098/714/421
f  2099/744/638 2107/745/671 2100/746/638
f  2100/746/637 2107/745/672 2099/744/637
f  2116/747/422 2088/658/422 2107/717/422
f  2107/717/421 2088/658/421 2116/747/421
f  2108/719/651 2088/718/659 2117/748/659
f  2117/748/660 2088/718/660 2108/719/652
f  2108/659/422 2060/475/422 2101/622/422
f  2101/622/421 2060/475/421 2108/659/421
f  2101/622/422 2060/475/422 2102/660/422
f  2102/660/421 2060/475/421 2101/622/421
f  2102/660/422 2060/475/422 2109/698/422
f  2109/698/421 2060/475/421 2102/660/421
f  2110/728/580 2103/727/598 2109/749/598
f  2109/749/597 2103/727/597 2110/728/579
f  2110/661/422 2060/475/422 2104/623/422
f  2104/623/421 2060/475/421 2110/661/421
f  2064/573/421 2118/750/421 2111/731/421
f  2111/731/422 2118/750/422 2064/573/422
f  2112/732/661 2105/734/662 2111/751/662
f  2111/751/663 2105/734/663 2112/732/664
f  2111/752/665 2106/736/657 2105/735/665
f  2105/735/666 2106/736/658 2111/752/666
f  2119/753/661 2095/733/662 2112/732/661
f  2112/732/664 2095/733/663 2119/753/664
f  2113/754/667 2106/755/657 2095/756/653
f  2095/756/654 2106/755/658 2113/754/668
f  2095/733/662 2120/757/662 2113/758/662
f  2113/758/663 2120/757/663 2095/733/663
f  2114/742/669 2106/741/657 2121/759/673
f  2121/759/674 2106/741/658 2114/742/670
f  2114/760/422 2115/717/422 2098/714/422
f  2098/714/421 2115/717/421 2114/760/421
f  2107/745/671 2099/744/638 2115/761/671
f  2115/761/672 2099/744/637 2107/745/672
f  2116/747/422 2122/762/422 2088/658/422
f  2088/658/421 2122/762/421 2116/747/421
f  2115/763/670 2116/764/670 2107/765/670
f  2107/765/669 2116/764/669 2115/763/669
f  2088/766/669 2123/742/669 2117/767/669
f  2117/767/670 2123/742/670 2088/766/670
f  2117/658/422 2060/475/422 2108/659/422
f  2108/659/421 2060/475/421 2117/658/421
f  2109/698/422 2060/475/422 2110/661/422
f  2110/661/421 2060/475/421 2109/698/421
f  2064/573/421 2112/768/421 2118/750/421
f  2118/750/422 2112/768/422 2064/573/422
f  2112/732/661 2111/751/662 2118/769/662
f  2118/769/663 2111/751/663 2112/732/664
f  2118/770/665 2106/736/657 2111/752/665
f  2111/752/666 2106/736/658 2118/770/666
f  2124/771/662 2095/733/662 2119/753/661
f  2119/753/664 2095/733/663 2124/771/663
f  2112/772/661 2125/773/675 2119/774/661
f  2119/774/664 2125/773/676 2112/772/664
f  2120/757/662 2095/733/662 2124/771/662
f  2124/771/663 2095/733/663 2120/757/663
f  2118/770/665 2121/775/673 2106/736/657
f  2106/736/658 2121/775/674 2118/770/666
f  2121/759/673 2126/776/677 2114/742/669
f  2114/742/670 2126/776/678 2121/759/674
f  2114/760/422 2127/747/422 2115/717/422
f  2115/717/421 2127/747/421 2114/760/421
f  2128/777/422 2122/762/422 2116/747/422
f  2116/747/421 2122/762/421 2128/777/421
f  2123/742/669 2088/766/669 2122/778/669
f  2122/778/670 2088/766/670 2123/742/670
f  2116/764/670 2115/763/670 2127/760/670
f  2127/760/669 2115/763/669 2116/764/669
f  2123/762/422 2060/475/422 2117/658/422
f  2117/658/421 2060/475/421 2123/762/421
f  2064/573/421 2129/779/421 2112/768/421
f  2112/768/422 2129/779/422 2064/573/422
f  2112/780/679 2121/775/673 2118/770/665
f  2118/770/666 2121/775/674 2112/780/680
f  2125/773/675 2112/772/661 2129/781/675
f  2129/781/676 2112/772/664 2125/773/676
f  2126/776/677 2121/759/673 2130/782/681
f  2130/782/682 2121/759/674 2126/776/678
f  2126/783/422 2131/777/422 2114/760/422
f  2114/760/421 2131/777/421 2126/783/421
f  2114/760/422 2131/777/422 2127/747/422
f  2127/747/421 2131/777/421 2114/760/421
f  2132/784/422 2122/762/422 2128/777/422
f  2128/777/421 2122/762/421 2132/784/421
f  2127/760/670 2128/785/670 2116/764/670
f  2116/764/669 2128/785/669 2127/760/669
f  2122/778/669 2133/786/669 2123/742/669
f  2123/742/670 2133/786/670 2122/778/670
f  2123/762/422 2134/787/422 2060/475/422
f  2060/475/421 2134/787/421 2123/762/421
f  2064/573/421 2135/788/421 2129/779/421
f  2129/779/422 2135/788/422 2064/573/422
f  2129/789/683 2130/790/681 2112/791/679
f  2112/791/680 2130/790/682 2129/789/684
f  2121/775/673 2112/780/679 2130/792/681
f  2130/792/682 2112/780/680 2121/775/674
f  2129/793/675 2136/794/685 2125/795/675
f  2125/795/676 2136/794/686 2129/793/676
f  2130/796/681 2137/797/687 2126/798/677
f  2126/798/678 2137/797/688 2130/796/682
f  2126/783/422 2138/784/422 2131/777/422
f  2131/777/421 2138/784/421 2126/783/421
f  2128/785/670 2127/760/670 2131/799/670
f  2131/799/669 2127/760/669 2128/785/669
f  2139/800/422 2122/762/422 2132/784/422
f  2132/784/421 2122/762/421 2139/800/421
f  2131/801/689 2132/802/688 2128/803/689
f  2128/803/690 2132/802/687 2131/801/690
f  2133/786/669 2122/778/669 2140/804/669
f  2140/804/670 2122/778/670 2133/786/670
f  2133/805/422 2134/787/422 2123/762/422
f  2123/762/421 2134/787/421 2133/805/421
f  2064/573/421 2141/806/421 2135/788/421
f  2135/788/422 2141/806/422 2064/573/422
f  2135/807/691 2142/808/692 2129/809/683
f  2129/809/684 2142/808/693 2135/807/694
f  2136/794/685 2129/793/675 2135/810/685
f  2135/810/686 2129/793/676 2136/794/686
f  2130/790/681 2129/789/683 2142/811/692
f  2142/811/693 2129/789/684 2130/790/682
f  2137/797/687 2130/796/681 2142/812/692
f  2142/812/693 2130/796/682 2137/797/688
f  2137/813/422 2138/784/422 2126/783/422
f  2126/783/421 2138/784/421 2137/813/421
f  2132/802/688 2131/801/689 2138/814/688
f  2138/814/687 2131/801/690 2132/802/687
f  2139/800/422 2140/805/422 2122/762/422
f  2122/762/421 2140/805/421 2139/800/421
f  2138/815/688 2139/816/695 2132/817/688
f  2132/817/687 2139/816/696 2138/815/687
f  2143/818/697 2133/819/698 2140/820/698
f  2140/820/699 2133/819/699 2143/818/700
f  2133/805/422 2144/821/422 2134/787/422
f  2134/787/421 2144/821/421 2133/805/421
f  2145/822/421 2141/806/421 2064/573/421
f  2064/573/422 2141/806/422 2145/822/422
f  2146/823/701 2135/824/685 2141/825/701
f  2141/825/702 2135/824/686 2146/823/702
f  2141/826/703 2147/827/704 2135/828/691
f  2135/828/694 2147/827/705 2141/826/706
f  2142/808/692 2135/807/691 2147/829/704
f  2147/829/705 2135/807/694 2142/808/693
f  2135/824/685 2146/823/701 2136/830/685
f  2136/830/686 2146/823/702 2135/824/686
f  2142/831/692 2148/832/696 2137/833/687
f  2137/833/688 2148/832/695 2142/831/693
f  2137/813/422 2149/800/422 2138/784/422
f  2138/784/421 2149/800/421 2137/813/421
f  2139/800/422 2143/834/422 2140/805/422
f  2140/805/421 2143/834/421 2139/800/421
f  2139/816/695 2138/815/688 2149/835/695
f  2149/835/696 2138/815/687 2139/816/696
f  2133/819/698 2143/818/697 2150/836/697
f  2150/836/700 2143/818/700 2133/819/699
f  2151/837/422 2144/821/422 2133/805/422
f  2133/805/421 2144/821/421 2151/837/421
f  2152/838/421 2141/806/421 2145/822/421
f  2145/822/422 2141/806/422 2152/838/422
f  2141/839/701 2153/840/707 2146/841/701
f  2146/841/702 2153/840/708 2141/839/702
f  2147/827/704 2141/826/703 2154/842/709
f  2154/842/710 2141/826/706 2147/827/705
f  2148/832/696 2142/831/692 2147/843/704
f  2147/843/705 2142/831/693 2148/832/695
f  2148/844/422 2149/800/422 2137/813/422
f  2137/813/421 2149/800/421 2148/844/421
f  2155/845/422 2143/834/422 2139/800/422
f  2139/800/421 2143/834/421 2155/845/421
f  2149/846/695 2155/847/711 2139/848/695
f  2139/848/696 2155/847/712 2149/846/696
f  2156/849/713 2150/850/697 2143/851/697
f  2143/851/700 2150/850/700 2156/849/714
f  2157/852/422 2133/805/422 2150/834/422
f  2150/834/421 2133/805/421 2157/852/421
f  2151/837/422 2158/853/422 2144/821/422
f  2144/821/421 2158/853/421 2151/837/421
f  2151/837/422 2133/805/422 2159/854/422
f  2159/854/421 2133/805/421 2151/837/421
f  2160/855/421 2141/806/421 2152/838/421
f  2152/838/422 2141/806/422 2160/855/422
f  2145/856/715 2161/857/716 2152/858/716
f  2152/858/717 2161/857/717 2145/856/718
f  2162/859/719 2152/860/720 2145/861/721
f  2145/861/722 2152/860/723 2162/859/724
f  2153/840/707 2141/839/701 2163/862/707
f  2163/862/708 2141/839/702 2153/840/708
f  2163/863/725 2154/864/709 2141/865/703
f  2141/865/706 2154/864/710 2163/863/726
f  2164/866/712 2147/867/704 2154/868/709
f  2154/868/710 2147/867/705 2164/866/711
f  2147/867/704 2164/866/712 2148/869/696
f  2148/869/695 2164/866/711 2147/867/705
f  2148/844/422 2165/845/422 2149/800/422
f  2149/800/421 2165/845/421 2148/844/421
f  2155/845/422 2156/852/422 2143/834/422
f  2143/834/421 2156/852/421 2155/845/421
f  2155/847/711 2149/846/695 2165/870/711
f  2165/870/712 2149/846/696 2155/847/712
f  2150/850/697 2156/849/713 2157/871/713
f  2157/871/714 2156/849/714 2150/850/700
f  2166/872/422 2133/805/422 2157/852/422
f  2157/852/421 2133/805/421 2166/872/421
f  2151/837/422 2167/873/422 2158/853/422
f  2158/853/421 2167/873/421 2151/837/421
f  2158/874/727 2162/875/719 2144/876/728
f  2144/876/729 2162/875/724 2158/874/730
f  2159/854/422 2133/805/422 2168/877/422
f  2168/877/421 2133/805/421 2159/854/421
f  2159/878/731 2169/879/732 2151/880/732
f  2151/880/733 2169/879/733 2159/878/734
f  2170/881/421 2141/806/421 2160/855/421
f  2160/855/422 2141/806/422 2170/881/422
f  2152/882/716 2171/883/735 2160/884/735
f  2160/884/736 2171/883/736 2152/882/717
f  2172/885/737 2160/886/738 2152/887/720
f  2152/887/723 2160/886/739 2172/885/740
f  2161/857/716 2145/856/715 2173/888/715
f  2173/888/718 2145/856/718 2161/857/717
f  2171/883/735 2152/882/716 2161/889/716
f  2161/889/717 2152/882/717 2171/883/736
f  2152/860/720 2162/859/719 2172/890/737
f  2172/890/740 2162/859/724 2152/860/723
f  2174/891/421 2163/892/421 2141/806/421
f  2141/806/422 2163/892/422 2174/891/422
f  2163/893/707 2175/894/741 2153/895/707
f  2153/895/708 2175/894/742 2163/893/708
f  2154/864/709 2163/863/725 2176/896/743
f  2176/896/744 2163/863/726 2154/864/710
f  2154/897/709 2177/898/745 2164/899/712
f  2164/899/711 2177/898/746 2154/897/710
f  2164/900/422 2165/845/422 2148/844/422
f  2148/844/421 2165/845/421 2164/900/421
f  2155/845/422 2178/872/422 2156/852/422
f  2156/852/421 2178/872/421 2155/845/421
f  2165/901/711 2179/902/746 2155/903/711
f  2155/903/712 2179/902/745 2165/901/712
f  2178/904/747 2157/905/713 2156/906/713
f  2156/906/714 2157/905/714 2178/904/748
f  2180/907/422 2133/805/422 2166/872/422
f  2166/872/421 2133/805/421 2180/907/421
f  2157/905/713 2178/904/747 2166/908/747
f  2166/908/748 2178/904/748 2157/905/714
f  2151/837/422 2181/909/422 2167/873/422
f  2167/873/421 2181/909/421 2151/837/421
f  2167/910/749 2172/911/737 2158/912/727
f  2158/912/730 2172/911/740 2167/910/750
f  2162/875/719 2158/874/727 2172/913/737
f  2172/913/740 2158/874/730 2162/875/724
f  2168/877/422 2133/805/422 2182/914/422
f  2182/914/421 2133/805/421 2168/877/421
f  2168/915/751 2183/916/731 2159/917/731
f  2159/917/734 2183/916/734 2168/915/752
f  2169/879/732 2159/878/731 2183/918/731
f  2183/918/734 2159/878/734 2169/879/733
f  2184/919/753 2151/920/732 2169/921/732
f  2169/921/733 2151/920/733 2184/919/754
f  2185/922/421 2141/806/421 2170/881/421
f  2170/881/422 2141/806/422 2185/922/422
f  2160/923/735 2186/924/755 2170/925/755
f  2170/925/756 2186/924/756 2160/923/736
f  2187/926/757 2170/927/758 2160/928/738
f  2160/928/739 2170/927/759 2187/926/760
f  2186/924/755 2160/923/735 2171/929/735
f  2171/929/736 2160/923/736 2186/924/756
f  2160/886/738 2172/885/737 2187/930/757
f  2187/930/760 2172/885/740 2160/886/739
f  2188/931/421 2163/892/421 2174/891/421
f  2174/891/422 2163/892/422 2188/931/422
f  2174/891/421 2141/806/421 2189/932/421
f  2189/932/422 2141/806/422 2174/891/422
f  2175/894/741 2163/893/707 2190/933/741
f  2190/933/742 2163/893/708 2175/894/742
f  2190/934/761 2176/935/743 2163/936/725
f  2163/936/726 2176/935/744 2190/934/762
f  2177/898/745 2154/897/709 2176/937/743
f  2176/937/744 2154/897/710 2177/898/746
f  2177/938/422 2191/939/422 2164/900/422
f  2164/900/421 2191/939/421 2177/938/421
f  2164/900/422 2192/940/422 2165/845/422
f  2165/845/421 2192/940/421 2164/900/421
f  2155/845/422 2193/907/422 2178/872/422
f  2178/872/421 2193/907/421 2155/845/421
f  2179/902/746 2165/901/711 2192/941/746
f  2192/941/745 2165/901/712 2179/902/745
f  2179/940/422 2194/942/422 2155/845/422
f  2155/845/421 2194/942/421 2179/940/421
f  2195/943/422 2133/805/422 2180/907/422
f  2180/907/421 2133/805/421 2195/943/421
f  2166/944/747 2193/945/763 2180/946/763
f  2180/946/764 2193/945/764 2166/944/748
f  2193/945/763 2166/944/747 2178/947/747
f  2178/947/748 2166/944/748 2193/945/764
f  2196/948/422 2181/909/422 2151/837/422
f  2151/837/421 2181/909/421 2196/948/421
f  2181/949/714 2187/950/757 2167/951/749
f  2167/951/750 2187/950/760 2181/949/713
f  2172/911/737 2167/910/749 2187/952/757
f  2187/952/760 2167/910/750 2172/911/740
f  2182/914/422 2133/805/422 2197/942/422
f  2197/942/421 2133/805/421 2182/914/421
f  2182/953/765 2198/954/751 2168/955/751
f  2168/955/752 2198/954/752 2182/953/766
f  2183/916/731 2168/915/751 2198/956/751
f  2198/956/752 2168/915/752 2183/916/734
f  2199/939/422 2169/837/422 2183/854/422
f  2183/854/421 2169/837/421 2199/939/421
f  2151/920/732 2184/919/753 2196/957/753
f  2196/957/754 2184/919/754 2151/920/733
f  2199/939/422 2184/948/422 2169/837/422
f  2169/837/421 2184/948/421 2199/939/421
f  2189/932/421 2141/806/421 2185/922/421
f  2185/922/422 2141/806/422 2189/932/422
f  2170/958/755 2200/959/767 2185/960/767
f  2185/960/768 2200/959/768 2170/958/756
f  2201/961/769 2185/962/770 2170/963/758
f  2170/963/759 2185/962/771 2201/961/772
f  2200/959/767 2170/958/755 2186/964/755
f  2186/964/756 2170/958/756 2200/959/768
f  2170/927/758 2187/926/757 2201/965/769
f  2201/965/772 2187/926/760 2170/927/759
f  2202/966/421 2163/892/421 2188/931/421
f  2188/931/422 2163/892/422 2202/966/422
f  2174/967/773 2203/968/774 2188/969/774
f  2188/969/775 2203/968/775 2174/967/776
f  2204/970/777 2188/971/778 2174/972/779
f  2174/972/780 2188/971/781 2204/970/782
f  2189/973/783 2205/974/773 2174/975/773
f  2174/975/776 2205/974/776 2189/973/784
f  2206/976/785 2174/977/779 2189/978/786
f  2189/978/787 2174/977/780 2206/976/788
f  2207/979/421 2190/980/421 2163/892/421
f  2163/892/422 2190/980/422 2207/979/422
f  2190/981/741 2208/982/789 2175/983/741
f  2175/983/742 2208/982/790 2190/981/742
f  2176/935/743 2190/934/761 2209/984/791
f  2209/984/792 2190/934/762 2176/935/744
f  2176/985/743 2210/986/793 2177/987/745
f  2177/987/746 2210/986/794 2176/985/744
f  2177/938/422 2211/988/422 2191/939/422
f  2191/939/421 2211/988/421 2177/938/421
f  2164/900/422 2191/939/422 2192/940/422
f  2192/940/421 2191/939/421 2164/900/421
f  2155/845/422 2212/943/422 2193/907/422
f  2193/907/421 2212/943/421 2155/845/421
f  2192/989/746 2199/990/794 2179/991/746
f  2179/991/745 2199/990/793 2192/989/745
f  2179/940/422 2213/914/422 2194/942/422
f  2194/942/421 2213/914/421 2179/940/421
f  2155/845/422 2194/942/422 2212/943/422
f  2212/943/421 2194/942/421 2155/845/421
f  2197/942/422 2133/805/422 2195/943/422
f  2195/943/421 2133/805/421 2197/942/421
f  2180/992/763 2212/993/795 2195/994/795
f  2195/994/796 2212/993/796 2180/992/764
f  2212/993/795 2180/992/763 2193/995/763
f  2193/995/764 2180/992/764 2212/993/796
f  2196/948/422 2214/996/422 2181/909/422
f  2181/909/421 2214/996/421 2196/948/421
f  2187/950/757 2181/949/714 2201/997/769
f  2201/997/772 2181/949/713 2187/950/760
f  2197/998/797 2213/999/765 2182/1000/765
f  2182/1000/766 2213/999/766 2197/998/798
f  2198/954/751 2182/953/765 2213/1001/765
f  2213/1001/766 2182/953/766 2198/954/752
f  2179/940/422 2183/854/422 2198/877/422
f  2198/877/421 2183/854/421 2179/940/421
f  2199/939/422 2183/854/422 2179/940/422
f  2179/940/421 2183/854/421 2199/939/421
f  2215/1002/799 2196/1003/800 2184/1004/800
f  2184/1004/801 2196/1003/801 2215/1002/802
f  2216/988/422 2184/948/422 2199/939/422
f  2199/939/421 2184/948/421 2216/988/421
f  2185/1005/767 2217/1006/783 2189/1007/783
f  2189/1007/784 2217/1006/784 2185/1005/768
f  2218/1008/803 2189/1009/786 2185/1010/770
f  2185/1010/771 2189/1009/787 2218/1008/804
f  2217/1006/783 2185/1005/767 2200/1011/767
f  2200/1011/768 2185/1005/768 2217/1006/784
f  2185/962/770 2201/961/769 2218/1012/803
f  2218/1012/804 2201/961/772 2185/962/771
f  2207/979/421 2163/892/421 2202/966/421
f  2202/966/422 2163/892/422 2207/979/422
f  2188/1013/774 2219/1014/805 2202/1015/805
f  2202/1015/806 2219/1014/806 2188/1013/775
f  2220/1016/807 2202/1017/808 2188/1018/778
f  2188/1018/781 2202/1017/809 2220/1016/810
f  2203/968/774 2174/967/773 2205/1019/773
f  2205/1019/776 2174/967/776 2203/968/775
f  2219/1014/805 2188/1013/774 2203/1020/774
f  2203/1020/775 2188/1013/775 2219/1014/806
f  2188/971/778 2204/970/777 2220/1021/807
f  2220/1021/810 2204/970/782 2188/971/781
f  2174/977/779 2206/976/785 2204/1022/777
f  2204/1022/782 2206/976/788 2174/977/780
f  2205/974/773 2189/973/783 2217/1023/783
f  2217/1023/784 2189/973/784 2205/974/776
f  2189/1009/786 2218/1008/803 2206/1024/785
f  2206/1024/788 2218/1008/804 2189/1009/787
f  2221/1025/421 2190/980/421 2207/979/421
f  2207/979/422 2190/980/422 2221/1025/422
f  2208/982/789 2190/981/741 2222/1026/789
f  2222/1026/790 2190/981/742 2208/982/790
f  2222/1027/811 2209/1028/791 2190/1029/761
f  2190/1029/762 2209/1028/792 2222/1027/812
f  2210/986/793 2176/985/743 2209/1030/791
f  2209/1030/792 2176/985/744 2210/986/794
f  2210/1031/422 2211/988/422 2177/938/422
f  2177/938/421 2211/988/421 2210/1031/421
f  2216/1032/813 2191/1033/794 2211/1034/813
f  2211/1034/814 2191/1033/793 2216/1032/814
f  2199/990/794 2192/989/746 2191/1035/794
f  2191/1035/793 2192/989/745 2199/990/793
f  2179/940/422 2198/877/422 2213/914/422
f  2213/914/421 2198/877/421 2179/940/421
f  2213/999/765 2197/998/797 2194/1036/797
f  2194/1036/798 2197/998/798 2213/999/766
f  2194/1037/797 2195/1038/795 2212/1039/795
f  2212/1039/796 2195/1038/796 2194/1037/798
f  2195/1038/795 2194/1037/797 2197/1040/797
f  2197/1040/798 2194/1037/798 2195/1038/796
f  2196/948/422 2223/1041/422 2214/996/422
f  2214/996/421 2223/1041/421 2196/948/421
f  2214/1042/748 2201/1043/769 2181/1044/714
f  2181/1044/713 2201/1043/772 2214/1042/747
f  2196/1003/800 2215/1002/799 2224/1045/799
f  2224/1045/802 2215/1002/802 2196/1003/801
f  2216/988/422 2215/1046/422 2184/948/422
f  2184/948/421 2215/1046/421 2216/988/421
f  2191/1033/794 2216/1032/813 2199/1047/794
f  2199/1047/793 2216/1032/814 2191/1033/793
f  2201/1043/769 2214/1042/748 2218/1048/803
f  2218/1048/804 2214/1042/747 2201/1043/772
f  2202/1049/805 2225/1050/815 2207/1051/815
f  2207/1051/816 2225/1050/816 2202/1049/806
f  2226/1052/817 2207/1053/818 2202/1054/808
f  2202/1054/809 2207/1053/819 2226/1052/820
f  2225/1050/815 2202/1049/805 2219/1055/805
f  2219/1055/806 2202/1049/806 2225/1050/816
f  2202/1017/808 2220/1016/807 2226/1056/817
f  2226/1056/820 2220/1016/810 2202/1017/809
f  2204/1057/777 2227/1058/798 2220/1059/807
f  2220/1059/810 2227/1058/797 2204/1057/782
f  2206/1060/785 2228/1061/796 2204/1062/777
f  2204/1062/782 2228/1061/795 2206/1060/788
f  2218/1063/803 2223/1064/764 2206/1065/785
f  2206/1065/788 2223/1064/763 2218/1063/804
f  2229/1066/421 2190/980/421 2221/1025/421
f  2221/1025/422 2190/980/422 2229/1066/422
f  2207/1067/815 2230/1068/821 2221/1069/821
f  2221/1069/822 2230/1068/822 2207/1067/816
f  2231/1070/823 2221/1071/824 2207/1072/818
f  2207/1072/819 2221/1071/825 2231/1070/826
f  2232/1073/421 2222/1074/421 2190/980/421
f  2190/980/422 2222/1074/422 2232/1073/422
f  2222/1075/789 2233/1076/827 2208/1077/789
f  2208/1077/790 2233/1076/828 2222/1075/790
f  2209/1028/791 2222/1027/811 2234/1078/829
f  2234/1078/830 2222/1027/812 2209/1028/792
f  2209/1079/791 2235/1080/814 2210/1081/793
f  2210/1081/794 2235/1080/813 2209/1079/792
f  2210/1031/422 2236/1082/422 2211/988/422
f  2211/988/421 2236/1082/421 2210/1031/421
f  2236/1083/831 2216/1084/813 2211/1085/813
f  2211/1085/814 2216/1084/814 2236/1083/832
f  2224/1046/422 2223/1041/422 2196/948/422
f  2196/948/421 2223/1041/421 2224/1046/421
f  2223/1064/764 2218/1063/803 2214/1086/748
f  2214/1086/747 2218/1063/804 2223/1064/763
f  2237/1087/833 2224/1088/799 2215/1089/799
f  2215/1089/802 2224/1088/802 2237/1087/834
f  2216/988/422 2237/1090/422 2215/1046/422
f  2215/1046/421 2237/1090/421 2216/988/421
f  2230/1068/821 2207/1067/815 2225/1091/815
f  2225/1091/816 2207/1067/816 2230/1068/822
f  2207/1053/818 2226/1052/817 2231/1092/823
f  2231/1092/826 2226/1052/820 2207/1053/819
f  2220/1093/807 2238/1094/766 2226/1095/817
f  2226/1095/820 2238/1094/765 2220/1093/810
f  2227/1058/798 2204/1057/777 2228/1096/796
f  2228/1096/795 2204/1057/782 2227/1058/797
f  2238/1094/766 2220/1093/807 2227/1097/798
f  2227/1097/797 2220/1093/810 2238/1094/765
f  2228/1061/796 2206/1060/785 2223/1098/764
f  2223/1098/763 2206/1060/788 2228/1061/795
f  2232/1073/421 2190/980/421 2229/1066/421
f  2229/1066/422 2190/980/422 2232/1073/422
f  2221/1099/821 2239/1100/835 2229/1101/835
f  2229/1101/836 2239/1100/836 2221/1099/822
f  2240/1102/837 2229/1103/838 2221/1104/824
f  2221/1104/825 2229/1103/839 2240/1102/840
f  2239/1100/835 2221/1099/821 2230/1105/821
f  2230/1105/822 2221/1099/822 2239/1100/836
f  2221/1071/824 2231/1070/823 2240/1106/837
f  2240/1106/840 2231/1070/826 2221/1071/825
f  2241/1107/421 2222/1074/421 2232/1073/421
f  2232/1073/422 2222/1074/422 2241/1107/422
f  2233/1076/827 2222/1075/789 2242/1108/827
f  2242/1108/828 2222/1075/790 2233/1076/828
f  2242/1109/841 2234/1110/829 2222/1111/811
f  2222/1111/812 2234/1110/830 2242/1109/842
f  2235/1080/814 2209/1079/791 2234/1112/829
f  2234/1112/830 2209/1079/792 2235/1080/813
f  2235/1113/422 2243/1114/422 2210/1031/422
f  2210/1031/421 2243/1114/421 2235/1113/421
f  2210/1031/422 2243/1114/422 2236/1082/422
f  2236/1082/421 2243/1114/421 2210/1031/421
f  2216/1084/813 2236/1083/831 2244/1115/831
f  2244/1115/832 2236/1083/832 2216/1084/814
f  2224/1046/422 2228/1116/422 2223/1041/422
f  2223/1041/421 2228/1116/421 2224/1046/421
f  2224/1088/799 2237/1087/833 2245/1117/833
f  2245/1117/834 2237/1087/834 2224/1088/802
f  2244/1082/422 2237/1090/422 2216/988/422
f  2216/988/421 2237/1090/421 2244/1082/421
f  2226/1118/817 2246/1119/752 2231/1120/823
f  2231/1120/826 2246/1119/751 2226/1118/820
f  2246/1119/752 2226/1118/817 2238/1121/766
f  2238/1121/765 2226/1118/820 2246/1119/751
f  2224/1046/422 2227/1122/422 2228/1116/422
f  2228/1116/421 2227/1122/421 2224/1046/421
f  2245/1090/422 2238/1123/422 2227/1122/422
f  2227/1122/421 2238/1123/421 2245/1090/421
f  2229/1124/835 2247/1125/843 2232/1126/843
f  2232/1126/844 2247/1125/844 2229/1124/836
f  2248/1127/845 2232/1128/846 2229/1129/838
f  2229/1129/839 2232/1128/847 2248/1127/848
f  2247/1125/843 2229/1124/835 2239/1130/835
f  2239/1130/836 2229/1124/836 2247/1125/844
f  2229/1103/838 2240/1102/837 2248/1131/845
f  2248/1131/848 2240/1102/840 2229/1103/839
f  2231/1132/823 2249/1133/734 2240/1134/837
f  2240/1134/840 2249/1133/731 2231/1132/826
f  2241/1107/421 2242/1135/421 2222/1074/421
f  2222/1074/422 2242/1135/422 2241/1107/422
f  2232/1136/843 2250/1137/849 2241/1138/849
f  2241/1138/850 2250/1137/850 2232/1136/844
f  2251/1139/851 2241/1140/852 2232/1141/846
f  2232/1141/847 2241/1140/853 2251/1139/854
f  2242/1142/827 2252/1143/855 2233/1144/827
f  2233/1144/828 2252/1143/856 2242/1142/828
f  2234/1110/829 2242/1109/841 2253/1145/857
f  2253/1145/858 2242/1109/842 2234/1110/830
f  2253/1146/857 2235/1147/814 2234/1148/829
f  2234/1148/830 2235/1147/813 2253/1146/858
f  2235/1113/422 2254/1149/422 2243/1114/422
f  2243/1114/421 2254/1149/421 2235/1113/421
f  2243/1150/859 2244/1151/831 2236/1152/831
f  2236/1152/832 2244/1151/832 2243/1150/860
f  2255/1153/861 2245/1154/833 2237/1155/833
f  2237/1155/834 2245/1154/834 2255/1153/862
f  2245/1090/422 2227/1122/422 2224/1046/422
f  2224/1046/421 2227/1122/421 2245/1090/421
f  2244/1082/422 2255/1156/422 2237/1090/422
f  2237/1090/421 2255/1156/421 2244/1082/421
f  2249/1133/734 2231/1132/823 2246/1157/752
f  2246/1157/751 2231/1132/826 2249/1133/731
f  2256/1156/422 2246/1158/422 2238/1123/422
f  2238/1123/421 2246/1158/421 2256/1156/421
f  2256/1156/422 2238/1123/422 2245/1090/422
f  2245/1090/421 2238/1123/421 2256/1156/421
f  2250/1137/849 2232/1136/843 2247/1159/843
f  2247/1159/844 2232/1136/844 2250/1137/850
f  2232/1128/846 2248/1127/845 2251/1160/851
f  2251/1160/854 2248/1127/848 2232/1128/847
f  2240/1161/837 2257/1162/733 2248/1163/845
f  2248/1163/848 2257/1162/732 2240/1161/840
f  2257/1162/733 2240/1161/837 2249/1164/734
f  2249/1164/731 2240/1161/840 2257/1162/732
f  2258/1165/421 2242/1135/421 2241/1107/421
f  2241/1107/422 2242/1135/422 2258/1165/422
f  2259/1166/863 2241/1167/849 2250/1168/849
f  2250/1168/850 2241/1167/850 2259/1166/864
f  2241/1140/852 2251/1139/851 2260/1169/865
f  2260/1169/866 2251/1139/854 2241/1140/853
f  2252/1143/855 2242/1142/827 2261/1170/855
f  2261/1170/856 2242/1142/828 2252/1143/856
f  2261/1171/867 2253/1172/857 2242/1173/841
f  2242/1173/842 2253/1172/858 2261/1171/868
f  2235/1147/814 2253/1146/857 2262/1174/832
f  2262/1174/831 2253/1146/858 2235/1147/813
f  2235/1113/422 2263/1175/422 2254/1149/422
f  2254/1149/421 2263/1175/421 2235/1113/421
f  2254/1176/869 2264/1177/859 2243/1178/859
f  2243/1178/860 2264/1177/860 2254/1176/870
f  2244/1151/831 2243/1150/859 2264/1179/859
f  2264/1179/860 2243/1150/860 2244/1151/832
f  2245/1154/833 2255/1153/861 2256/1180/861
f  2256/1180/862 2255/1153/862 2245/1154/834
f  2244/1082/422 2265/1181/422 2255/1156/422
f  2255/1156/421 2265/1181/421 2244/1082/421
f  2266/1181/422 2249/1182/422 2246/1158/422
f  2246/1158/421 2249/1182/421 2266/1181/421
f  2266/1181/422 2246/1158/422 2256/1156/422
f  2256/1156/421 2246/1158/421 2266/1181/421
f  2248/1183/845 2267/1184/871 2251/1185/851
f  2251/1185/854 2267/1184/872 2248/1183/848
f  2267/1184/871 2248/1183/845 2257/1186/733
f  2257/1186/732 2248/1183/848 2267/1184/872
f  2268/1187/422 2257/1188/422 2249/1182/422
f  2249/1182/421 2257/1188/421 2268/1187/421
f  2269/1189/421 2242/1135/421 2258/1165/421
f  2258/1165/422 2242/1135/422 2269/1189/422
f  2241/1167/849 2259/1166/863 2258/1190/863
f  2258/1190/864 2259/1166/864 2241/1167/850
f  2260/1191/865 2258/1192/873 2241/1193/852
f  2241/1193/853 2258/1192/874 2260/1191/866
f  2251/1194/851 2270/1195/802 2260/1196/865
f  2260/1196/866 2270/1195/799 2251/1194/854
f  2269/1189/421 2261/1197/421 2242/1135/421
f  2242/1135/422 2261/1197/422 2269/1189/422
f  2261/1198/855 2271/1199/875 2252/1200/855
f  2252/1200/856 2271/1199/876 2261/1198/856
f  2253/1172/857 2261/1171/867 2272/1201/877
f  2272/1201/878 2261/1171/868 2253/1172/858
f  2272/1202/877 2262/1203/832 2253/1204/857
f  2253/1204/858 2262/1203/831 2272/1202/878
f  2262/1205/422 2273/1206/422 2235/1113/422
f  2235/1113/421 2273/1206/421 2262/1205/421
f  2235/1113/422 2273/1206/422 2263/1175/422
f  2263/1175/421 2273/1206/421 2235/1113/421
f  2263/1207/879 2274/1208/869 2254/1209/869
f  2254/1209/870 2274/1208/870 2263/1207/880
f  2264/1177/859 2254/1176/869 2274/1210/869
f  2274/1210/870 2254/1176/870 2264/1177/860
f  2264/1114/422 2265/1181/422 2244/1082/422
f  2244/1082/421 2265/1181/421 2264/1114/421
f  2265/1211/881 2256/1212/861 2255/1213/861
f  2255/1213/862 2256/1212/862 2265/1211/882
f  2275/1214/422 2249/1182/422 2266/1181/422
f  2266/1181/421 2249/1182/421 2275/1214/421
f  2256/1212/861 2265/1211/881 2266/1215/881
f  2266/1215/882 2265/1211/882 2256/1212/862
f  2270/1195/802 2251/1194/851 2267/1216/871
f  2267/1216/872 2251/1194/854 2270/1195/799
f  2276/1217/422 2267/1218/422 2257/1188/422
f  2257/1188/421 2267/1218/421 2276/1217/421
f  2277/1219/422 2257/1188/422 2268/1187/422
f  2268/1187/421 2257/1188/421 2277/1219/421
f  2268/1187/422 2249/1182/422 2275/1214/422
f  2275/1214/421 2249/1182/421 2268/1187/421
f  2258/1220/863 2278/1221/883 2269/1222/883
f  2269/1222/884 2278/1221/884 2258/1220/864
f  2279/1223/885 2269/1224/886 2258/1225/873
f  2258/1225/874 2269/1224/887 2279/1223/888
f  2278/1221/883 2258/1220/863 2259/1226/863
f  2259/1226/864 2258/1220/864 2278/1221/884
f  2258/1192/873 2260/1191/865 2279/1227/885
f  2279/1227/888 2260/1191/866 2258/1192/874
f  2280/1228/834 2260/1229/865 2270/1230/802
f  2270/1230/799 2260/1229/866 2280/1228/833
f  2281/1231/421 2261/1197/421 2269/1189/421
f  2269/1189/422 2261/1197/422 2281/1231/422
f  2271/1199/875 2261/1198/855 2282/1232/875
f  2282/1232/876 2261/1198/856 2271/1199/876
f  2282/1233/889 2272/1234/877 2261/1235/867
f  2261/1235/868 2272/1234/878 2282/1233/890
f  2262/1203/832 2272/1202/877 2283/1236/860
f  2283/1236/859 2272/1202/878 2262/1203/831
f  2262/1205/422 2284/1237/422 2273/1206/422
f  2273/1206/421 2284/1237/421 2262/1205/421
f  2273/1238/891 2285/1239/879 2263/1240/879
f  2263/1240/880 2285/1239/880 2273/1238/892
f  2274/1208/869 2263/1207/879 2285/1241/879
f  2285/1241/880 2263/1207/880 2274/1208/870
f  2274/1149/422 2286/1187/422 2264/1114/422
f  2264/1114/421 2286/1187/421 2274/1149/421
f  2264/1114/422 2287/1214/422 2265/1181/422
f  2265/1181/421 2287/1214/421 2264/1114/421
f  2266/1242/881 2287/1243/893 2275/1244/893
f  2275/1244/894 2287/1243/894 2266/1242/882
f  2287/1243/893 2266/1242/881 2265/1245/881
f  2265/1245/882 2266/1242/882 2287/1243/894
f  2288/1246/422 2270/1247/422 2267/1218/422
f  2267/1218/421 2270/1247/421 2288/1246/421
f  2289/1248/422 2267/1218/422 2276/1217/422
f  2276/1217/421 2267/1218/421 2289/1248/421
f  2276/1217/422 2257/1188/422 2277/1219/422
f  2277/1219/421 2257/1188/421 2276/1217/421
f  2268/1249/895 2290/1250/896 2277/1251/896
f  2277/1251/897 2290/1250/897 2268/1249/898
f  2275/1252/893 2286/1253/895 2268/1254/895
f  2268/1254/898 2286/1253/898 2275/1252/894
f  2291/1255/899 2269/1256/883 2278/1257/883
f  2278/1257/884 2269/1256/884 2291/1255/900
f  2269/1224/886 2279/1223/885 2292/1258/901
f  2292/1258/902 2279/1223/888 2269/1224/887
f  2260/1229/865 2280/1228/834 2279/1259/885
f  2279/1259/888 2280/1228/833 2260/1229/866
f  2262/1205/422 2280/1260/422 2270/1247/422
f  2270/1247/421 2280/1260/421 2262/1205/421
f  2293/1261/421 2261/1197/421 2281/1231/421
f  2281/1231/422 2261/1197/422 2293/1261/422
f  2269/1256/883 2291/1255/899 2281/1262/899
f  2281/1262/900 2291/1255/900 2269/1256/884
f  2292/1263/901 2281/1264/903 2269/1265/886
f  2269/1265/887 2281/1264/904 2292/1263/902
f  2293/1261/421 2282/1266/421 2261/1197/421
f  2261/1197/422 2282/1266/422 2293/1261/422
f  2282/1267/875 2294/1268/905 2271/1269/875
f  2271/1269/876 2294/1268/906 2282/1267/876
f  2272/1234/877 2282/1233/889 2295/1270/907
f  2295/1270/908 2282/1233/890 2272/1234/878
f  2295/1271/907 2283/1272/860 2272/1273/877
f  2272/1273/878 2283/1272/859 2295/1271/908
f  2283/1274/422 2296/1275/422 2262/1205/422
f  2262/1205/421 2296/1275/421 2283/1274/421
f  2262/1205/422 2270/1247/422 2284/1237/422
f  2284/1237/421 2270/1247/421 2262/1205/421
f  2284/1276/909 2297/1277/891 2273/1278/891
f  2273/1278/892 2297/1277/892 2284/1276/910
f  2285/1239/879 2273/1238/891 2297/1279/891
f  2297/1279/892 2273/1238/892 2285/1239/880
f  2285/1175/422 2298/1217/422 2274/1149/422
f  2274/1149/421 2298/1217/421 2285/1175/421
f  2274/1149/422 2290/1219/422 2286/1187/422
f  2286/1187/421 2290/1219/421 2274/1149/421
f  2264/1114/422 2286/1187/422 2287/1214/422
f  2287/1214/421 2286/1187/421 2264/1114/421
f  2286/1253/895 2275/1252/893 2287/1280/893
f  2287/1280/894 2275/1252/894 2286/1253/898
f  2270/1247/422 2288/1246/422 2284/1237/422
f  2284/1237/421 2288/1246/421 2270/1247/421
f  2288/1246/422 2267/1218/422 2299/1281/422
f  2299/1281/421 2267/1218/421 2288/1246/421
f  2299/1281/422 2267/1218/422 2289/1248/422
f  2289/1248/421 2267/1218/421 2299/1281/421
f  2276/1282/911 2300/1283/912 2289/1284/912
f  2289/1284/913 2300/1283/913 2276/1282/914
f  2277/1285/896 2298/1286/911 2276/1287/911
f  2276/1287/914 2298/1286/914 2277/1285/897
f  2290/1250/896 2268/1249/895 2286/1288/895
f  2286/1288/898 2268/1249/898 2290/1250/897
f  2298/1286/911 2277/1285/896 2290/1289/896
f  2290/1289/897 2277/1285/897 2298/1286/914
f  2279/1290/885 2296/1291/862 2292/1292/901
f  2292/1292/902 2296/1291/861 2279/1290/888
f  2296/1291/862 2279/1290/885 2280/1293/834
f  2280/1293/833 2279/1290/888 2296/1291/861
f  2262/1205/422 2296/1275/422 2280/1260/422
f  2280/1260/421 2296/1275/421 2262/1205/421
f  2281/1294/899 2301/1295/915 2293/1296/915
f  2293/1296/916 2301/1295/916 2281/1294/900
f  2302/1297/917 2293/1298/918 2281/1299/903
f  2281/1299/904 2293/1298/919 2302/1297/920
f  2301/1295/915 2281/1294/899 2291/1300/899
f  2291/1300/900 2281/1294/900 2301/1295/916
f  2281/1264/903 2292/1263/901 2302/1301/917
f  2302/1301/920 2292/1263/902 2281/1264/904
f  2303/1302/421 2282/1266/421 2293/1261/421
f  2293/1261/422 2282/1266/422 2303/1302/422
f  2294/1268/905 2282/1267/875 2304/1303/905
f  2304/1303/906 2282/1267/876 2294/1268/906
f  2304/1304/921 2295/1305/907 2282/1306/889
f  2282/1306/890 2295/1305/908 2304/1304/922
f  2283/1272/860 2295/1271/907 2305/1307/870
f  2305/1307/869 2295/1271/908 2283/1272/859
f  2283/1274/422 2306/1308/422 2296/1275/422
f  2296/1275/421 2306/1308/421 2283/1274/421
f  2297/1277/891 2284/1276/909 2307/1309/909
f  2307/1309/910 2284/1276/910 2297/1277/892
f  2297/1206/422 2300/1248/422 2285/1175/422
f  2285/1175/421 2300/1248/421 2297/1206/421
f  2285/1175/422 2300/1248/422 2298/1217/422
f  2298/1217/421 2300/1248/421 2285/1175/421
f  2274/1149/422 2298/1217/422 2290/1219/422
f  2290/1219/421 2298/1217/421 2274/1149/421
f  2288/1310/923 2307/1311/924 2284/1312/924
f  2284/1312/925 2307/1311/925 2288/1310/926
f  2299/1313/927 2308/1314/923 2288/1315/923
f  2288/1315/926 2308/1314/926 2299/1313/928
f  2289/1316/912 2309/1317/927 2299/1318/927
f  2299/1318/928 2309/1317/928 2289/1316/913
f  2300/1283/912 2276/1282/911 2298/1319/911
f  2298/1319/914 2276/1282/914 2300/1283/913
f  2309/1317/927 2289/1316/912 2300/1320/912
f  2300/1320/913 2289/1316/913 2309/1317/928
f  2306/1321/882 2292/1322/901 2296/1323/862
f  2296/1323/861 2292/1322/902 2306/1321/881
f  2310/1324/929 2293/1325/915 2301/1326/915
f  2301/1326/916 2293/1325/916 2310/1324/930
f  2293/1298/918 2302/1297/917 2311/1327/931
f  2311/1327/932 2302/1297/920 2293/1298/919
f  2292/1322/901 2306/1321/882 2302/1328/917
f  2302/1328/920 2306/1321/881 2292/1322/902
f  2312/1329/421 2282/1266/421 2303/1302/421
f  2303/1302/422 2282/1266/422 2312/1329/422
f  2293/1325/915 2310/1324/929 2303/1330/929
f  2303/1330/930 2310/1324/930 2293/1325/916
f  2311/1331/931 2303/1332/933 2293/1333/918
f  2293/1333/919 2303/1332/934 2311/1331/932
f  2312/1329/421 2304/1334/421 2282/1266/421
f  2282/1266/422 2304/1334/422 2312/1329/422
f  2304/1335/905 2313/1336/935 2294/1337/905
f  2294/1337/906 2313/1336/936 2304/1335/906
f  2295/1305/907 2304/1304/921 2314/1338/937
f  2314/1338/938 2304/1304/922 2295/1305/908
f  2314/1339/937 2305/1340/870 2295/1341/907
f  2295/1341/908 2305/1340/869 2314/1339/938
f  2305/1342/422 2315/1343/422 2283/1274/422
f  2283/1274/421 2315/1343/421 2305/1342/421
f  2283/1274/422 2315/1343/422 2306/1308/422
f  2306/1308/421 2315/1343/421 2283/1274/421
f  2308/1246/422 2297/1206/422 2307/1237/422
f  2307/1237/421 2297/1206/421 2308/1246/421
f  2297/1206/422 2309/1281/422 2300/1248/422
f  2300/1248/421 2309/1281/421 2297/1206/421
f  2307/1311/924 2288/1310/923 2308/1344/923
f  2308/1344/926 2288/1310/926 2307/1311/925
f  2308/1314/923 2299/1313/927 2309/1345/927
f  2309/1345/928 2299/1313/928 2308/1314/926
f  2302/1346/917 2315/1347/894 2311/1348/931
f  2311/1348/932 2315/1347/893 2302/1346/920
f  2315/1347/894 2302/1346/917 2306/1349/882
f  2306/1349/881 2302/1346/920 2315/1347/893
f  2316/1350/939 2303/1351/929 2310/1352/929
f  2310/1352/930 2303/1351/930 2316/1350/940
f  2303/1332/933 2311/1331/931 2317/1353/941
f  2317/1353/942 2311/1331/932 2303/1332/934
f  2318/1354/421 2304/1334/421 2312/1329/421
f  2312/1329/422 2304/1334/422 2318/1354/422
f  2313/1336/935 2304/1335/905 2319/1355/935
f  2319/1355/936 2304/1335/906 2313/1336/936
f  2319/1356/943 2314/1357/937 2304/1358/921
f  2304/1358/922 2314/1357/938 2319/1356/944
f  2305/1340/870 2314/1339/937 2320/1359/880
f  2320/1359/879 2314/1339/938 2305/1340/869
f  2305/1342/422 2321/1360/422 2315/1343/422
f  2315/1343/421 2321/1360/421 2305/1342/421
f  2297/1206/422 2308/1246/422 2309/1281/422
f  2309/1281/421 2308/1246/421 2297/1206/421
f  2321/1361/898 2311/1362/931 2315/1363/894
f  2315/1363/893 2311/1362/932 2321/1361/895
f  2303/1351/929 2316/1350/939 2312/1364/939
f  2312/1364/940 2316/1350/940 2303/1351/930
f  2311/1362/931 2321/1361/898 2317/1365/941
f  2317/1365/942 2321/1361/895 2311/1362/932
f  2317/1366/941 2312/1367/945 2303/1368/933
f  2303/1368/934 2312/1367/946 2317/1366/942
f  2322/1369/421 2304/1334/421 2318/1354/421
f  2318/1354/422 2304/1334/422 2322/1369/422
f  2312/1370/939 2323/1371/947 2318/1372/947
f  2318/1372/948 2323/1371/948 2312/1370/940
f  2324/1373/949 2318/1374/950 2312/1375/945
f  2312/1375/946 2318/1374/951 2324/1373/952
f  2322/1369/421 2319/1376/421 2304/1334/421
f  2304/1334/422 2319/1376/422 2322/1369/422
f  2319/1377/935 2325/1378/953 2313/1379/935
f  2313/1379/936 2325/1378/954 2319/1377/936
f  2314/1357/937 2319/1356/943 2326/1380/955
f  2326/1380/956 2319/1356/944 2314/1357/938
f  2326/1381/955 2320/1382/880 2314/1383/937
f  2314/1383/938 2320/1382/879 2326/1381/956
f  2320/1384/422 2327/1385/422 2305/1342/422
f  2305/1342/421 2327/1385/421 2320/1384/421
f  2305/1342/422 2327/1385/422 2321/1360/422
f  2321/1360/421 2327/1385/421 2305/1342/421
f  2323/1371/947 2312/1370/939 2316/1386/939
f  2316/1386/940 2312/1370/940 2323/1371/948
f  2327/1387/897 2317/1388/941 2321/1389/898
f  2321/1389/895 2317/1388/942 2327/1387/896
f  2312/1367/945 2317/1366/941 2324/1390/949
f  2324/1390/952 2317/1366/942 2312/1367/946
f  2318/1391/947 2328/1392/957 2322/1393/957
f  2322/1393/958 2328/1392/958 2318/1391/948
f  2329/1394/959 2322/1395/960 2318/1396/950
f  2318/1396/951 2322/1395/961 2329/1394/962
f  2328/1392/957 2318/1391/947 2323/1397/947
f  2323/1397/948 2318/1391/948 2328/1392/958
f  2318/1374/950 2324/1373/949 2329/1398/959
f  2329/1398/962 2324/1373/952 2318/1374/951
f  2330/1399/421 2319/1376/421 2322/1369/421
f  2322/1369/422 2319/1376/422 2330/1399/422
f  2325/1378/953 2319/1377/935 2331/1400/953
f  2331/1400/954 2319/1377/936 2325/1378/954
f  2331/1401/963 2326/1402/955 2319/1403/943
f  2319/1403/944 2326/1402/956 2331/1401/964
f  2320/1382/880 2326/1381/955 2332/1404/892
f  2332/1404/891 2326/1381/956 2320/1382/879
f  2320/1384/422 2333/1405/422 2327/1385/422
f  2327/1385/421 2333/1405/421 2320/1384/421
f  2317/1388/941 2327/1387/897 2324/1406/949
f  2324/1406/952 2327/1387/896 2317/1388/942
f  2334/1407/965 2322/1408/957 2328/1409/957
f  2328/1409/958 2322/1408/958 2334/1407/966
f  2322/1395/960 2329/1394/959 2335/1410/967
f  2335/1410/968 2329/1394/962 2322/1395/961
f  2324/1411/949 2333/1412/914 2329/1413/959
f  2329/1413/962 2333/1412/911 2324/1411/952
f  2336/1414/421 2319/1376/421 2330/1399/421
f  2330/1399/422 2319/1376/422 2336/1414/422
f  2322/1408/957 2334/1407/965 2330/1415/965
f  2330/1415/966 2334/1407/966 2322/1408/958
f  2335/1416/967 2330/1417/969 2322/1418/960
f  2322/1418/961 2330/1417/970 2335/1416/968
f  2319/1376/421 2336/1414/421 2331/1419/421
f  2331/1419/422 2336/1414/422 2319/1376/422
f  2331/1420/953 2337/1421/971 2325/1422/953
f  2325/1422/954 2337/1421/972 2331/1420/954
f  2326/1402/955 2331/1401/963 2338/1423/973
f  2338/1423/974 2331/1401/964 2326/1402/956
f  2338/1424/973 2332/1425/892 2326/1426/955
f  2326/1426/956 2332/1425/891 2338/1424/974
f  2332/1427/422 2339/1428/422 2320/1384/422
f  2320/1384/421 2339/1428/421 2332/1427/421
f  2320/1384/422 2339/1428/422 2333/1405/422
f  2333/1405/421 2339/1428/421 2320/1384/421
f  2333/1412/914 2324/1411/949 2327/1429/897
f  2327/1429/896 2324/1411/952 2333/1412/911
f  2329/1430/959 2339/1431/913 2335/1432/967
f  2335/1432/968 2339/1431/912 2329/1430/962
f  2339/1431/913 2329/1430/959 2333/1433/914
f  2333/1433/911 2329/1430/962 2339/1431/912
f  2330/1434/965 2337/1435/971 2336/1436/971
f  2336/1436/972 2337/1435/972 2330/1434/966
f  2340/1437/975 2336/1438/976 2330/1439/969
f  2330/1439/970 2336/1438/977 2340/1437/978
f  2337/1435/971 2330/1434/965 2334/1440/965
f  2334/1440/966 2330/1434/966 2337/1435/972
f  2330/1417/969 2335/1416/967 2340/1441/975
f  2340/1441/978 2335/1416/968 2330/1417/970
f  2337/1421/971 2331/1420/953 2336/1442/971
f  2336/1442/972 2331/1420/954 2337/1421/972
f  2341/1443/979 2331/1444/963 2336/1445/976
f  2336/1445/977 2331/1444/964 2341/1443/980
f  2331/1444/963 2341/1443/979 2338/1446/973
f  2338/1446/974 2341/1443/980 2331/1444/964
f  2332/1425/892 2338/1424/973 2342/1447/981
f  2342/1447/982 2338/1424/974 2332/1425/891
f  2332/1427/422 2343/1448/422 2339/1428/422
f  2339/1428/421 2343/1448/421 2332/1427/421
f  2343/1449/928 2335/1450/967 2339/1451/913
f  2339/1451/912 2335/1450/968 2343/1449/927
f  2336/1438/976 2340/1437/975 2341/1452/979
f  2341/1452/980 2340/1437/978 2336/1438/977
f  2335/1450/967 2343/1449/928 2340/1453/975
f  2340/1453/978 2343/1449/927 2335/1450/968
f  2341/1454/979 2342/783/981 2338/1455/973
f  2338/1455/974 2342/783/982 2341/1454/980
f  2344/1456/422 2332/1427/422 2342/1457/422
f  2342/1457/421 2332/1427/421 2344/1456/421
f  2332/1427/422 2344/1456/422 2343/1448/422
f  2343/1448/421 2344/1456/421 2332/1427/421
f  2340/1458/975 2344/1459/926 2341/1460/979
f  2341/1460/980 2344/1459/923 2340/1458/978
f  2344/1459/926 2340/1458/975 2343/1461/928
f  2343/1461/927 2340/1458/978 2344/1459/923
f  2342/783/981 2341/1454/979 2344/1462/926
f  2344/1462/923 2341/1454/980 2342/783/982

# Mesh 'mesh52_mesh52-geometry' with 114 faces
g mesh52_mesh52-geometry
# usemtl material_0_0
l  1970 1954
l  1985 1970
l  1954 1935
l  2008 1985
l  1935 1929
l  2029 2008
l  1929 1915
l  2052 2029
l  1915 1918
l  2075 2052
l  1918 1908
l  2097 2075
l  1908 1906
l  2113 2097
l  1906 1899
l  2095 2113
l  2095 2085
l  2095 2105
l  2085 2073
l  2105 2111
l  2073 2051
l  2111 2120
l  2111 2118
l  2051 2025
l  2112 2118
l  2025 2001
l  2129 2112
l  2001 1965
l  2135 2129
l  1965 1956
l  2141 2135
l  1956 1952
l  2163 2141
l  1952 1934
l  2190 2163
l  1934 1914
l  2222 2190
l  1914 1898
l  2242 2222
l  1898 1905
l  2261 2242
l  1905 1900
l  2282 2261
l  1900 1893
l  2304 2282
l  1893 1895
l  2319 2304
l  1895 1903
l  2331 2319
l  1903 1921
l  2336 2331
l  1921 1928
l  2330 2336
l  1928 1944
l  2322 2330
l  1944 1948
l  2322 2318
l  1948 1938
l  2312 2318
l  1938 1936
l  2303 2312
l  1936 1946
l  2293 2303
l  1946 1963
l  2281 2293
l  1963 1981
l  2269 2281
l  1981 1995
l  2258 2269
l  1995 1998
l  2241 2258
l  1998 1996
l  2232 2241
l  1996 2013
l  2229 2232
l  2013 2035
l  2221 2229
l  2035 2045
l  2207 2221
l  2045 2058
l  2202 2207
l  2058 2057
l  2188 2202
l  2057 2069
l  2174 2188
l  2069 2061
l  2189 2174
l  2061 2064
l  2185 2189
l  2064 2083
l  2034 2064
l  2170 2185
l  2084 2083
l  2083 2034
l  2160 2170
l  2094 2084
l  2152 2160
l  2082 2094
l  2152 2145
l  2071 2082
l  2062 2071
l  2048 2062
l  2022 2048
l  2037 2022
l  2021 2037
l  2011 2021
l  2010 2011
l  1982 2010
l  1964 1982
l  1955 1964
l  1957 1955
l  1961 1957
l  1960 1961
l  1940 1960

# Mesh 'mesh53_mesh53-geometry' with 74 faces
g mesh53_mesh53-geometry
# usemtl material_0_0
l  2177 2210
l  2164 2177
l  2210 2235
l  2148 2164
l  2235 2262
l  2137 2148
l  2262 2283
l  2126 2137
l  2283 2305
l  2114 2126
l  2305 2320
l  2098 2114
l  2320 2332
l  2098 2076
l  2332 2342
l  2076 2053
l  2342 2344
l  2053 2030
l  2344 2343
l  2030 2009
l  2343 2339
l  2009 1993
l  2339 2333
l  1993 1979
l  2333 2327
l  1979 1958
l  2327 2321
l  1958 1953
l  2321 2315
l  1953 1933
l  2315 2306
l  1933 1922
l  2306 2296
l  1922 1920
l  2296 2280
l  1920 1919
l  2280 2270
l  1919 1924
l  2270 2267
l  1924 1910
l  2267 2257
l  1910 1902
l  2257 2249
l  1902 1904
l  2249 2246
l  1904 1913
l  2246 2238
l  1913 1927
l  2238 2227
l  1927 1943
l  2227 2228
l  1943 1951
l  2228 2223
l  1951 1949
l  2223 2214
l  1949 1939
l  2214 2181
l  1939 1937
l  2181 2167
l  1937 1947
l  2167 2158
l  1947 1967
l  2158 2144
l  1967 1989
l  1989 2000
l  2000 1999
l  1999 1997
l  1997 2014
l  2014 2036
l  2036 2046
l  2046 2059
l  2059 2056
l  2056 2070
l  2070 2060

# Mesh 'mesh54_mesh54-geometry' with 158 faces
g mesh54_mesh54-geometry
# usemtl material_0_0
l  2150 2133
l  2157 2150
l  2133 2123
l  2133 2140
l  2166 2157
l  2123 2117
l  2123 2122
l  2143 2140
l  2140 2122
l  2180 2166
l  2117 2108
l  2117 2088
l  2122 2088
l  2156 2143
l  2195 2180
l  2108 2101
l  2088 2089
l  2178 2156
l  2197 2195
l  2101 2102
l  2089 2079
l  2193 2178
l  2182 2197
l  2102 2109
l  2079 2090
l  2212 2193
l  2168 2182
l  2109 2110
l  2090 2103
l  2194 2212
l  2159 2168
l  2110 2104
l  2103 2091
l  2213 2194
l  2151 2159
l  2104 2092
l  2091 2080
l  2198 2213
l  2196 2151
l  2092 2093
l  2080 2068
l  2183 2198
l  2224 2196
l  2196 2184
l  2093 2096
l  2068 2081
l  2169 2183
l  2245 2224
l  2215 2184
l  2184 2169
l  2096 2087
l  2081 2074
l  2256 2245
l  2237 2215
l  2087 2072
l  2074 2066
l  2266 2256
l  2255 2237
l  2072 2038
l  2072 2063
l  2066 2063
l  2275 2266
l  2265 2255
l  2038 2023
l  2063 2050
l  2268 2275
l  2287 2265
l  2023 2024
l  2050 2049
l  2277 2268
l  2286 2287
l  2024 2016
l  2049 2040
l  2276 2277
l  2290 2286
l  2016 2003
l  2040 2026
l  2289 2276
l  2298 2290
l  2003 1990
l  2026 2017
l  2299 2289
l  2300 2298
l  1990 1976
l  2017 2004
l  2288 2299
l  2309 2300
l  1976 1968
l  2004 1991
l  2284 2288
l  2308 2309
l  1968 1959
l  1991 1977
l  2273 2284
l  2284 2307
l  2307 2308
l  1959 1969
l  1977 1978
l  2263 2273
l  2297 2307
l  1969 1975
l  1978 1992
l  2254 2263
l  2285 2297
l  1975 1966
l  1992 1988
l  2243 2254
l  2274 2285
l  1966 1974
l  1966 1987
l  1988 1987
l  2236 2243
l  2264 2274
l  1974 1986
l  1987 2002
l  2211 2236
l  2244 2264
l  1986 1994
l  2002 2005
l  2191 2211
l  2216 2244
l  1994 2007
l  2005 2018
l  2192 2191
l  2199 2216
l  2007 2006
l  2018 2028
l  2165 2192
l  2179 2199
l  2006 2019
l  2028 2027
l  2149 2165
l  2155 2179
l  2019 2031
l  2027 2041
l  2138 2149
l  2139 2155
l  2031 2042
l  2041 2043
l  2131 2138
l  2132 2139
l  2042 2054
l  2043 2055
l  2127 2131
l  2131 2128
l  2128 2132
l  2054 2077
l  2055 2067
l  2115 2127
l  2127 2116
l  2116 2128
l  2077 2099
l  2067 2078
l  2099 2115
l  2115 2107
l  2107 2116
l  2078 2100
l  2100 2107

# Mesh 'mesh55_mesh55-geometry' with 1 faces
g mesh55_mesh55-geometry
# usemtl material_0_0
l  2134 2345

# Mesh 'mesh51_mesh51-geometry' with 1936 faces
g mesh51_mesh51-geometry
# usemtl material_6_2_8
f  2346/17/411 2347/18/412 2348/19/413
f  2347/18/412 2346/17/411 2349/20/414
f  2348/19/415 2347/18/416 2346/17/417
f  2349/20/418 2346/17/417 2347/18/416
f  2350/21/419 2348/22/413 2347/23/412
f  2347/23/416 2348/22/415 2350/21/420
f  2348/24/421 2351/25/421 2346/26/421
f  2346/26/422 2351/25/422 2348/24/422
f  2352/27/423 2346/28/424 2348/29/425
f  2348/29/426 2346/28/427 2352/27/428
f  2353/30/429 2349/31/414 2346/32/411
f  2346/32/417 2349/31/418 2353/30/430
f  2354/33/431 2347/34/412 2349/35/414
f  2349/35/418 2347/34/416 2354/33/432
f  2349/36/414 2355/37/426 2347/38/412
f  2347/38/416 2355/37/425 2349/36/418
f  2348/22/413 2350/21/419 2356/39/433
f  2356/39/434 2350/21/420 2348/22/415
f  2354/33/431 2350/40/419 2347/34/412
f  2347/34/416 2350/40/420 2354/33/432
f  2347/41/412 2357/42/435 2350/43/419
f  2350/43/420 2357/42/436 2347/41/416
f  2356/44/421 2351/25/421 2348/24/421
f  2348/24/422 2351/25/422 2356/44/422
f  2346/26/421 2351/25/421 2358/45/421
f  2358/45/422 2351/25/422 2346/26/422
f  2346/28/424 2352/27/423 2359/46/424
f  2359/46/427 2352/27/428 2346/28/427
f  2356/47/436 2352/48/423 2348/49/425
f  2348/49/426 2352/48/428 2356/47/435
f  2349/31/414 2353/30/429 2360/50/437
f  2360/50/438 2353/30/430 2349/31/418
f  2346/26/421 2358/45/421 2353/51/421
f  2353/51/422 2358/45/422 2346/26/422
f  2346/52/424 2361/53/439 2353/54/439
f  2353/54/440 2361/53/440 2346/52/427
f  2354/33/431 2349/35/414 2362/55/441
f  2362/55/442 2349/35/418 2354/33/432
f  2355/37/426 2349/36/414 2363/56/427
f  2363/56/424 2349/36/418 2355/37/425
f  2357/42/435 2347/41/412 2355/57/426
f  2355/57/425 2347/41/416 2357/42/436
f  2364/58/443 2356/59/433 2350/60/419
f  2350/60/420 2356/59/434 2364/58/444
f  2365/61/445 2350/40/419 2354/33/431
f  2354/33/432 2350/40/420 2365/61/446
f  2366/62/447 2350/63/419 2357/64/435
f  2357/64/436 2350/63/420 2366/62/448
f  2356/44/421 2367/65/421 2351/25/421
f  2351/25/422 2367/65/422 2356/44/422
f  2358/66/449 2368/67/450 2351/68/450
f  2351/68/451 2368/67/451 2358/66/452
f  2354/69/431 2358/70/453 2351/71/454
f  2351/71/455 2358/70/456 2354/69/432
f  2352/72/423 2369/73/457 2359/74/422
f  2359/74/421 2369/73/458 2352/72/428
f  2361/53/439 2346/52/424 2359/75/424
f  2359/75/427 2346/52/427 2361/53/440
f  2352/48/423 2356/47/436 2370/76/459
f  2370/76/460 2356/47/435 2352/48/428
f  2358/77/453 2360/78/437 2353/79/429
f  2353/79/430 2360/78/438 2358/77/456
f  2362/55/441 2349/35/414 2360/80/437
f  2360/80/438 2349/35/418 2362/55/442
f  2360/81/437 2363/82/427 2349/83/414
f  2349/83/418 2363/82/424 2360/81/438
f  2353/84/439 2371/85/449 2358/86/449
f  2358/86/452 2371/85/452 2353/84/440
f  2371/85/449 2353/84/439 2361/87/439
f  2361/87/440 2353/84/440 2371/85/452
f  2358/70/453 2354/69/431 2362/88/441
f  2362/88/442 2354/69/432 2358/70/456
f  2354/89/431 2372/90/452 2362/91/441
f  2362/91/442 2372/90/449 2354/89/432
f  2373/33/422 2355/34/422 2363/35/422
f  2363/35/421 2355/34/421 2373/33/421
f  2373/33/422 2357/40/422 2355/34/422
f  2355/34/421 2357/40/421 2373/33/421
f  2356/59/433 2364/58/443 2374/92/461
f  2374/92/462 2364/58/444 2356/59/434
f  2365/61/445 2364/93/443 2350/40/419
f  2350/40/420 2364/93/444 2365/61/446
f  2350/63/419 2366/62/447 2364/94/443
f  2364/94/444 2366/62/448 2350/63/420
f  2351/95/454 2365/96/445 2354/97/431
f  2354/97/432 2365/96/446 2351/95/455
f  2365/98/445 2373/99/451 2354/100/431
f  2354/100/432 2373/99/450 2365/98/446
f  2375/61/422 2366/93/422 2357/40/422
f  2357/40/421 2366/93/421 2375/61/421
f  2374/101/421 2367/65/421 2356/44/421
f  2356/44/422 2367/65/422 2374/101/422
f  2368/102/450 2367/103/463 2351/104/450
f  2351/104/451 2367/103/464 2368/102/451
f  2365/96/445 2351/95/454 2367/105/465
f  2367/105/466 2351/95/455 2365/96/446
f  2368/67/450 2358/66/449 2371/106/449
f  2371/106/452 2358/66/452 2368/67/451
f  2370/107/459 2369/73/457 2352/72/423
f  2352/72/428 2369/73/458 2370/107/460
f  2359/74/422 2369/73/457 2361/108/422
f  2361/108/421 2369/73/458 2359/74/421
f  2356/109/436 2376/110/467 2370/111/459
f  2370/111/460 2376/110/468 2356/109/435
f  2360/78/437 2358/77/453 2362/112/441
f  2362/112/442 2358/77/456 2360/78/438
f  2362/113/441 2377/114/440 2360/115/437
f  2360/115/438 2377/114/439 2362/113/442
f  2363/82/427 2360/81/437 2377/116/440
f  2377/116/439 2360/81/438 2363/82/424
f  2361/108/422 2378/117/469 2371/118/422
f  2371/118/421 2378/117/470 2361/108/421
f  2372/90/452 2354/89/431 2373/119/451
f  2373/119/450 2354/89/432 2372/90/449
f  2377/114/440 2362/113/441 2372/120/452
f  2372/120/449 2362/113/442 2377/114/439
f  2373/33/422 2363/35/422 2372/55/422
f  2372/55/421 2363/35/421 2373/33/421
f  2375/61/422 2357/40/422 2373/33/422
f  2373/33/421 2357/40/421 2375/61/421
f  2379/121/471 2374/122/461 2364/123/443
f  2364/123/444 2374/122/462 2379/121/472
f  2376/110/467 2356/109/436 2374/124/448
f  2374/124/447 2356/109/435 2376/110/468
f  2365/61/445 2379/125/471 2364/93/443
f  2364/93/444 2379/125/472 2365/61/446
f  2380/126/473 2364/127/443 2366/128/447
f  2366/128/448 2364/127/444 2380/126/474
f  2373/99/451 2365/98/445 2375/129/464
f  2375/129/463 2365/98/446 2373/99/450
f  2375/61/422 2380/125/422 2366/93/422
f  2366/93/421 2380/125/421 2375/61/421
f  2381/130/421 2367/65/421 2374/101/421
f  2374/101/422 2367/65/422 2381/130/422
f  2367/103/463 2368/102/450 2382/131/463
f  2382/131/464 2368/102/451 2367/103/464
f  2367/132/465 2383/133/475 2365/134/445
f  2365/134/446 2383/133/476 2367/132/466
f  2384/135/477 2368/136/422 2371/118/422
f  2371/118/421 2368/136/421 2384/135/478
f  2370/107/459 2385/137/479 2369/73/457
f  2369/73/458 2385/137/480 2370/107/460
f  2361/108/422 2369/73/457 2378/117/469
f  2378/117/470 2369/73/458 2361/108/421
f  2376/138/467 2385/137/479 2370/107/459
f  2370/107/460 2385/137/480 2376/138/468
f  2372/55/422 2363/35/422 2377/80/422
f  2377/80/421 2363/35/421 2372/55/421
f  2384/135/477 2371/118/422 2378/117/469
f  2378/117/470 2371/118/421 2384/135/478
f  2374/122/461 2379/121/471 2381/139/481
f  2381/139/482 2379/121/472 2374/122/462
f  2364/127/443 2380/126/473 2379/140/471
f  2379/140/472 2380/126/474 2364/127/444
f  2381/141/474 2376/142/467 2374/143/448
f  2374/143/447 2376/142/468 2381/141/473
f  2383/144/475 2379/125/471 2365/61/445
f  2365/61/446 2379/125/472 2383/144/476
f  2383/145/475 2375/146/464 2365/147/445
f  2365/147/446 2375/146/463 2383/145/476
f  2386/144/422 2380/125/422 2375/61/422
f  2375/61/421 2380/125/421 2386/144/421
f  2381/130/421 2387/148/421 2367/65/421
f  2367/65/422 2387/148/422 2381/130/422
f  2384/135/477 2382/149/422 2368/136/422
f  2368/136/421 2382/149/421 2384/135/478
f  2388/150/483 2367/151/463 2382/152/463
f  2382/152/464 2367/151/464 2388/150/484
f  2383/133/475 2367/132/465 2387/153/485
f  2387/153/486 2367/132/466 2383/133/476
f  2385/154/479 2389/155/487 2369/156/457
f  2369/156/458 2389/155/488 2385/154/480
f  2369/157/457 2390/158/489 2385/159/479
f  2385/159/480 2390/158/490 2369/157/458
f  2369/160/457 2391/161/491 2378/162/469
f  2378/162/470 2391/161/492 2369/160/458
f  2378/163/469 2392/164/493 2369/165/457
f  2369/165/458 2392/164/494 2378/163/470
f  2393/166/495 2385/137/479 2376/138/467
f  2376/138/468 2385/137/480 2393/166/496
f  2384/135/477 2378/117/469 2394/167/497
f  2394/167/498 2378/117/470 2384/135/478
f  2395/168/499 2381/169/481 2379/170/471
f  2379/170/472 2381/169/482 2395/168/500
f  2396/171/501 2379/172/471 2380/173/473
f  2380/173/474 2379/172/472 2396/171/502
f  2376/142/467 2381/141/474 2393/174/495
f  2393/174/496 2381/141/473 2376/142/468
f  2383/144/475 2395/175/499 2379/125/471
f  2379/125/472 2395/175/500 2383/144/476
f  2375/146/464 2383/145/475 2386/176/484
f  2386/176/483 2383/145/476 2375/146/463
f  2386/144/422 2396/175/422 2380/125/422
f  2380/125/421 2396/175/421 2386/144/421
f  2397/177/421 2387/148/421 2381/130/421
f  2381/130/422 2387/148/422 2397/177/422
f  2367/151/463 2388/150/483 2387/178/483
f  2387/178/484 2388/150/484 2367/151/464
f  2398/179/503 2382/149/422 2384/135/477
f  2384/135/478 2382/149/421 2398/179/504
f  2398/179/503 2388/180/422 2382/149/422
f  2382/149/421 2388/180/421 2398/179/504
f  2387/181/485 2384/182/477 2383/183/475
f  2383/183/476 2384/182/478 2387/181/486
f  2389/155/487 2385/154/479 2399/184/505
f  2399/184/506 2385/154/480 2389/155/488
f  2391/161/491 2369/160/457 2389/185/487
f  2389/185/488 2369/160/458 2391/161/492
f  2390/158/489 2369/157/457 2392/186/493
f  2392/186/494 2369/157/458 2390/158/490
f  2400/187/507 2385/188/479 2390/189/489
f  2390/189/490 2385/188/480 2400/187/508
f  2401/190/509 2378/191/469 2391/192/491
f  2391/192/492 2378/191/470 2401/190/510
f  2392/164/493 2378/163/469 2402/193/511
f  2402/193/512 2378/163/470 2392/164/494
f  2393/166/495 2403/194/513 2385/137/479
f  2385/137/480 2403/194/514 2393/166/496
f  2378/191/469 2401/190/509 2394/195/497
f  2394/195/498 2401/190/510 2378/191/470
f  2394/196/497 2402/197/511 2378/198/469
f  2378/198/470 2402/197/512 2394/196/498
f  2384/135/477 2394/167/497 2383/144/475
f  2383/144/476 2394/167/498 2384/135/478
f  2381/169/481 2395/168/499 2397/199/515
f  2397/199/516 2395/168/500 2381/169/482
f  2379/172/471 2396/171/501 2395/200/499
f  2395/200/500 2396/171/502 2379/172/472
f  2397/201/502 2393/202/495 2381/203/474
f  2381/203/473 2393/202/496 2397/201/501
f  2383/144/475 2394/167/497 2395/175/499
f  2395/175/500 2394/167/498 2383/144/476
f  2384/204/477 2386/205/484 2383/206/475
f  2383/206/476 2386/205/483 2384/204/478
f  2386/144/422 2404/167/422 2396/175/422
f  2396/175/421 2404/167/421 2386/144/421
f  2401/207/421 2387/148/421 2397/177/421
f  2397/177/422 2387/148/422 2401/207/422
f  2388/208/483 2405/209/517 2387/210/483
f  2387/210/484 2405/209/518 2388/208/484
f  2405/211/519 2398/212/503 2384/213/477
f  2384/213/478 2398/212/504 2405/211/520
f  2398/214/503 2406/215/518 2384/216/477
f  2384/216/478 2406/215/517 2398/214/504
f  2398/179/503 2407/217/422 2388/180/422
f  2388/180/421 2407/217/421 2398/179/504
f  2384/182/477 2387/181/485 2405/218/519
f  2405/218/520 2387/181/486 2384/182/478
f  2403/219/513 2399/220/505 2385/221/479
f  2385/221/480 2399/220/506 2403/219/514
f  2399/222/490 2408/223/494 2389/224/494
f  2389/224/493 2408/223/493 2399/222/489
f  2399/225/421 2409/226/421 2389/227/421
f  2389/227/422 2409/226/422 2399/225/422
f  2389/228/494 2410/229/512 2391/230/512
f  2391/230/511 2410/229/511 2389/228/493
f  2389/227/421 2405/231/421 2391/232/421
f  2391/232/422 2405/231/422 2389/227/422
f  2411/179/422 2390/137/422 2392/73/422
f  2392/73/421 2390/137/421 2411/179/421
f  2385/188/479 2400/187/507 2403/233/513
f  2403/233/514 2400/187/508 2385/188/480
f  2412/234/422 2400/194/422 2390/137/422
f  2390/137/421 2400/194/421 2412/234/421
f  2410/235/512 2401/236/521 2391/237/512
f  2391/237/511 2401/236/522 2410/235/511
f  2391/232/421 2405/231/421 2401/207/421
f  2401/207/422 2405/231/422 2391/232/422
f  2406/135/422 2392/73/422 2402/117/422
f  2402/117/421 2392/73/421 2406/135/421
f  2413/238/422 2403/194/513 2393/166/495
f  2393/166/496 2403/194/514 2413/238/421
f  2397/239/515 2394/240/497 2401/241/509
f  2401/241/510 2394/240/498 2397/239/516
f  2402/197/511 2394/196/497 2404/242/522
f  2404/242/521 2394/196/498 2402/197/512
f  2394/240/497 2397/239/515 2395/243/499
f  2395/243/500 2397/239/516 2394/240/498
f  2404/244/522 2395/245/499 2396/246/501
f  2396/246/502 2395/245/500 2404/244/521
f  2393/202/495 2397/201/502 2413/247/502
f  2413/247/501 2397/201/501 2393/202/496
f  2395/245/499 2404/244/522 2394/248/497
f  2394/248/498 2404/244/521 2395/245/500
f  2386/205/484 2384/204/477 2406/249/518
f  2406/249/517 2384/204/478 2386/205/483
f  2406/135/422 2404/167/422 2386/144/422
f  2386/144/421 2404/167/421 2406/135/421
f  2401/207/421 2405/231/421 2387/148/421
f  2387/148/422 2405/231/422 2401/207/422
f  2414/250/521 2397/251/502 2401/252/521
f  2401/252/522 2397/251/501 2414/250/522
f  2405/209/517 2388/208/483 2407/253/517
f  2407/253/518 2388/208/484 2405/209/518
f  2398/212/503 2405/211/519 2409/254/523
f  2409/254/524 2405/211/520 2398/212/504
f  2406/215/518 2398/214/503 2411/255/525
f  2411/255/526 2398/214/504 2406/215/517
f  2415/256/527 2407/217/422 2398/179/503
f  2398/179/504 2407/217/421 2415/256/528
f  2399/220/505 2403/219/513 2416/257/529
f  2416/257/530 2403/219/514 2399/220/506
f  2408/223/494 2399/222/490 2417/258/490
f  2417/258/489 2399/222/489 2408/223/493
f  2410/229/512 2389/228/494 2408/259/494
f  2408/259/493 2389/228/493 2410/229/511
f  2399/225/421 2418/260/421 2409/226/421
f  2409/226/422 2418/260/422 2399/225/422
f  2389/227/421 2409/226/421 2405/231/421
f  2405/231/422 2409/226/422 2389/227/422
f  2411/179/422 2419/261/422 2390/137/422
f  2390/137/421 2419/261/421 2411/179/421
f  2411/179/422 2392/73/422 2406/135/422
f  2406/135/421 2392/73/421 2411/179/421
f  2420/262/531 2403/263/513 2400/264/507
f  2400/264/508 2403/263/514 2420/262/532
f  2421/265/422 2400/194/422 2412/234/422
f  2412/234/421 2400/194/421 2421/265/421
f  2412/234/422 2390/137/422 2422/266/422
f  2422/266/421 2390/137/421 2412/234/421
f  2401/236/521 2410/235/512 2414/267/521
f  2414/267/522 2410/235/511 2401/236/522
f  2406/135/422 2402/117/422 2404/167/422
f  2404/167/421 2402/117/421 2406/135/421
f  2414/268/422 2403/194/513 2413/238/422
f  2413/238/421 2403/194/514 2414/268/421
f  2397/251/502 2414/250/521 2413/269/502
f  2413/269/501 2414/250/522 2397/251/501
f  2423/270/526 2405/271/517 2407/272/517
f  2407/272/518 2405/271/518 2423/270/525
f  2405/271/517 2423/270/526 2409/273/526
f  2409/273/525 2423/270/525 2405/271/518
f  2409/274/523 2415/275/527 2398/276/503
f  2398/276/504 2415/275/528 2409/274/524
f  2415/277/527 2411/278/525 2398/279/503
f  2398/279/504 2411/278/526 2415/277/528
f  2415/256/527 2423/280/422 2407/217/422
f  2407/217/421 2423/280/421 2415/256/528
f  2424/281/533 2416/282/529 2403/283/513
f  2403/283/514 2416/282/530 2424/281/534
f  2416/284/421 2418/260/421 2399/225/421
f  2399/225/422 2418/260/422 2416/284/422
f  2416/285/508 2417/286/490 2399/287/490
f  2399/287/489 2417/286/489 2416/285/507
f  2417/288/422 2425/289/535 2408/290/422
f  2408/290/421 2425/289/536 2417/288/421
f  2408/290/422 2426/291/537 2410/292/422
f  2410/292/421 2426/291/538 2408/290/421
f  2423/293/526 2418/294/539 2409/295/526
f  2409/295/525 2418/294/540 2423/293/525
f  2415/275/527 2409/274/523 2418/296/541
f  2418/296/542 2409/274/524 2415/275/528
f  2411/179/422 2427/297/422 2419/261/422
f  2419/261/421 2427/297/421 2411/179/421
f  2428/298/422 2390/137/422 2419/261/422
f  2419/261/421 2390/137/421 2428/298/421
f  2403/263/513 2420/262/531 2424/299/533
f  2424/299/534 2420/262/532 2403/263/514
f  2429/300/422 2420/301/422 2400/194/422
f  2400/194/421 2420/301/421 2429/300/421
f  2429/300/422 2400/194/422 2421/265/422
f  2421/265/421 2400/194/421 2429/300/421
f  2412/302/425 2430/303/436 2421/304/436
f  2421/304/435 2430/303/435 2412/302/426
f  2422/266/422 2390/137/422 2428/298/422
f  2428/298/421 2390/137/421 2422/266/421
f  2422/305/424 2431/306/425 2412/307/425
f  2412/307/426 2431/306/426 2422/305/427
f  2410/292/422 2424/301/533 2414/268/422
f  2414/268/421 2424/301/534 2410/292/421
f  2414/268/422 2424/301/533 2403/194/513
f  2403/194/514 2424/301/534 2414/268/421
f  2411/278/525 2415/277/527 2432/308/540
f  2432/308/539 2415/277/528 2411/278/526
f  2433/309/543 2423/280/422 2415/256/527
f  2415/256/528 2423/280/421 2433/309/544
f  2416/282/529 2424/281/533 2434/310/545
f  2434/310/546 2424/281/534 2416/282/530
f  2434/311/421 2418/260/421 2416/284/421
f  2416/284/422 2418/260/422 2434/311/422
f  2417/286/490 2416/285/508 2435/312/508
f  2435/312/507 2416/285/507 2417/286/489
f  2417/288/422 2436/313/547 2425/289/535
f  2425/289/536 2436/313/548 2417/288/421
f  2408/290/422 2425/289/535 2437/314/549
f  2437/314/550 2425/289/536 2408/290/421
f  2408/290/422 2437/314/549 2426/291/537
f  2426/291/538 2437/314/550 2408/290/421
f  2410/292/422 2426/291/537 2424/301/533
f  2424/301/534 2426/291/538 2410/292/421
f  2418/294/539 2423/293/526 2438/315/539
f  2438/315/540 2423/293/525 2418/294/540
f  2418/316/541 2433/317/543 2415/318/527
f  2415/318/528 2433/317/544 2418/316/542
f  2411/179/422 2439/319/422 2427/297/422
f  2427/297/421 2439/319/421 2411/179/421
f  2427/320/450 2440/321/551 2419/322/551
f  2419/322/552 2440/321/552 2427/320/451
f  2419/323/553 2441/324/439 2428/325/439
f  2428/325/440 2441/324/440 2419/323/554
f  2442/326/555 2424/327/533 2420/328/531
f  2420/328/532 2424/327/534 2442/326/556
f  2443/329/422 2420/301/422 2429/300/422
f  2429/300/421 2420/301/421 2443/329/421
f  2421/330/436 2444/331/448 2429/332/448
f  2429/332/447 2444/331/447 2421/330/435
f  2430/303/436 2412/302/425 2431/333/425
f  2431/333/426 2412/302/426 2430/303/435
f  2444/331/448 2421/330/436 2430/334/436
f  2430/334/435 2421/330/435 2444/331/447
f  2428/335/439 2445/336/424 2422/337/424
f  2422/337/427 2445/336/427 2428/335/440
f  2431/306/425 2422/305/424 2445/338/424
f  2445/338/427 2422/305/427 2431/306/426
f  2415/339/527 2446/340/557 2432/341/540
f  2432/341/539 2446/340/558 2415/339/528
f  2432/256/422 2447/342/422 2411/179/422
f  2411/179/421 2447/342/421 2432/256/421
f  2433/309/543 2438/343/422 2423/280/422
f  2423/280/421 2438/343/421 2433/309/544
f  2446/340/557 2415/339/527 2433/344/543
f  2433/344/544 2415/339/528 2446/340/558
f  2426/345/537 2434/346/545 2424/347/533
f  2424/347/534 2434/346/546 2426/345/538
f  2434/348/532 2435/349/508 2416/350/508
f  2416/350/507 2435/349/507 2434/348/531
f  2448/351/421 2418/260/421 2434/311/421
f  2434/311/422 2418/260/422 2448/351/422
f  2435/352/422 2436/313/547 2417/288/422
f  2417/288/421 2436/313/548 2435/352/421
f  2436/353/547 2449/354/559 2425/355/535
f  2425/355/536 2449/354/560 2436/353/548
f  2425/356/535 2450/357/561 2436/358/547
f  2436/358/548 2450/357/562 2425/356/536
f  2425/359/535 2451/360/563 2437/361/549
f  2437/361/550 2451/360/564 2425/359/536
f  2437/362/549 2452/363/565 2425/364/535
f  2425/364/536 2452/363/566 2437/362/550
f  2437/365/549 2448/366/567 2426/367/537
f  2426/367/538 2448/366/568 2437/365/550
f  2426/368/537 2453/369/569 2437/370/549
f  2437/370/550 2453/369/570 2426/368/538
f  2424/327/533 2442/326/555 2426/371/537
f  2426/371/538 2442/326/556 2424/327/534
f  2438/372/539 2454/373/558 2418/374/539
f  2418/374/540 2454/373/557 2438/372/540
f  2433/317/543 2418/316/541 2454/375/571
f  2454/375/572 2418/316/542 2433/317/544
f  2411/179/422 2447/342/422 2439/319/422
f  2439/319/421 2447/342/421 2411/179/421
f  2439/376/463 2455/377/450 2427/378/450
f  2427/378/451 2455/377/451 2439/376/464
f  2440/321/551 2427/320/450 2455/379/450
f  2455/379/451 2427/320/451 2440/321/552
f  2441/324/439 2419/323/553 2440/380/553
f  2440/380/554 2419/323/554 2441/324/440
f  2445/336/424 2428/335/439 2441/381/439
f  2441/381/440 2428/335/440 2445/336/427
f  2456/382/422 2442/291/422 2420/301/422
f  2420/301/421 2442/291/421 2456/382/421
f  2456/382/422 2420/301/422 2443/329/422
f  2443/329/421 2420/301/421 2456/382/421
f  2429/383/448 2457/384/474 2443/385/474
f  2443/385/473 2457/384/473 2429/383/447
f  2457/384/474 2429/383/448 2444/386/448
f  2444/386/447 2429/383/447 2457/384/473
f  2458/319/422 2430/265/422 2431/234/422
f  2431/234/421 2430/265/421 2458/319/421
f  2458/319/422 2444/300/422 2430/265/422
f  2430/265/421 2444/300/421 2458/319/421
f  2455/297/422 2431/234/422 2445/266/422
f  2445/266/421 2431/234/421 2455/297/421
f  2446/309/422 2459/387/422 2432/256/422
f  2432/256/421 2459/387/421 2446/309/421
f  2432/256/422 2460/388/422 2447/342/422
f  2447/342/421 2460/388/421 2432/256/421
f  2433/309/543 2461/389/422 2438/343/422
f  2438/343/421 2461/389/421 2433/309/544
f  2433/390/543 2462/391/573 2446/392/557
f  2446/392/558 2462/391/574 2433/390/544
f  2434/346/545 2426/345/537 2448/393/567
f  2448/393/568 2426/345/538 2434/346/546
f  2435/349/508 2434/348/532 2463/394/532
f  2463/394/531 2434/348/531 2435/349/507
f  2448/351/421 2454/395/421 2418/260/421
f  2418/260/422 2454/395/422 2448/351/422
f  2464/396/556 2434/397/532 2448/398/556
f  2448/398/555 2434/397/531 2464/396/555
f  2435/352/422 2465/399/575 2436/313/547
f  2436/313/548 2465/399/576 2435/352/421
f  2449/354/559 2436/353/547 2466/400/577
f  2466/400/578 2436/353/548 2449/354/560
f  2451/360/563 2425/359/535 2449/401/559
f  2449/401/560 2425/359/536 2451/360/564
f  2450/357/561 2425/356/535 2452/402/565
f  2452/402/566 2425/356/536 2450/357/562
f  2467/403/579 2436/404/547 2450/405/561
f  2450/405/562 2436/404/548 2467/403/580
f  2448/366/567 2437/365/549 2451/406/563
f  2451/406/564 2437/365/550 2448/366/568
f  2452/363/565 2437/362/549 2453/407/569
f  2453/407/570 2437/362/550 2452/363/566
f  2453/369/569 2426/368/537 2442/408/555
f  2442/408/556 2426/368/538 2453/369/570
f  2454/373/558 2438/372/539 2461/409/558
f  2461/409/557 2438/372/540 2454/373/557
f  2454/410/571 2468/411/581 2433/412/543
f  2433/412/544 2468/411/582 2454/410/572
f  2447/413/483 2458/414/463 2439/415/463
f  2439/415/464 2458/414/464 2447/413/484
f  2455/377/450 2439/376/463 2458/416/463
f  2458/416/464 2439/376/464 2455/377/451
f  2455/297/422 2445/266/422 2440/261/422
f  2440/261/421 2445/266/421 2455/297/421
f  2440/261/422 2445/266/422 2441/298/422
f  2441/298/421 2445/266/421 2440/261/421
f  2469/417/422 2442/291/422 2456/382/422
f  2456/382/421 2442/291/421 2469/417/421
f  2443/418/474 2470/419/502 2456/420/502
f  2456/420/501 2470/419/501 2443/418/473
f  2470/419/502 2443/418/474 2457/421/474
f  2457/421/473 2443/418/473 2470/419/501
f  2471/342/422 2457/329/422 2444/300/422
f  2444/300/421 2457/329/421 2471/342/421
f  2458/319/422 2431/234/422 2455/297/422
f  2455/297/421 2431/234/421 2458/319/421
f  2471/342/422 2444/300/422 2458/319/422
f  2458/319/421 2444/300/421 2471/342/421
f  2446/309/422 2472/422/422 2459/387/422
f  2459/387/421 2472/422/421 2446/309/421
f  2432/256/422 2459/387/422 2460/388/422
f  2460/388/421 2459/387/421 2432/256/421
f  2460/423/517 2471/424/483 2447/425/483
f  2447/425/484 2471/424/484 2460/423/518
f  2468/426/581 2461/389/422 2433/309/543
f  2433/309/544 2461/389/421 2468/426/582
f  2462/391/573 2433/390/543 2468/427/581
f  2468/427/582 2433/390/544 2462/391/574
f  2462/426/422 2472/422/422 2446/309/422
f  2446/309/421 2472/422/421 2462/426/421
f  2434/397/532 2464/396/556 2463/428/532
f  2463/428/531 2464/396/555 2434/397/531
f  2463/429/422 2473/430/583 2435/352/422
f  2435/352/421 2473/430/584 2463/429/421
f  2451/431/421 2454/395/421 2448/351/421
f  2448/351/422 2454/395/422 2451/431/422
f  2448/432/556 2474/433/570 2464/434/556
f  2464/434/555 2474/433/569 2448/432/555
f  2435/352/422 2473/430/583 2465/399/575
f  2465/399/576 2473/430/584 2435/352/421
f  2465/435/575 2466/436/577 2436/437/547
f  2436/437/548 2466/436/578 2465/435/576
f  2436/404/547 2467/403/579 2465/438/575
f  2465/438/576 2467/403/580 2436/404/548
f  2475/439/562 2449/440/566 2466/441/562
f  2466/441/561 2449/440/565 2475/439/561
f  2466/442/421 2454/395/421 2449/443/421
f  2449/443/422 2454/395/422 2466/442/422
f  2449/444/566 2474/445/570 2451/446/570
f  2451/446/569 2474/445/569 2449/444/565
f  2449/443/421 2454/395/421 2451/431/421
f  2451/431/422 2454/395/422 2449/443/422
f  2476/447/422 2450/313/422 2452/289/422
f  2452/289/421 2450/313/421 2476/447/421
f  2476/447/422 2467/399/422 2450/313/422
f  2450/313/421 2467/399/421 2476/447/421
f  2474/433/570 2448/432/556 2451/448/570
f  2451/448/569 2448/432/555 2474/433/569
f  2477/449/422 2452/289/422 2453/314/422
f  2453/314/421 2452/289/421 2477/449/421
f  2469/417/422 2453/314/422 2442/291/422
f  2442/291/421 2453/314/421 2469/417/421
f  2461/450/558 2478/451/574 2454/452/558
f  2454/452/557 2478/451/573 2461/450/557
f  2468/411/581 2454/410/571 2478/453/585
f  2478/453/586 2454/410/572 2468/411/582
f  2458/414/463 2447/413/483 2471/454/483
f  2471/454/484 2447/413/484 2458/414/464
f  2456/455/502 2479/456/521 2469/457/521
f  2469/457/522 2479/456/522 2456/455/501
f  2479/456/521 2456/455/502 2470/458/502
f  2470/458/501 2456/455/501 2479/456/522
f  2471/342/422 2470/382/422 2457/329/422
f  2457/329/421 2470/382/421 2471/342/421
f  2472/459/539 2480/460/526 2459/461/526
f  2459/461/525 2480/460/525 2472/459/540
f  2459/462/526 2481/463/517 2460/464/517
f  2460/464/518 2481/463/518 2459/462/525
f  2471/424/483 2460/423/517 2481/465/517
f  2481/465/518 2460/423/518 2471/424/484
f  2468/426/581 2482/466/422 2461/389/422
f  2461/389/421 2482/466/421 2468/426/582
f  2468/467/581 2483/468/587 2462/469/573
f  2462/469/574 2483/468/588 2468/467/582
f  2462/426/422 2484/470/422 2472/422/422
f  2472/422/421 2484/470/421 2462/426/421
f  2464/471/422 2485/472/589 2463/429/422
f  2463/429/421 2485/472/590 2464/471/421
f  2463/429/422 2486/473/591 2473/430/583
f  2473/430/584 2486/473/592 2463/429/421
f  2474/474/422 2487/475/593 2464/471/422
f  2464/471/421 2487/475/594 2474/474/421
f  2473/476/583 2488/477/595 2465/478/575
f  2465/478/576 2488/477/596 2473/476/584
f  2465/479/575 2489/480/597 2473/481/583
f  2473/481/584 2489/480/598 2465/479/576
f  2466/436/577 2465/435/575 2488/482/595
f  2488/482/596 2465/435/576 2466/436/578
f  2489/480/597 2465/479/575 2467/483/579
f  2467/483/580 2465/479/576 2489/480/598
f  2449/440/566 2475/439/562 2490/484/566
f  2490/484/565 2475/439/561 2449/440/565
f  2488/485/580 2475/486/562 2466/487/562
f  2466/487/561 2475/486/561 2488/485/579
f  2466/442/421 2478/488/421 2454/395/421
f  2454/395/422 2478/488/422 2466/442/422
f  2474/445/570 2449/444/566 2490/489/566
f  2490/489/565 2449/444/565 2474/445/569
f  2476/447/422 2452/289/422 2477/449/422
f  2477/449/421 2452/289/421 2476/447/421
f  2491/490/422 2467/399/422 2476/447/422
f  2476/447/421 2467/399/421 2491/490/421
f  2477/449/422 2453/314/422 2469/417/422
f  2469/417/421 2453/314/421 2477/449/421
f  2478/451/574 2461/450/558 2482/491/574
f  2482/491/573 2461/450/557 2478/451/573
f  2478/492/585 2492/493/599 2468/494/581
f  2468/494/582 2492/493/600 2478/492/586
f  2493/495/512 2469/496/521 2479/497/521
f  2479/497/522 2469/496/522 2493/495/511
f  2481/388/422 2479/417/422 2470/382/422
f  2470/382/421 2479/417/421 2481/388/421
f  2481/388/422 2470/382/422 2471/342/422
f  2471/342/421 2470/382/421 2481/388/421
f  2480/460/526 2472/459/539 2494/498/539
f  2494/498/540 2472/459/540 2480/460/525
f  2481/463/517 2459/462/526 2480/499/526
f  2480/499/525 2459/462/525 2481/463/518
f  2492/500/599 2482/466/422 2468/426/581
f  2468/426/582 2482/466/421 2492/500/600
f  2483/468/587 2468/467/581 2492/501/599
f  2492/501/600 2468/467/582 2483/468/588
f  2483/500/422 2495/502/422 2462/426/422
f  2462/426/421 2495/502/421 2483/500/421
f  2462/426/422 2495/502/422 2484/470/422
f  2484/470/421 2495/502/421 2462/426/421
f  2496/503/558 2472/504/539 2484/505/558
f  2484/505/557 2472/504/540 2496/503/557
f  2464/471/422 2497/506/601 2485/472/589
f  2485/472/590 2497/506/602 2464/471/421
f  2463/429/422 2485/472/589 2486/473/591
f  2486/473/592 2485/472/590 2463/429/421
f  2486/507/591 2498/508/603 2473/509/583
f  2473/509/584 2498/508/604 2486/507/592
f  2473/510/583 2499/511/605 2486/512/591
f  2486/512/592 2499/511/606 2473/510/584
f  2490/513/422 2487/475/593 2474/474/422
f  2474/474/421 2487/475/594 2490/513/421
f  2464/471/422 2487/475/593 2500/514/607
f  2500/514/608 2487/475/594 2464/471/421
f  2488/477/595 2473/476/583 2498/515/603
f  2498/515/604 2473/476/584 2488/477/596
f  2499/511/605 2473/510/583 2489/516/597
f  2489/516/598 2473/510/584 2499/511/606
f  2488/517/421 2478/488/421 2466/442/421
f  2466/442/422 2478/488/422 2488/517/422
f  2491/490/422 2489/430/422 2467/399/422
f  2467/399/421 2489/430/421 2491/490/421
f  2475/518/422 2487/475/593 2490/513/422
f  2490/513/421 2487/475/594 2475/518/421
f  2475/486/562 2488/485/580 2501/519/580
f  2501/519/579 2488/485/579 2475/486/561
f  2477/520/512 2502/521/494 2476/522/494
f  2476/522/493 2502/521/493 2477/520/511
f  2476/523/494 2503/524/490 2491/525/490
f  2491/525/489 2503/524/489 2476/523/493
f  2469/496/521 2493/495/512 2477/526/512
f  2477/526/511 2493/495/511 2469/496/522
f  2482/527/574 2504/528/588 2478/529/574
f  2478/529/573 2504/528/587 2482/527/573
f  2492/493/599 2478/492/585 2504/530/609
f  2504/530/610 2478/492/586 2492/493/600
f  2481/388/422 2493/449/422 2479/417/422
f  2479/417/421 2493/449/421 2481/388/421
f  2472/504/539 2496/503/558 2494/531/539
f  2494/531/540 2496/503/557 2472/504/540
f  2494/422/422 2503/490/422 2480/387/422
f  2480/387/421 2503/490/421 2494/422/421
f  2480/387/422 2493/449/422 2481/388/422
f  2481/388/421 2493/449/421 2480/387/421
f  2492/500/599 2505/532/422 2482/466/422
f  2482/466/421 2505/532/421 2492/500/600
f  2492/533/599 2506/534/611 2483/535/587
f  2483/535/588 2506/534/612 2492/533/600
f  2483/500/422 2507/536/422 2495/502/422
f  2495/502/421 2507/536/421 2483/500/421
f  2508/537/574 2484/538/558 2495/539/574
f  2495/539/573 2484/538/557 2508/537/573
f  2484/538/558 2508/537/574 2496/540/558
f  2496/540/557 2508/537/573 2484/538/557
f  2464/471/422 2500/514/607 2497/506/601
f  2497/506/602 2500/514/608 2464/471/421
f  2485/541/589 2509/542/613 2497/543/601
f  2497/543/602 2509/542/614 2485/541/590
f  2497/544/601 2510/545/615 2485/546/589
f  2485/546/590 2510/545/616 2497/544/602
f  2485/547/589 2511/548/617 2486/549/591
f  2486/549/592 2511/548/618 2485/547/590
f  2486/550/591 2512/551/619 2485/552/589
f  2485/552/590 2512/551/620 2486/550/592
f  2498/508/603 2486/507/591 2511/553/617
f  2511/553/618 2486/507/592 2498/508/604
f  2512/551/619 2486/550/591 2499/554/605
f  2499/554/606 2486/550/592 2512/551/620
f  2500/555/607 2513/556/621 2487/557/593
f  2487/557/594 2513/556/622 2500/555/608
f  2487/558/593 2514/559/623 2500/560/607
f  2500/560/608 2514/559/624 2487/558/594
f  2515/561/598 2488/562/580 2498/563/598
f  2498/563/597 2488/562/579 2515/561/597
f  2498/564/421 2478/488/421 2488/517/421
f  2488/517/422 2478/488/422 2498/564/422
f  2491/490/422 2499/473/422 2489/430/422
f  2489/430/421 2499/473/421 2491/490/421
f  2501/565/422 2487/475/593 2475/518/422
f  2475/518/421 2487/475/594 2501/565/421
f  2488/562/580 2515/561/598 2501/566/580
f  2501/566/579 2515/561/597 2488/562/579
f  2502/521/494 2477/520/512 2493/567/512
f  2493/567/511 2477/520/511 2502/521/493
f  2503/524/490 2476/523/494 2502/568/494
f  2502/568/493 2476/523/493 2503/524/489
f  2516/569/625 2491/570/490 2503/571/490
f  2503/571/489 2491/570/489 2516/569/626
f  2504/528/588 2482/527/574 2505/572/588
f  2505/572/587 2482/527/573 2504/528/587
f  2517/573/421 2504/574/421 2478/488/421
f  2478/488/422 2504/574/422 2517/573/422
f  2504/575/609 2518/576/627 2492/577/599
f  2492/577/600 2518/576/628 2504/575/610
f  2496/470/422 2519/578/422 2494/422/422
f  2494/422/421 2519/578/421 2496/470/421
f  2494/422/422 2516/579/422 2503/490/422
f  2503/490/421 2516/579/421 2494/422/421
f  2480/387/422 2503/490/422 2502/447/422
f  2502/447/421 2503/490/421 2480/387/421
f  2480/387/422 2502/447/422 2493/449/422
f  2493/449/421 2502/447/421 2480/387/421
f  2518/580/627 2505/532/422 2492/500/599
f  2492/500/600 2505/532/421 2518/580/628
f  2506/534/611 2492/533/599 2518/581/627
f  2518/581/628 2492/533/600 2506/534/612
f  2506/580/422 2507/536/422 2483/500/422
f  2483/500/421 2507/536/421 2506/580/421
f  2520/582/588 2495/583/574 2507/584/588
f  2507/584/587 2495/583/573 2520/582/587
f  2495/583/574 2520/582/588 2508/585/574
f  2508/585/573 2520/582/587 2495/583/573
f  2508/502/422 2521/586/422 2496/470/422
f  2496/470/421 2521/586/421 2508/502/421
f  2500/587/607 2522/588/629 2497/589/601
f  2497/589/602 2522/588/630 2500/587/608
f  2497/590/601 2523/591/631 2500/592/607
f  2500/592/608 2523/591/632 2497/590/602
f  2509/542/613 2485/541/589 2512/593/619
f  2512/593/620 2485/541/590 2509/542/614
f  2523/591/631 2497/590/601 2509/594/613
f  2509/594/614 2497/590/602 2523/591/632
f  2510/545/615 2497/544/601 2522/595/629
f  2522/595/630 2497/544/602 2510/545/616
f  2511/548/617 2485/547/589 2510/596/615
f  2510/596/616 2485/547/590 2511/548/618
f  2524/597/606 2498/598/598 2511/599/606
f  2511/599/605 2498/598/597 2524/597/605
f  2511/600/421 2478/488/421 2498/564/421
f  2498/564/422 2478/488/422 2511/600/422
f  2525/579/422 2512/472/422 2499/473/422
f  2499/473/421 2512/472/421 2525/579/421
f  2513/556/621 2500/555/607 2523/601/631
f  2523/601/632 2500/555/608 2513/556/622
f  2514/559/623 2487/558/593 2517/602/633
f  2517/602/634 2487/558/594 2514/559/624
f  2522/588/629 2500/587/607 2514/603/623
f  2514/603/624 2500/587/608 2522/588/630
f  2498/598/598 2524/597/606 2515/604/598
f  2515/604/597 2524/597/605 2498/598/597
f  2525/579/422 2499/473/422 2491/490/422
f  2491/490/421 2499/473/421 2525/579/421
f  2515/605/422 2487/475/593 2501/565/422
f  2501/565/421 2487/475/594 2515/605/421
f  2491/570/490 2516/569/625 2525/606/625
f  2525/606/626 2516/569/626 2491/570/489
f  2505/607/588 2526/608/612 2504/609/588
f  2504/609/587 2526/608/611 2505/607/587
f  2517/573/421 2526/610/421 2504/574/421
f  2504/574/422 2526/610/422 2517/573/422
f  2517/573/421 2478/488/421 2514/611/421
f  2514/611/422 2478/488/422 2517/573/422
f  2518/576/627 2504/575/609 2526/612/635
f  2526/612/636 2504/575/610 2518/576/628
f  2496/470/422 2527/613/422 2519/578/422
f  2519/578/421 2527/613/421 2496/470/421
f  2494/422/422 2519/578/422 2516/579/422
f  2516/579/421 2519/578/421 2494/422/421
f  2518/580/627 2528/614/422 2505/532/422
f  2505/532/421 2528/614/421 2518/580/628
f  2518/615/627 2529/616/637 2506/617/611
f  2506/617/612 2529/616/638 2518/615/628
f  2506/580/422 2530/618/422 2507/536/422
f  2507/536/421 2530/618/421 2506/580/421
f  2507/619/588 2531/620/612 2520/621/588
f  2520/621/587 2531/620/611 2507/619/587
f  2520/536/422 2532/622/422 2508/502/422
f  2508/502/421 2532/622/421 2520/536/421
f  2508/502/422 2533/623/422 2521/586/422
f  2521/586/421 2533/623/421 2508/502/421
f  2496/470/422 2521/586/422 2534/624/422
f  2534/624/421 2521/586/421 2496/470/421
f  2525/579/422 2509/506/422 2512/472/422
f  2512/472/421 2509/506/421 2525/579/421
f  2525/579/422 2523/514/422 2509/506/422
f  2509/506/421 2523/514/421 2525/579/421
f  2522/625/614 2535/626/620 2510/627/620
f  2510/627/619 2535/626/619 2522/625/613
f  2522/628/421 2478/488/421 2510/629/421
f  2510/629/422 2478/488/422 2522/628/422
f  2535/630/620 2511/631/606 2510/632/620
f  2510/632/619 2511/631/605 2535/630/619
f  2510/629/421 2478/488/421 2511/600/421
f  2511/600/422 2478/488/422 2510/629/422
f  2511/631/606 2535/630/620 2524/633/606
f  2524/633/605 2535/630/619 2511/631/605
f  2525/579/422 2513/475/422 2523/514/422
f  2523/514/421 2513/475/421 2525/579/421
f  2517/634/639 2487/635/639 2536/636/639
f  2536/636/640 2487/635/640 2517/634/640
f  2536/637/622 2514/638/632 2517/639/622
f  2517/639/621 2514/638/631 2536/637/621
f  2514/611/421 2478/488/421 2522/628/421
f  2522/628/422 2478/488/422 2514/611/422
f  2537/640/632 2522/641/614 2514/642/632
f  2514/642/631 2522/641/613 2537/640/631
f  2524/643/422 2487/475/593 2515/605/422
f  2515/605/421 2487/475/594 2524/643/421
f  2519/644/532 2525/645/641 2516/646/641
f  2516/646/642 2525/645/642 2519/644/531
f  2526/608/612 2505/607/588 2528/647/612
f  2528/647/611 2505/607/587 2526/608/611
f  2517/573/421 2538/648/421 2526/610/421
f  2526/610/422 2538/648/422 2517/573/422
f  2526/649/635 2539/650/643 2518/651/627
f  2518/651/628 2539/650/644 2526/649/636
f  2496/470/422 2534/624/422 2527/613/422
f  2527/613/421 2534/624/421 2496/470/421
f  2527/652/556 2540/653/532 2519/654/532
f  2519/654/531 2540/653/531 2527/652/555
f  2539/655/643 2528/614/422 2518/580/627
f  2518/580/628 2528/614/421 2539/655/644
f  2529/616/637 2518/615/627 2539/656/643
f  2539/656/644 2518/615/628 2529/616/638
f  2529/655/422 2530/618/422 2506/580/422
f  2506/580/421 2530/618/421 2529/655/421
f  2531/620/612 2507/619/588 2530/657/612
f  2530/657/611 2507/619/587 2531/620/611
f  2531/618/422 2541/658/422 2520/536/422
f  2520/536/421 2541/658/421 2531/618/421
f  2520/536/422 2542/659/422 2532/622/422
f  2532/622/421 2542/659/421 2520/536/421
f  2508/502/422 2532/622/422 2543/660/422
f  2543/660/421 2532/622/421 2508/502/421
f  2508/502/422 2544/661/422 2533/623/422
f  2533/623/421 2544/661/421 2508/502/421
f  2533/662/562 2545/663/566 2521/664/566
f  2521/664/565 2545/663/565 2533/662/561
f  2521/665/566 2546/666/570 2534/667/570
f  2534/667/569 2546/666/569 2521/665/565
f  2535/626/620 2522/625/614 2547/668/614
f  2547/668/613 2522/625/613 2535/626/619
f  2535/669/422 2487/475/593 2524/643/422
f  2524/643/421 2487/475/594 2535/669/421
f  2540/578/422 2513/475/422 2525/579/422
f  2525/579/421 2513/475/421 2540/578/421
f  2487/475/593 2537/670/422 2536/671/422
f  2536/671/421 2537/670/421 2487/475/594
f  2514/638/632 2536/637/622 2537/672/632
f  2537/672/631 2536/637/621 2514/638/631
f  2522/641/614 2537/640/632 2547/673/614
f  2547/673/613 2537/640/631 2522/641/613
f  2525/645/641 2519/644/532 2540/674/532
f  2540/674/531 2519/644/531 2525/645/642
f  2528/675/612 2538/676/645 2526/677/612
f  2526/677/611 2538/676/646 2528/675/611
f  2517/573/421 2548/678/421 2538/648/421
f  2538/648/422 2548/678/422 2517/573/422
f  2539/650/643 2526/649/635 2538/679/647
f  2538/679/648 2526/649/636 2539/650/644
f  2534/680/570 2549/681/556 2527/682/556
f  2527/682/555 2549/681/555 2534/680/569
f  2540/653/532 2527/652/556 2549/683/556
f  2549/683/555 2527/652/555 2540/653/531
f  2539/655/643 2550/684/422 2528/614/422
f  2528/614/421 2550/684/421 2539/655/644
f  2539/685/643 2551/686/649 2529/687/637
f  2529/687/638 2551/686/650 2539/685/644
f  2529/655/422 2552/688/422 2530/618/422
f  2530/618/421 2552/688/421 2529/655/421
f  2530/689/612 2553/690/638 2531/691/612
f  2531/691/611 2553/690/637 2530/689/611
f  2553/688/422 2541/658/422 2531/618/422
f  2531/618/421 2541/658/421 2553/688/421
f  2520/536/422 2541/658/422 2542/659/422
f  2542/659/421 2541/658/421 2520/536/421
f  2542/692/651 2554/693/620 2532/694/620
f  2532/694/619 2554/693/619 2542/692/652
f  2532/695/620 2555/696/606 2543/697/606
f  2543/697/605 2555/696/605 2532/695/619
f  2508/502/422 2543/660/422 2556/698/422
f  2556/698/421 2543/660/421 2508/502/421
f  2508/502/422 2556/698/422 2544/661/422
f  2544/661/421 2556/698/421 2508/502/421
f  2544/699/580 2557/700/562 2533/701/562
f  2533/701/561 2557/700/561 2544/699/579
f  2545/663/566 2533/662/562 2557/702/562
f  2557/702/561 2533/662/561 2545/663/565
f  2546/666/570 2521/665/566 2545/703/566
f  2545/703/565 2521/665/565 2546/666/569
f  2549/681/556 2534/680/570 2546/704/570
f  2546/704/569 2534/680/569 2549/681/555
f  2547/705/422 2487/475/593 2535/669/422
f  2535/669/421 2487/475/594 2547/705/421
f  2549/613/422 2513/475/422 2540/578/422
f  2540/578/421 2513/475/421 2549/613/421
f  2537/670/422 2487/475/593 2547/705/422
f  2547/705/421 2487/475/594 2537/670/421
f  2538/676/645 2528/675/612 2550/706/645
f  2550/706/646 2528/675/611 2538/676/646
f  2517/573/421 2558/707/421 2548/678/421
f  2548/678/422 2558/707/422 2517/573/422
f  2548/708/653 2539/709/643 2538/710/647
f  2538/710/648 2539/709/644 2548/708/654
f  2550/711/645 2548/712/655 2538/713/645
f  2538/713/646 2548/712/656 2550/711/646
f  2559/714/657 2550/684/422 2539/655/643
f  2539/655/644 2550/684/421 2559/714/658
f  2551/686/649 2539/685/643 2559/715/657
f  2559/715/658 2539/685/644 2551/686/650
f  2551/714/422 2552/688/422 2529/655/422
f  2529/655/421 2552/688/421 2551/714/421
f  2553/690/638 2530/689/612 2552/716/638
f  2552/716/637 2530/689/611 2553/690/637
f  2560/717/422 2541/658/422 2553/688/422
f  2553/688/421 2541/658/421 2560/717/421
f  2541/718/659 2561/719/651 2542/720/651
f  2542/720/652 2561/719/652 2541/718/660
f  2554/693/620 2542/692/651 2561/721/651
f  2561/721/652 2542/692/652 2554/693/619
f  2555/696/606 2532/695/620 2554/722/620
f  2554/722/619 2532/695/619 2555/696/605
f  2562/723/598 2543/724/606 2555/725/606
f  2555/725/605 2543/724/605 2562/723/597
f  2543/724/606 2562/723/598 2556/726/598
f  2556/726/597 2562/723/597 2543/724/605
f  2556/727/598 2563/728/580 2544/729/580
f  2544/729/579 2563/728/579 2556/727/597
f  2557/700/562 2544/699/580 2563/730/580
f  2563/730/579 2544/699/579 2557/700/561
f  2557/623/422 2513/475/422 2545/586/422
f  2545/586/421 2513/475/421 2557/623/421
f  2545/586/422 2513/475/422 2546/624/422
f  2546/624/421 2513/475/421 2545/586/421
f  2546/624/422 2513/475/422 2549/613/422
f  2549/613/421 2513/475/421 2546/624/421
f  2517/573/421 2564/731/421 2558/707/421
f  2558/707/422 2564/731/422 2517/573/422
f  2565/732/661 2548/733/662 2558/734/662
f  2558/734/663 2548/733/663 2565/732/664
f  2558/735/665 2559/736/657 2548/737/653
f  2548/737/654 2559/736/658 2558/735/666
f  2539/709/643 2548/708/653 2559/738/657
f  2559/738/658 2548/708/654 2539/709/644
f  2548/712/655 2550/711/645 2566/739/655
f  2566/739/656 2550/711/646 2548/712/656
f  2550/684/422 2559/714/657 2566/740/667
f  2566/740/668 2559/714/658 2550/684/421
f  2559/741/657 2567/742/669 2551/743/649
f  2551/743/650 2567/742/670 2559/741/658
f  2551/714/422 2568/717/422 2552/688/422
f  2552/688/421 2568/717/421 2551/714/421
f  2552/744/638 2560/745/671 2553/746/638
f  2553/746/637 2560/745/672 2552/744/637
f  2569/747/422 2541/658/422 2560/717/422
f  2560/717/421 2541/658/421 2569/747/421
f  2561/719/651 2541/718/659 2570/748/659
f  2570/748/660 2541/718/660 2561/719/652
f  2561/659/422 2513/475/422 2554/622/422
f  2554/622/421 2513/475/421 2561/659/421
f  2554/622/422 2513/475/422 2555/660/422
f  2555/660/421 2513/475/421 2554/622/421
f  2555/660/422 2513/475/422 2562/698/422
f  2562/698/421 2513/475/421 2555/660/421
f  2563/728/580 2556/727/598 2562/749/598
f  2562/749/597 2556/727/597 2563/728/579
f  2563/661/422 2513/475/422 2557/623/422
f  2557/623/421 2513/475/421 2563/661/421
f  2517/573/421 2571/750/421 2564/731/421
f  2564/731/422 2571/750/422 2517/573/422
f  2565/732/661 2558/734/662 2564/751/662
f  2564/751/663 2558/734/663 2565/732/664
f  2564/752/665 2559/736/657 2558/735/665
f  2558/735/666 2559/736/658 2564/752/666
f  2572/753/661 2548/733/662 2565/732/661
f  2565/732/664 2548/733/663 2572/753/664
f  2566/754/667 2559/755/657 2548/756/653
f  2548/756/654 2559/755/658 2566/754/668
f  2548/733/662 2573/757/662 2566/758/662
f  2566/758/663 2573/757/663 2548/733/663
f  2567/742/669 2559/741/657 2574/759/673
f  2574/759/674 2559/741/658 2567/742/670
f  2567/760/422 2568/717/422 2551/714/422
f  2551/714/421 2568/717/421 2567/760/421
f  2560/745/671 2552/744/638 2568/761/671
f  2568/761/672 2552/744/637 2560/745/672
f  2569/747/422 2575/762/422 2541/658/422
f  2541/658/421 2575/762/421 2569/747/421
f  2568/763/670 2569/764/670 2560/765/670
f  2560/765/669 2569/764/669 2568/763/669
f  2541/766/669 2576/742/669 2570/767/669
f  2570/767/670 2576/742/670 2541/766/670
f  2570/658/422 2513/475/422 2561/659/422
f  2561/659/421 2513/475/421 2570/658/421
f  2562/698/422 2513/475/422 2563/661/422
f  2563/661/421 2513/475/421 2562/698/421
f  2517/573/421 2565/768/421 2571/750/421
f  2571/750/422 2565/768/422 2517/573/422
f  2565/732/661 2564/751/662 2571/769/662
f  2571/769/663 2564/751/663 2565/732/664
f  2571/770/665 2559/736/657 2564/752/665
f  2564/752/666 2559/736/658 2571/770/666
f  2577/771/662 2548/733/662 2572/753/661
f  2572/753/664 2548/733/663 2577/771/663
f  2565/772/661 2578/773/675 2572/774/661
f  2572/774/664 2578/773/676 2565/772/664
f  2573/757/662 2548/733/662 2577/771/662
f  2577/771/663 2548/733/663 2573/757/663
f  2571/770/665 2574/775/673 2559/736/657
f  2559/736/658 2574/775/674 2571/770/666
f  2574/759/673 2579/776/677 2567/742/669
f  2567/742/670 2579/776/678 2574/759/674
f  2567/760/422 2580/747/422 2568/717/422
f  2568/717/421 2580/747/421 2567/760/421
f  2581/777/422 2575/762/422 2569/747/422
f  2569/747/421 2575/762/421 2581/777/421
f  2576/742/669 2541/766/669 2575/778/669
f  2575/778/670 2541/766/670 2576/742/670
f  2569/764/670 2568/763/670 2580/760/670
f  2580/760/669 2568/763/669 2569/764/669
f  2576/762/422 2513/475/422 2570/658/422
f  2570/658/421 2513/475/421 2576/762/421
f  2517/573/421 2582/779/421 2565/768/421
f  2565/768/422 2582/779/422 2517/573/422
f  2565/780/679 2574/775/673 2571/770/665
f  2571/770/666 2574/775/674 2565/780/680
f  2578/773/675 2565/772/661 2582/781/675
f  2582/781/676 2565/772/664 2578/773/676
f  2579/776/677 2574/759/673 2583/782/681
f  2583/782/682 2574/759/674 2579/776/678
f  2579/783/422 2584/777/422 2567/760/422
f  2567/760/421 2584/777/421 2579/783/421
f  2567/760/422 2584/777/422 2580/747/422
f  2580/747/421 2584/777/421 2567/760/421
f  2585/784/422 2575/762/422 2581/777/422
f  2581/777/421 2575/762/421 2585/784/421
f  2580/760/670 2581/785/670 2569/764/670
f  2569/764/669 2581/785/669 2580/760/669
f  2575/778/669 2586/786/669 2576/742/669
f  2576/742/670 2586/786/670 2575/778/670
f  2576/762/422 2587/787/422 2513/475/422
f  2513/475/421 2587/787/421 2576/762/421
f  2517/573/421 2588/788/421 2582/779/421
f  2582/779/422 2588/788/422 2517/573/422
f  2582/789/683 2583/790/681 2565/791/679
f  2565/791/680 2583/790/682 2582/789/684
f  2574/775/673 2565/780/679 2583/792/681
f  2583/792/682 2565/780/680 2574/775/674
f  2582/793/675 2589/794/685 2578/795/675
f  2578/795/676 2589/794/686 2582/793/676
f  2583/796/681 2590/797/687 2579/798/677
f  2579/798/678 2590/797/688 2583/796/682
f  2579/783/422 2591/784/422 2584/777/422
f  2584/777/421 2591/784/421 2579/783/421
f  2581/785/670 2580/760/670 2584/799/670
f  2584/799/669 2580/760/669 2581/785/669
f  2592/800/422 2575/762/422 2585/784/422
f  2585/784/421 2575/762/421 2592/800/421
f  2584/801/689 2585/802/688 2581/803/689
f  2581/803/690 2585/802/687 2584/801/690
f  2586/786/669 2575/778/669 2593/804/669
f  2593/804/670 2575/778/670 2586/786/670
f  2586/805/422 2587/787/422 2576/762/422
f  2576/762/421 2587/787/421 2586/805/421
f  2517/573/421 2594/806/421 2588/788/421
f  2588/788/422 2594/806/422 2517/573/422
f  2588/807/691 2595/808/692 2582/809/683
f  2582/809/684 2595/808/693 2588/807/694
f  2589/794/685 2582/793/675 2588/810/685
f  2588/810/686 2582/793/676 2589/794/686
f  2583/790/681 2582/789/683 2595/811/692
f  2595/811/693 2582/789/684 2583/790/682
f  2590/797/687 2583/796/681 2595/812/692
f  2595/812/693 2583/796/682 2590/797/688
f  2590/813/422 2591/784/422 2579/783/422
f  2579/783/421 2591/784/421 2590/813/421
f  2585/802/688 2584/801/689 2591/814/688
f  2591/814/687 2584/801/690 2585/802/687
f  2592/800/422 2593/805/422 2575/762/422
f  2575/762/421 2593/805/421 2592/800/421
f  2591/815/688 2592/816/695 2585/817/688
f  2585/817/687 2592/816/696 2591/815/687
f  2596/818/697 2586/819/698 2593/820/698
f  2593/820/699 2586/819/699 2596/818/700
f  2586/805/422 2597/821/422 2587/787/422
f  2587/787/421 2597/821/421 2586/805/421
f  2598/822/421 2594/806/421 2517/573/421
f  2517/573/422 2594/806/422 2598/822/422
f  2599/823/701 2588/824/685 2594/825/701
f  2594/825/702 2588/824/686 2599/823/702
f  2594/826/703 2600/827/704 2588/828/691
f  2588/828/694 2600/827/705 2594/826/706
f  2595/808/692 2588/807/691 2600/829/704
f  2600/829/705 2588/807/694 2595/808/693
f  2588/824/685 2599/823/701 2589/830/685
f  2589/830/686 2599/823/702 2588/824/686
f  2595/831/692 2601/832/696 2590/833/687
f  2590/833/688 2601/832/695 2595/831/693
f  2590/813/422 2602/800/422 2591/784/422
f  2591/784/421 2602/800/421 2590/813/421
f  2592/800/422 2596/834/422 2593/805/422
f  2593/805/421 2596/834/421 2592/800/421
f  2592/816/695 2591/815/688 2602/835/695
f  2602/835/696 2591/815/687 2592/816/696
f  2586/819/698 2596/818/697 2603/836/697
f  2603/836/700 2596/818/700 2586/819/699
f  2604/837/422 2597/821/422 2586/805/422
f  2586/805/421 2597/821/421 2604/837/421
f  2605/838/421 2594/806/421 2598/822/421
f  2598/822/422 2594/806/422 2605/838/422
f  2594/839/701 2606/840/707 2599/841/701
f  2599/841/702 2606/840/708 2594/839/702
f  2600/827/704 2594/826/703 2607/842/709
f  2607/842/710 2594/826/706 2600/827/705
f  2601/832/696 2595/831/692 2600/843/704
f  2600/843/705 2595/831/693 2601/832/695
f  2601/844/422 2602/800/422 2590/813/422
f  2590/813/421 2602/800/421 2601/844/421
f  2608/845/422 2596/834/422 2592/800/422
f  2592/800/421 2596/834/421 2608/845/421
f  2602/846/695 2608/847/711 2592/848/695
f  2592/848/696 2608/847/712 2602/846/696
f  2609/849/713 2603/850/697 2596/851/697
f  2596/851/700 2603/850/700 2609/849/714
f  2610/852/422 2586/805/422 2603/834/422
f  2603/834/421 2586/805/421 2610/852/421
f  2604/837/422 2611/853/422 2597/821/422
f  2597/821/421 2611/853/421 2604/837/421
f  2604/837/422 2586/805/422 2612/854/422
f  2612/854/421 2586/805/421 2604/837/421
f  2613/855/421 2594/806/421 2605/838/421
f  2605/838/422 2594/806/422 2613/855/422
f  2598/856/715 2614/857/716 2605/858/716
f  2605/858/717 2614/857/717 2598/856/718
f  2615/859/719 2605/860/720 2598/861/721
f  2598/861/722 2605/860/723 2615/859/724
f  2606/840/707 2594/839/701 2616/862/707
f  2616/862/708 2594/839/702 2606/840/708
f  2616/863/725 2607/864/709 2594/865/703
f  2594/865/706 2607/864/710 2616/863/726
f  2617/866/712 2600/867/704 2607/868/709
f  2607/868/710 2600/867/705 2617/866/711
f  2600/867/704 2617/866/712 2601/869/696
f  2601/869/695 2617/866/711 2600/867/705
f  2601/844/422 2618/845/422 2602/800/422
f  2602/800/421 2618/845/421 2601/844/421
f  2608/845/422 2609/852/422 2596/834/422
f  2596/834/421 2609/852/421 2608/845/421
f  2608/847/711 2602/846/695 2618/870/711
f  2618/870/712 2602/846/696 2608/847/712
f  2603/850/697 2609/849/713 2610/871/713
f  2610/871/714 2609/849/714 2603/850/700
f  2619/872/422 2586/805/422 2610/852/422
f  2610/852/421 2586/805/421 2619/872/421
f  2604/837/422 2620/873/422 2611/853/422
f  2611/853/421 2620/873/421 2604/837/421
f  2611/874/727 2615/875/719 2597/876/728
f  2597/876/729 2615/875/724 2611/874/730
f  2612/854/422 2586/805/422 2621/877/422
f  2621/877/421 2586/805/421 2612/854/421
f  2612/878/731 2622/879/732 2604/880/732
f  2604/880/733 2622/879/733 2612/878/734
f  2623/881/421 2594/806/421 2613/855/421
f  2613/855/422 2594/806/422 2623/881/422
f  2605/882/716 2624/883/735 2613/884/735
f  2613/884/736 2624/883/736 2605/882/717
f  2625/885/737 2613/886/738 2605/887/720
f  2605/887/723 2613/886/739 2625/885/740
f  2614/857/716 2598/856/715 2626/888/715
f  2626/888/718 2598/856/718 2614/857/717
f  2624/883/735 2605/882/716 2614/889/716
f  2614/889/717 2605/882/717 2624/883/736
f  2605/860/720 2615/859/719 2625/890/737
f  2625/890/740 2615/859/724 2605/860/723
f  2627/891/421 2616/892/421 2594/806/421
f  2594/806/422 2616/892/422 2627/891/422
f  2616/893/707 2628/894/741 2606/895/707
f  2606/895/708 2628/894/742 2616/893/708
f  2607/864/709 2616/863/725 2629/896/743
f  2629/896/744 2616/863/726 2607/864/710
f  2607/897/709 2630/898/745 2617/899/712
f  2617/899/711 2630/898/746 2607/897/710
f  2617/900/422 2618/845/422 2601/844/422
f  2601/844/421 2618/845/421 2617/900/421
f  2608/845/422 2631/872/422 2609/852/422
f  2609/852/421 2631/872/421 2608/845/421
f  2618/901/711 2632/902/746 2608/903/711
f  2608/903/712 2632/902/745 2618/901/712
f  2631/904/747 2610/905/713 2609/906/713
f  2609/906/714 2610/905/714 2631/904/748
f  2633/907/422 2586/805/422 2619/872/422
f  2619/872/421 2586/805/421 2633/907/421
f  2610/905/713 2631/904/747 2619/908/747
f  2619/908/748 2631/904/748 2610/905/714
f  2604/837/422 2634/909/422 2620/873/422
f  2620/873/421 2634/909/421 2604/837/421
f  2620/910/749 2625/911/737 2611/912/727
f  2611/912/730 2625/911/740 2620/910/750
f  2615/875/719 2611/874/727 2625/913/737
f  2625/913/740 2611/874/730 2615/875/724
f  2621/877/422 2586/805/422 2635/914/422
f  2635/914/421 2586/805/421 2621/877/421
f  2621/915/751 2636/916/731 2612/917/731
f  2612/917/734 2636/916/734 2621/915/752
f  2622/879/732 2612/878/731 2636/918/731
f  2636/918/734 2612/878/734 2622/879/733
f  2637/919/753 2604/920/732 2622/921/732
f  2622/921/733 2604/920/733 2637/919/754
f  2638/922/421 2594/806/421 2623/881/421
f  2623/881/422 2594/806/422 2638/922/422
f  2613/923/735 2639/924/755 2623/925/755
f  2623/925/756 2639/924/756 2613/923/736
f  2640/926/757 2623/927/758 2613/928/738
f  2613/928/739 2623/927/759 2640/926/760
f  2639/924/755 2613/923/735 2624/929/735
f  2624/929/736 2613/923/736 2639/924/756
f  2613/886/738 2625/885/737 2640/930/757
f  2640/930/760 2625/885/740 2613/886/739
f  2641/931/421 2616/892/421 2627/891/421
f  2627/891/422 2616/892/422 2641/931/422
f  2627/891/421 2594/806/421 2642/932/421
f  2642/932/422 2594/806/422 2627/891/422
f  2628/894/741 2616/893/707 2643/933/741
f  2643/933/742 2616/893/708 2628/894/742
f  2643/934/761 2629/935/743 2616/936/725
f  2616/936/726 2629/935/744 2643/934/762
f  2630/898/745 2607/897/709 2629/937/743
f  2629/937/744 2607/897/710 2630/898/746
f  2630/938/422 2644/939/422 2617/900/422
f  2617/900/421 2644/939/421 2630/938/421
f  2617/900/422 2645/940/422 2618/845/422
f  2618/845/421 2645/940/421 2617/900/421
f  2608/845/422 2646/907/422 2631/872/422
f  2631/872/421 2646/907/421 2608/845/421
f  2632/902/746 2618/901/711 2645/941/746
f  2645/941/745 2618/901/712 2632/902/745
f  2632/940/422 2647/942/422 2608/845/422
f  2608/845/421 2647/942/421 2632/940/421
f  2648/943/422 2586/805/422 2633/907/422
f  2633/907/421 2586/805/421 2648/943/421
f  2619/944/747 2646/945/763 2633/946/763
f  2633/946/764 2646/945/764 2619/944/748
f  2646/945/763 2619/944/747 2631/947/747
f  2631/947/748 2619/944/748 2646/945/764
f  2649/948/422 2634/909/422 2604/837/422
f  2604/837/421 2634/909/421 2649/948/421
f  2634/949/714 2640/950/757 2620/951/749
f  2620/951/750 2640/950/760 2634/949/713
f  2625/911/737 2620/910/749 2640/952/757
f  2640/952/760 2620/910/750 2625/911/740
f  2635/914/422 2586/805/422 2650/942/422
f  2650/942/421 2586/805/421 2635/914/421
f  2635/953/765 2651/954/751 2621/955/751
f  2621/955/752 2651/954/752 2635/953/766
f  2636/916/731 2621/915/751 2651/956/751
f  2651/956/752 2621/915/752 2636/916/734
f  2652/939/422 2622/837/422 2636/854/422
f  2636/854/421 2622/837/421 2652/939/421
f  2604/920/732 2637/919/753 2649/957/753
f  2649/957/754 2637/919/754 2604/920/733
f  2652/939/422 2637/948/422 2622/837/422
f  2622/837/421 2637/948/421 2652/939/421
f  2642/932/421 2594/806/421 2638/922/421
f  2638/922/422 2594/806/422 2642/932/422
f  2623/958/755 2653/959/767 2638/960/767
f  2638/960/768 2653/959/768 2623/958/756
f  2654/961/769 2638/962/770 2623/963/758
f  2623/963/759 2638/962/771 2654/961/772
f  2653/959/767 2623/958/755 2639/964/755
f  2639/964/756 2623/958/756 2653/959/768
f  2623/927/758 2640/926/757 2654/965/769
f  2654/965/772 2640/926/760 2623/927/759
f  2655/966/421 2616/892/421 2641/931/421
f  2641/931/422 2616/892/422 2655/966/422
f  2627/967/773 2656/968/774 2641/969/774
f  2641/969/775 2656/968/775 2627/967/776
f  2657/970/777 2641/971/778 2627/972/779
f  2627/972/780 2641/971/781 2657/970/782
f  2642/973/783 2658/974/773 2627/975/773
f  2627/975/776 2658/974/776 2642/973/784
f  2659/976/785 2627/977/779 2642/978/786
f  2642/978/787 2627/977/780 2659/976/788
f  2660/979/421 2643/980/421 2616/892/421
f  2616/892/422 2643/980/422 2660/979/422
f  2643/981/741 2661/982/789 2628/983/741
f  2628/983/742 2661/982/790 2643/981/742
f  2629/935/743 2643/934/761 2662/984/791
f  2662/984/792 2643/934/762 2629/935/744
f  2629/985/743 2663/986/793 2630/987/745
f  2630/987/746 2663/986/794 2629/985/744
f  2630/938/422 2664/988/422 2644/939/422
f  2644/939/421 2664/988/421 2630/938/421
f  2617/900/422 2644/939/422 2645/940/422
f  2645/940/421 2644/939/421 2617/900/421
f  2608/845/422 2665/943/422 2646/907/422
f  2646/907/421 2665/943/421 2608/845/421
f  2645/989/746 2652/990/794 2632/991/746
f  2632/991/745 2652/990/793 2645/989/745
f  2632/940/422 2666/914/422 2647/942/422
f  2647/942/421 2666/914/421 2632/940/421
f  2608/845/422 2647/942/422 2665/943/422
f  2665/943/421 2647/942/421 2608/845/421
f  2650/942/422 2586/805/422 2648/943/422
f  2648/943/421 2586/805/421 2650/942/421
f  2633/992/763 2665/993/795 2648/994/795
f  2648/994/796 2665/993/796 2633/992/764
f  2665/993/795 2633/992/763 2646/995/763
f  2646/995/764 2633/992/764 2665/993/796
f  2649/948/422 2667/996/422 2634/909/422
f  2634/909/421 2667/996/421 2649/948/421
f  2640/950/757 2634/949/714 2654/997/769
f  2654/997/772 2634/949/713 2640/950/760
f  2650/998/797 2666/999/765 2635/1000/765
f  2635/1000/766 2666/999/766 2650/998/798
f  2651/954/751 2635/953/765 2666/1001/765
f  2666/1001/766 2635/953/766 2651/954/752
f  2632/940/422 2636/854/422 2651/877/422
f  2651/877/421 2636/854/421 2632/940/421
f  2652/939/422 2636/854/422 2632/940/422
f  2632/940/421 2636/854/421 2652/939/421
f  2668/1002/799 2649/1003/800 2637/1004/800
f  2637/1004/801 2649/1003/801 2668/1002/802
f  2669/988/422 2637/948/422 2652/939/422
f  2652/939/421 2637/948/421 2669/988/421
f  2638/1005/767 2670/1006/783 2642/1007/783
f  2642/1007/784 2670/1006/784 2638/1005/768
f  2671/1008/803 2642/1009/786 2638/1010/770
f  2638/1010/771 2642/1009/787 2671/1008/804
f  2670/1006/783 2638/1005/767 2653/1011/767
f  2653/1011/768 2638/1005/768 2670/1006/784
f  2638/962/770 2654/961/769 2671/1012/803
f  2671/1012/804 2654/961/772 2638/962/771
f  2660/979/421 2616/892/421 2655/966/421
f  2655/966/422 2616/892/422 2660/979/422
f  2641/1013/774 2672/1014/805 2655/1015/805
f  2655/1015/806 2672/1014/806 2641/1013/775
f  2673/1016/807 2655/1017/808 2641/1018/778
f  2641/1018/781 2655/1017/809 2673/1016/810
f  2656/968/774 2627/967/773 2658/1019/773
f  2658/1019/776 2627/967/776 2656/968/775
f  2672/1014/805 2641/1013/774 2656/1020/774
f  2656/1020/775 2641/1013/775 2672/1014/806
f  2641/971/778 2657/970/777 2673/1021/807
f  2673/1021/810 2657/970/782 2641/971/781
f  2627/977/779 2659/976/785 2657/1022/777
f  2657/1022/782 2659/976/788 2627/977/780
f  2658/974/773 2642/973/783 2670/1023/783
f  2670/1023/784 2642/973/784 2658/974/776
f  2642/1009/786 2671/1008/803 2659/1024/785
f  2659/1024/788 2671/1008/804 2642/1009/787
f  2674/1025/421 2643/980/421 2660/979/421
f  2660/979/422 2643/980/422 2674/1025/422
f  2661/982/789 2643/981/741 2675/1026/789
f  2675/1026/790 2643/981/742 2661/982/790
f  2675/1027/811 2662/1028/791 2643/1029/761
f  2643/1029/762 2662/1028/792 2675/1027/812
f  2663/986/793 2629/985/743 2662/1030/791
f  2662/1030/792 2629/985/744 2663/986/794
f  2663/1031/422 2664/988/422 2630/938/422
f  2630/938/421 2664/988/421 2663/1031/421
f  2669/1032/813 2644/1033/794 2664/1034/813
f  2664/1034/814 2644/1033/793 2669/1032/814
f  2652/990/794 2645/989/746 2644/1035/794
f  2644/1035/793 2645/989/745 2652/990/793
f  2632/940/422 2651/877/422 2666/914/422
f  2666/914/421 2651/877/421 2632/940/421
f  2666/999/765 2650/998/797 2647/1036/797
f  2647/1036/798 2650/998/798 2666/999/766
f  2647/1037/797 2648/1038/795 2665/1039/795
f  2665/1039/796 2648/1038/796 2647/1037/798
f  2648/1038/795 2647/1037/797 2650/1040/797
f  2650/1040/798 2647/1037/798 2648/1038/796
f  2649/948/422 2676/1041/422 2667/996/422
f  2667/996/421 2676/1041/421 2649/948/421
f  2667/1042/748 2654/1043/769 2634/1044/714
f  2634/1044/713 2654/1043/772 2667/1042/747
f  2649/1003/800 2668/1002/799 2677/1045/799
f  2677/1045/802 2668/1002/802 2649/1003/801
f  2669/988/422 2668/1046/422 2637/948/422
f  2637/948/421 2668/1046/421 2669/988/421
f  2644/1033/794 2669/1032/813 2652/1047/794
f  2652/1047/793 2669/1032/814 2644/1033/793
f  2654/1043/769 2667/1042/748 2671/1048/803
f  2671/1048/804 2667/1042/747 2654/1043/772
f  2655/1049/805 2678/1050/815 2660/1051/815
f  2660/1051/816 2678/1050/816 2655/1049/806
f  2679/1052/817 2660/1053/818 2655/1054/808
f  2655/1054/809 2660/1053/819 2679/1052/820
f  2678/1050/815 2655/1049/805 2672/1055/805
f  2672/1055/806 2655/1049/806 2678/1050/816
f  2655/1017/808 2673/1016/807 2679/1056/817
f  2679/1056/820 2673/1016/810 2655/1017/809
f  2657/1057/777 2680/1058/798 2673/1059/807
f  2673/1059/810 2680/1058/797 2657/1057/782
f  2659/1060/785 2681/1061/796 2657/1062/777
f  2657/1062/782 2681/1061/795 2659/1060/788
f  2671/1063/803 2676/1064/764 2659/1065/785
f  2659/1065/788 2676/1064/763 2671/1063/804
f  2682/1066/421 2643/980/421 2674/1025/421
f  2674/1025/422 2643/980/422 2682/1066/422
f  2660/1067/815 2683/1068/821 2674/1069/821
f  2674/1069/822 2683/1068/822 2660/1067/816
f  2684/1070/823 2674/1071/824 2660/1072/818
f  2660/1072/819 2674/1071/825 2684/1070/826
f  2685/1073/421 2675/1074/421 2643/980/421
f  2643/980/422 2675/1074/422 2685/1073/422
f  2675/1075/789 2686/1076/827 2661/1077/789
f  2661/1077/790 2686/1076/828 2675/1075/790
f  2662/1028/791 2675/1027/811 2687/1078/829
f  2687/1078/830 2675/1027/812 2662/1028/792
f  2662/1079/791 2688/1080/814 2663/1081/793
f  2663/1081/794 2688/1080/813 2662/1079/792
f  2663/1031/422 2689/1082/422 2664/988/422
f  2664/988/421 2689/1082/421 2663/1031/421
f  2689/1083/831 2669/1084/813 2664/1085/813
f  2664/1085/814 2669/1084/814 2689/1083/832
f  2677/1046/422 2676/1041/422 2649/948/422
f  2649/948/421 2676/1041/421 2677/1046/421
f  2676/1064/764 2671/1063/803 2667/1086/748
f  2667/1086/747 2671/1063/804 2676/1064/763
f  2690/1087/833 2677/1088/799 2668/1089/799
f  2668/1089/802 2677/1088/802 2690/1087/834
f  2669/988/422 2690/1090/422 2668/1046/422
f  2668/1046/421 2690/1090/421 2669/988/421
f  2683/1068/821 2660/1067/815 2678/1091/815
f  2678/1091/816 2660/1067/816 2683/1068/822
f  2660/1053/818 2679/1052/817 2684/1092/823
f  2684/1092/826 2679/1052/820 2660/1053/819
f  2673/1093/807 2691/1094/766 2679/1095/817
f  2679/1095/820 2691/1094/765 2673/1093/810
f  2680/1058/798 2657/1057/777 2681/1096/796
f  2681/1096/795 2657/1057/782 2680/1058/797
f  2691/1094/766 2673/1093/807 2680/1097/798
f  2680/1097/797 2673/1093/810 2691/1094/765
f  2681/1061/796 2659/1060/785 2676/1098/764
f  2676/1098/763 2659/1060/788 2681/1061/795
f  2685/1073/421 2643/980/421 2682/1066/421
f  2682/1066/422 2643/980/422 2685/1073/422
f  2674/1099/821 2692/1100/835 2682/1101/835
f  2682/1101/836 2692/1100/836 2674/1099/822
f  2693/1102/837 2682/1103/838 2674/1104/824
f  2674/1104/825 2682/1103/839 2693/1102/840
f  2692/1100/835 2674/1099/821 2683/1105/821
f  2683/1105/822 2674/1099/822 2692/1100/836
f  2674/1071/824 2684/1070/823 2693/1106/837
f  2693/1106/840 2684/1070/826 2674/1071/825
f  2694/1107/421 2675/1074/421 2685/1073/421
f  2685/1073/422 2675/1074/422 2694/1107/422
f  2686/1076/827 2675/1075/789 2695/1108/827
f  2695/1108/828 2675/1075/790 2686/1076/828
f  2695/1109/841 2687/1110/829 2675/1111/811
f  2675/1111/812 2687/1110/830 2695/1109/842
f  2688/1080/814 2662/1079/791 2687/1112/829
f  2687/1112/830 2662/1079/792 2688/1080/813
f  2688/1113/422 2696/1114/422 2663/1031/422
f  2663/1031/421 2696/1114/421 2688/1113/421
f  2663/1031/422 2696/1114/422 2689/1082/422
f  2689/1082/421 2696/1114/421 2663/1031/421
f  2669/1084/813 2689/1083/831 2697/1115/831
f  2697/1115/832 2689/1083/832 2669/1084/814
f  2677/1046/422 2681/1116/422 2676/1041/422
f  2676/1041/421 2681/1116/421 2677/1046/421
f  2677/1088/799 2690/1087/833 2698/1117/833
f  2698/1117/834 2690/1087/834 2677/1088/802
f  2697/1082/422 2690/1090/422 2669/988/422
f  2669/988/421 2690/1090/421 2697/1082/421
f  2679/1118/817 2699/1119/752 2684/1120/823
f  2684/1120/826 2699/1119/751 2679/1118/820
f  2699/1119/752 2679/1118/817 2691/1121/766
f  2691/1121/765 2679/1118/820 2699/1119/751
f  2677/1046/422 2680/1122/422 2681/1116/422
f  2681/1116/421 2680/1122/421 2677/1046/421
f  2698/1090/422 2691/1123/422 2680/1122/422
f  2680/1122/421 2691/1123/421 2698/1090/421
f  2682/1124/835 2700/1125/843 2685/1126/843
f  2685/1126/844 2700/1125/844 2682/1124/836
f  2701/1127/845 2685/1128/846 2682/1129/838
f  2682/1129/839 2685/1128/847 2701/1127/848
f  2700/1125/843 2682/1124/835 2692/1130/835
f  2692/1130/836 2682/1124/836 2700/1125/844
f  2682/1103/838 2693/1102/837 2701/1131/845
f  2701/1131/848 2693/1102/840 2682/1103/839
f  2684/1132/823 2702/1133/734 2693/1134/837
f  2693/1134/840 2702/1133/731 2684/1132/826
f  2694/1107/421 2695/1135/421 2675/1074/421
f  2675/1074/422 2695/1135/422 2694/1107/422
f  2685/1136/843 2703/1137/849 2694/1138/849
f  2694/1138/850 2703/1137/850 2685/1136/844
f  2704/1139/851 2694/1140/852 2685/1141/846
f  2685/1141/847 2694/1140/853 2704/1139/854
f  2695/1142/827 2705/1143/855 2686/1144/827
f  2686/1144/828 2705/1143/856 2695/1142/828
f  2687/1110/829 2695/1109/841 2706/1145/857
f  2706/1145/858 2695/1109/842 2687/1110/830
f  2706/1146/857 2688/1147/814 2687/1148/829
f  2687/1148/830 2688/1147/813 2706/1146/858
f  2688/1113/422 2707/1149/422 2696/1114/422
f  2696/1114/421 2707/1149/421 2688/1113/421
f  2696/1150/859 2697/1151/831 2689/1152/831
f  2689/1152/832 2697/1151/832 2696/1150/860
f  2708/1153/861 2698/1154/833 2690/1155/833
f  2690/1155/834 2698/1154/834 2708/1153/862
f  2698/1090/422 2680/1122/422 2677/1046/422
f  2677/1046/421 2680/1122/421 2698/1090/421
f  2697/1082/422 2708/1156/422 2690/1090/422
f  2690/1090/421 2708/1156/421 2697/1082/421
f  2702/1133/734 2684/1132/823 2699/1157/752
f  2699/1157/751 2684/1132/826 2702/1133/731
f  2709/1156/422 2699/1158/422 2691/1123/422
f  2691/1123/421 2699/1158/421 2709/1156/421
f  2709/1156/422 2691/1123/422 2698/1090/422
f  2698/1090/421 2691/1123/421 2709/1156/421
f  2703/1137/849 2685/1136/843 2700/1159/843
f  2700/1159/844 2685/1136/844 2703/1137/850
f  2685/1128/846 2701/1127/845 2704/1160/851
f  2704/1160/854 2701/1127/848 2685/1128/847
f  2693/1161/837 2710/1162/733 2701/1163/845
f  2701/1163/848 2710/1162/732 2693/1161/840
f  2710/1162/733 2693/1161/837 2702/1164/734
f  2702/1164/731 2693/1161/840 2710/1162/732
f  2711/1165/421 2695/1135/421 2694/1107/421
f  2694/1107/422 2695/1135/422 2711/1165/422
f  2712/1166/863 2694/1167/849 2703/1168/849
f  2703/1168/850 2694/1167/850 2712/1166/864
f  2694/1140/852 2704/1139/851 2713/1169/865
f  2713/1169/866 2704/1139/854 2694/1140/853
f  2705/1143/855 2695/1142/827 2714/1170/855
f  2714/1170/856 2695/1142/828 2705/1143/856
f  2714/1171/867 2706/1172/857 2695/1173/841
f  2695/1173/842 2706/1172/858 2714/1171/868
f  2688/1147/814 2706/1146/857 2715/1174/832
f  2715/1174/831 2706/1146/858 2688/1147/813
f  2688/1113/422 2716/1175/422 2707/1149/422
f  2707/1149/421 2716/1175/421 2688/1113/421
f  2707/1176/869 2717/1177/859 2696/1178/859
f  2696/1178/860 2717/1177/860 2707/1176/870
f  2697/1151/831 2696/1150/859 2717/1179/859
f  2717/1179/860 2696/1150/860 2697/1151/832
f  2698/1154/833 2708/1153/861 2709/1180/861
f  2709/1180/862 2708/1153/862 2698/1154/834
f  2697/1082/422 2718/1181/422 2708/1156/422
f  2708/1156/421 2718/1181/421 2697/1082/421
f  2719/1181/422 2702/1182/422 2699/1158/422
f  2699/1158/421 2702/1182/421 2719/1181/421
f  2719/1181/422 2699/1158/422 2709/1156/422
f  2709/1156/421 2699/1158/421 2719/1181/421
f  2701/1183/845 2720/1184/871 2704/1185/851
f  2704/1185/854 2720/1184/872 2701/1183/848
f  2720/1184/871 2701/1183/845 2710/1186/733
f  2710/1186/732 2701/1183/848 2720/1184/872
f  2721/1187/422 2710/1188/422 2702/1182/422
f  2702/1182/421 2710/1188/421 2721/1187/421
f  2722/1189/421 2695/1135/421 2711/1165/421
f  2711/1165/422 2695/1135/422 2722/1189/422
f  2694/1167/849 2712/1166/863 2711/1190/863
f  2711/1190/864 2712/1166/864 2694/1167/850
f  2713/1191/865 2711/1192/873 2694/1193/852
f  2694/1193/853 2711/1192/874 2713/1191/866
f  2704/1194/851 2723/1195/802 2713/1196/865
f  2713/1196/866 2723/1195/799 2704/1194/854
f  2722/1189/421 2714/1197/421 2695/1135/421
f  2695/1135/422 2714/1197/422 2722/1189/422
f  2714/1198/855 2724/1199/875 2705/1200/855
f  2705/1200/856 2724/1199/876 2714/1198/856
f  2706/1172/857 2714/1171/867 2725/1201/877
f  2725/1201/878 2714/1171/868 2706/1172/858
f  2725/1202/877 2715/1203/832 2706/1204/857
f  2706/1204/858 2715/1203/831 2725/1202/878
f  2715/1205/422 2726/1206/422 2688/1113/422
f  2688/1113/421 2726/1206/421 2715/1205/421
f  2688/1113/422 2726/1206/422 2716/1175/422
f  2716/1175/421 2726/1206/421 2688/1113/421
f  2716/1207/879 2727/1208/869 2707/1209/869
f  2707/1209/870 2727/1208/870 2716/1207/880
f  2717/1177/859 2707/1176/869 2727/1210/869
f  2727/1210/870 2707/1176/870 2717/1177/860
f  2717/1114/422 2718/1181/422 2697/1082/422
f  2697/1082/421 2718/1181/421 2717/1114/421
f  2718/1211/881 2709/1212/861 2708/1213/861
f  2708/1213/862 2709/1212/862 2718/1211/882
f  2728/1214/422 2702/1182/422 2719/1181/422
f  2719/1181/421 2702/1182/421 2728/1214/421
f  2709/1212/861 2718/1211/881 2719/1215/881
f  2719/1215/882 2718/1211/882 2709/1212/862
f  2723/1195/802 2704/1194/851 2720/1216/871
f  2720/1216/872 2704/1194/854 2723/1195/799
f  2729/1217/422 2720/1218/422 2710/1188/422
f  2710/1188/421 2720/1218/421 2729/1217/421
f  2730/1219/422 2710/1188/422 2721/1187/422
f  2721/1187/421 2710/1188/421 2730/1219/421
f  2721/1187/422 2702/1182/422 2728/1214/422
f  2728/1214/421 2702/1182/421 2721/1187/421
f  2711/1220/863 2731/1221/883 2722/1222/883
f  2722/1222/884 2731/1221/884 2711/1220/864
f  2732/1223/885 2722/1224/886 2711/1225/873
f  2711/1225/874 2722/1224/887 2732/1223/888
f  2731/1221/883 2711/1220/863 2712/1226/863
f  2712/1226/864 2711/1220/864 2731/1221/884
f  2711/1192/873 2713/1191/865 2732/1227/885
f  2732/1227/888 2713/1191/866 2711/1192/874
f  2733/1228/834 2713/1229/865 2723/1230/802
f  2723/1230/799 2713/1229/866 2733/1228/833
f  2734/1231/421 2714/1197/421 2722/1189/421
f  2722/1189/422 2714/1197/422 2734/1231/422
f  2724/1199/875 2714/1198/855 2735/1232/875
f  2735/1232/876 2714/1198/856 2724/1199/876
f  2735/1233/889 2725/1234/877 2714/1235/867
f  2714/1235/868 2725/1234/878 2735/1233/890
f  2715/1203/832 2725/1202/877 2736/1236/860
f  2736/1236/859 2725/1202/878 2715/1203/831
f  2715/1205/422 2737/1237/422 2726/1206/422
f  2726/1206/421 2737/1237/421 2715/1205/421
f  2726/1238/891 2738/1239/879 2716/1240/879
f  2716/1240/880 2738/1239/880 2726/1238/892
f  2727/1208/869 2716/1207/879 2738/1241/879
f  2738/1241/880 2716/1207/880 2727/1208/870
f  2727/1149/422 2739/1187/422 2717/1114/422
f  2717/1114/421 2739/1187/421 2727/1149/421
f  2717/1114/422 2740/1214/422 2718/1181/422
f  2718/1181/421 2740/1214/421 2717/1114/421
f  2719/1242/881 2740/1243/893 2728/1244/893
f  2728/1244/894 2740/1243/894 2719/1242/882
f  2740/1243/893 2719/1242/881 2718/1245/881
f  2718/1245/882 2719/1242/882 2740/1243/894
f  2741/1246/422 2723/1247/422 2720/1218/422
f  2720/1218/421 2723/1247/421 2741/1246/421
f  2742/1248/422 2720/1218/422 2729/1217/422
f  2729/1217/421 2720/1218/421 2742/1248/421
f  2729/1217/422 2710/1188/422 2730/1219/422
f  2730/1219/421 2710/1188/421 2729/1217/421
f  2721/1249/895 2743/1250/896 2730/1251/896
f  2730/1251/897 2743/1250/897 2721/1249/898
f  2728/1252/893 2739/1253/895 2721/1254/895
f  2721/1254/898 2739/1253/898 2728/1252/894
f  2744/1255/899 2722/1256/883 2731/1257/883
f  2731/1257/884 2722/1256/884 2744/1255/900
f  2722/1224/886 2732/1223/885 2745/1258/901
f  2745/1258/902 2732/1223/888 2722/1224/887
f  2713/1229/865 2733/1228/834 2732/1259/885
f  2732/1259/888 2733/1228/833 2713/1229/866
f  2715/1205/422 2733/1260/422 2723/1247/422
f  2723/1247/421 2733/1260/421 2715/1205/421
f  2746/1261/421 2714/1197/421 2734/1231/421
f  2734/1231/422 2714/1197/422 2746/1261/422
f  2722/1256/883 2744/1255/899 2734/1262/899
f  2734/1262/900 2744/1255/900 2722/1256/884
f  2745/1263/901 2734/1264/903 2722/1265/886
f  2722/1265/887 2734/1264/904 2745/1263/902
f  2746/1261/421 2735/1266/421 2714/1197/421
f  2714/1197/422 2735/1266/422 2746/1261/422
f  2735/1267/875 2747/1268/905 2724/1269/875
f  2724/1269/876 2747/1268/906 2735/1267/876
f  2725/1234/877 2735/1233/889 2748/1270/907
f  2748/1270/908 2735/1233/890 2725/1234/878
f  2748/1271/907 2736/1272/860 2725/1273/877
f  2725/1273/878 2736/1272/859 2748/1271/908
f  2736/1274/422 2749/1275/422 2715/1205/422
f  2715/1205/421 2749/1275/421 2736/1274/421
f  2715/1205/422 2723/1247/422 2737/1237/422
f  2737/1237/421 2723/1247/421 2715/1205/421
f  2737/1276/909 2750/1277/891 2726/1278/891
f  2726/1278/892 2750/1277/892 2737/1276/910
f  2738/1239/879 2726/1238/891 2750/1279/891
f  2750/1279/892 2726/1238/892 2738/1239/880
f  2738/1175/422 2751/1217/422 2727/1149/422
f  2727/1149/421 2751/1217/421 2738/1175/421
f  2727/1149/422 2743/1219/422 2739/1187/422
f  2739/1187/421 2743/1219/421 2727/1149/421
f  2717/1114/422 2739/1187/422 2740/1214/422
f  2740/1214/421 2739/1187/421 2717/1114/421
f  2739/1253/895 2728/1252/893 2740/1280/893
f  2740/1280/894 2728/1252/894 2739/1253/898
f  2723/1247/422 2741/1246/422 2737/1237/422
f  2737/1237/421 2741/1246/421 2723/1247/421
f  2741/1246/422 2720/1218/422 2752/1281/422
f  2752/1281/421 2720/1218/421 2741/1246/421
f  2752/1281/422 2720/1218/422 2742/1248/422
f  2742/1248/421 2720/1218/421 2752/1281/421
f  2729/1282/911 2753/1283/912 2742/1284/912
f  2742/1284/913 2753/1283/913 2729/1282/914
f  2730/1285/896 2751/1286/911 2729/1287/911
f  2729/1287/914 2751/1286/914 2730/1285/897
f  2743/1250/896 2721/1249/895 2739/1288/895
f  2739/1288/898 2721/1249/898 2743/1250/897
f  2751/1286/911 2730/1285/896 2743/1289/896
f  2743/1289/897 2730/1285/897 2751/1286/914
f  2732/1290/885 2749/1291/862 2745/1292/901
f  2745/1292/902 2749/1291/861 2732/1290/888
f  2749/1291/862 2732/1290/885 2733/1293/834
f  2733/1293/833 2732/1290/888 2749/1291/861
f  2715/1205/422 2749/1275/422 2733/1260/422
f  2733/1260/421 2749/1275/421 2715/1205/421
f  2734/1294/899 2754/1295/915 2746/1296/915
f  2746/1296/916 2754/1295/916 2734/1294/900
f  2755/1297/917 2746/1298/918 2734/1299/903
f  2734/1299/904 2746/1298/919 2755/1297/920
f  2754/1295/915 2734/1294/899 2744/1300/899
f  2744/1300/900 2734/1294/900 2754/1295/916
f  2734/1264/903 2745/1263/901 2755/1301/917
f  2755/1301/920 2745/1263/902 2734/1264/904
f  2756/1302/421 2735/1266/421 2746/1261/421
f  2746/1261/422 2735/1266/422 2756/1302/422
f  2747/1268/905 2735/1267/875 2757/1303/905
f  2757/1303/906 2735/1267/876 2747/1268/906
f  2757/1304/921 2748/1305/907 2735/1306/889
f  2735/1306/890 2748/1305/908 2757/1304/922
f  2736/1272/860 2748/1271/907 2758/1307/870
f  2758/1307/869 2748/1271/908 2736/1272/859
f  2736/1274/422 2759/1308/422 2749/1275/422
f  2749/1275/421 2759/1308/421 2736/1274/421
f  2750/1277/891 2737/1276/909 2760/1309/909
f  2760/1309/910 2737/1276/910 2750/1277/892
f  2750/1206/422 2753/1248/422 2738/1175/422
f  2738/1175/421 2753/1248/421 2750/1206/421
f  2738/1175/422 2753/1248/422 2751/1217/422
f  2751/1217/421 2753/1248/421 2738/1175/421
f  2727/1149/422 2751/1217/422 2743/1219/422
f  2743/1219/421 2751/1217/421 2727/1149/421
f  2741/1310/923 2760/1311/924 2737/1312/924
f  2737/1312/925 2760/1311/925 2741/1310/926
f  2752/1313/927 2761/1314/923 2741/1315/923
f  2741/1315/926 2761/1314/926 2752/1313/928
f  2742/1316/912 2762/1317/927 2752/1318/927
f  2752/1318/928 2762/1317/928 2742/1316/913
f  2753/1283/912 2729/1282/911 2751/1319/911
f  2751/1319/914 2729/1282/914 2753/1283/913
f  2762/1317/927 2742/1316/912 2753/1320/912
f  2753/1320/913 2742/1316/913 2762/1317/928
f  2759/1321/882 2745/1322/901 2749/1323/862
f  2749/1323/861 2745/1322/902 2759/1321/881
f  2763/1324/929 2746/1325/915 2754/1326/915
f  2754/1326/916 2746/1325/916 2763/1324/930
f  2746/1298/918 2755/1297/917 2764/1327/931
f  2764/1327/932 2755/1297/920 2746/1298/919
f  2745/1322/901 2759/1321/882 2755/1328/917
f  2755/1328/920 2759/1321/881 2745/1322/902
f  2765/1329/421 2735/1266/421 2756/1302/421
f  2756/1302/422 2735/1266/422 2765/1329/422
f  2746/1325/915 2763/1324/929 2756/1330/929
f  2756/1330/930 2763/1324/930 2746/1325/916
f  2764/1331/931 2756/1332/933 2746/1333/918
f  2746/1333/919 2756/1332/934 2764/1331/932
f  2765/1329/421 2757/1334/421 2735/1266/421
f  2735/1266/422 2757/1334/422 2765/1329/422
f  2757/1335/905 2766/1336/935 2747/1337/905
f  2747/1337/906 2766/1336/936 2757/1335/906
f  2748/1305/907 2757/1304/921 2767/1338/937
f  2767/1338/938 2757/1304/922 2748/1305/908
f  2767/1339/937 2758/1340/870 2748/1341/907
f  2748/1341/908 2758/1340/869 2767/1339/938
f  2758/1342/422 2768/1343/422 2736/1274/422
f  2736/1274/421 2768/1343/421 2758/1342/421
f  2736/1274/422 2768/1343/422 2759/1308/422
f  2759/1308/421 2768/1343/421 2736/1274/421
f  2761/1246/422 2750/1206/422 2760/1237/422
f  2760/1237/421 2750/1206/421 2761/1246/421
f  2750/1206/422 2762/1281/422 2753/1248/422
f  2753/1248/421 2762/1281/421 2750/1206/421
f  2760/1311/924 2741/1310/923 2761/1344/923
f  2761/1344/926 2741/1310/926 2760/1311/925
f  2761/1314/923 2752/1313/927 2762/1345/927
f  2762/1345/928 2752/1313/928 2761/1314/926
f  2755/1346/917 2768/1347/894 2764/1348/931
f  2764/1348/932 2768/1347/893 2755/1346/920
f  2768/1347/894 2755/1346/917 2759/1349/882
f  2759/1349/881 2755/1346/920 2768/1347/893
f  2769/1350/939 2756/1351/929 2763/1352/929
f  2763/1352/930 2756/1351/930 2769/1350/940
f  2756/1332/933 2764/1331/931 2770/1353/941
f  2770/1353/942 2764/1331/932 2756/1332/934
f  2771/1354/421 2757/1334/421 2765/1329/421
f  2765/1329/422 2757/1334/422 2771/1354/422
f  2766/1336/935 2757/1335/905 2772/1355/935
f  2772/1355/936 2757/1335/906 2766/1336/936
f  2772/1356/943 2767/1357/937 2757/1358/921
f  2757/1358/922 2767/1357/938 2772/1356/944
f  2758/1340/870 2767/1339/937 2773/1359/880
f  2773/1359/879 2767/1339/938 2758/1340/869
f  2758/1342/422 2774/1360/422 2768/1343/422
f  2768/1343/421 2774/1360/421 2758/1342/421
f  2750/1206/422 2761/1246/422 2762/1281/422
f  2762/1281/421 2761/1246/421 2750/1206/421
f  2774/1361/898 2764/1362/931 2768/1363/894
f  2768/1363/893 2764/1362/932 2774/1361/895
f  2756/1351/929 2769/1350/939 2765/1364/939
f  2765/1364/940 2769/1350/940 2756/1351/930
f  2764/1362/931 2774/1361/898 2770/1365/941
f  2770/1365/942 2774/1361/895 2764/1362/932
f  2770/1366/941 2765/1367/945 2756/1368/933
f  2756/1368/934 2765/1367/946 2770/1366/942
f  2775/1369/421 2757/1334/421 2771/1354/421
f  2771/1354/422 2757/1334/422 2775/1369/422
f  2765/1370/939 2776/1371/947 2771/1372/947
f  2771/1372/948 2776/1371/948 2765/1370/940
f  2777/1373/949 2771/1374/950 2765/1375/945
f  2765/1375/946 2771/1374/951 2777/1373/952
f  2775/1369/421 2772/1376/421 2757/1334/421
f  2757/1334/422 2772/1376/422 2775/1369/422
f  2772/1377/935 2778/1378/953 2766/1379/935
f  2766/1379/936 2778/1378/954 2772/1377/936
f  2767/1357/937 2772/1356/943 2779/1380/955
f  2779/1380/956 2772/1356/944 2767/1357/938
f  2779/1381/955 2773/1382/880 2767/1383/937
f  2767/1383/938 2773/1382/879 2779/1381/956
f  2773/1384/422 2780/1385/422 2758/1342/422
f  2758/1342/421 2780/1385/421 2773/1384/421
f  2758/1342/422 2780/1385/422 2774/1360/422
f  2774/1360/421 2780/1385/421 2758/1342/421
f  2776/1371/947 2765/1370/939 2769/1386/939
f  2769/1386/940 2765/1370/940 2776/1371/948
f  2780/1387/897 2770/1388/941 2774/1389/898
f  2774/1389/895 2770/1388/942 2780/1387/896
f  2765/1367/945 2770/1366/941 2777/1390/949
f  2777/1390/952 2770/1366/942 2765/1367/946
f  2771/1391/947 2781/1392/957 2775/1393/957
f  2775/1393/958 2781/1392/958 2771/1391/948
f  2782/1394/959 2775/1395/960 2771/1396/950
f  2771/1396/951 2775/1395/961 2782/1394/962
f  2781/1392/957 2771/1391/947 2776/1397/947
f  2776/1397/948 2771/1391/948 2781/1392/958
f  2771/1374/950 2777/1373/949 2782/1398/959
f  2782/1398/962 2777/1373/952 2771/1374/951
f  2783/1399/421 2772/1376/421 2775/1369/421
f  2775/1369/422 2772/1376/422 2783/1399/422
f  2778/1378/953 2772/1377/935 2784/1400/953
f  2784/1400/954 2772/1377/936 2778/1378/954
f  2784/1401/963 2779/1402/955 2772/1403/943
f  2772/1403/944 2779/1402/956 2784/1401/964
f  2773/1382/880 2779/1381/955 2785/1404/892
f  2785/1404/891 2779/1381/956 2773/1382/879
f  2773/1384/422 2786/1405/422 2780/1385/422
f  2780/1385/421 2786/1405/421 2773/1384/421
f  2770/1388/941 2780/1387/897 2777/1406/949
f  2777/1406/952 2780/1387/896 2770/1388/942
f  2787/1407/965 2775/1408/957 2781/1409/957
f  2781/1409/958 2775/1408/958 2787/1407/966
f  2775/1395/960 2782/1394/959 2788/1410/967
f  2788/1410/968 2782/1394/962 2775/1395/961
f  2777/1411/949 2786/1412/914 2782/1413/959
f  2782/1413/962 2786/1412/911 2777/1411/952
f  2789/1414/421 2772/1376/421 2783/1399/421
f  2783/1399/422 2772/1376/422 2789/1414/422
f  2775/1408/957 2787/1407/965 2783/1415/965
f  2783/1415/966 2787/1407/966 2775/1408/958
f  2788/1416/967 2783/1417/969 2775/1418/960
f  2775/1418/961 2783/1417/970 2788/1416/968
f  2772/1376/421 2789/1414/421 2784/1419/421
f  2784/1419/422 2789/1414/422 2772/1376/422
f  2784/1420/953 2790/1421/971 2778/1422/953
f  2778/1422/954 2790/1421/972 2784/1420/954
f  2779/1402/955 2784/1401/963 2791/1423/973
f  2791/1423/974 2784/1401/964 2779/1402/956
f  2791/1424/973 2785/1425/892 2779/1426/955
f  2779/1426/956 2785/1425/891 2791/1424/974
f  2785/1427/422 2792/1428/422 2773/1384/422
f  2773/1384/421 2792/1428/421 2785/1427/421
f  2773/1384/422 2792/1428/422 2786/1405/422
f  2786/1405/421 2792/1428/421 2773/1384/421
f  2786/1412/914 2777/1411/949 2780/1429/897
f  2780/1429/896 2777/1411/952 2786/1412/911
f  2782/1430/959 2792/1431/913 2788/1432/967
f  2788/1432/968 2792/1431/912 2782/1430/962
f  2792/1431/913 2782/1430/959 2786/1433/914
f  2786/1433/911 2782/1430/962 2792/1431/912
f  2783/1434/965 2790/1435/971 2789/1436/971
f  2789/1436/972 2790/1435/972 2783/1434/966
f  2793/1437/975 2789/1438/976 2783/1439/969
f  2783/1439/970 2789/1438/977 2793/1437/978
f  2790/1435/971 2783/1434/965 2787/1440/965
f  2787/1440/966 2783/1434/966 2790/1435/972
f  2783/1417/969 2788/1416/967 2793/1441/975
f  2793/1441/978 2788/1416/968 2783/1417/970
f  2790/1421/971 2784/1420/953 2789/1442/971
f  2789/1442/972 2784/1420/954 2790/1421/972
f  2794/1443/979 2784/1444/963 2789/1445/976
f  2789/1445/977 2784/1444/964 2794/1443/980
f  2784/1444/963 2794/1443/979 2791/1446/973
f  2791/1446/974 2794/1443/980 2784/1444/964
f  2785/1425/892 2791/1424/973 2795/1447/981
f  2795/1447/982 2791/1424/974 2785/1425/891
f  2785/1427/422 2796/1448/422 2792/1428/422
f  2792/1428/421 2796/1448/421 2785/1427/421
f  2796/1449/928 2788/1450/967 2792/1451/913
f  2792/1451/912 2788/1450/968 2796/1449/927
f  2789/1438/976 2793/1437/975 2794/1452/979
f  2794/1452/980 2793/1437/978 2789/1438/977
f  2788/1450/967 2796/1449/928 2793/1453/975
f  2793/1453/978 2796/1449/927 2788/1450/968
f  2794/1454/979 2795/783/981 2791/1455/973
f  2791/1455/974 2795/783/982 2794/1454/980
f  2797/1456/422 2785/1427/422 2795/1457/422
f  2795/1457/421 2785/1427/421 2797/1456/421
f  2785/1427/422 2797/1456/422 2796/1448/422
f  2796/1448/421 2797/1456/421 2785/1427/421
f  2793/1458/975 2797/1459/926 2794/1460/979
f  2794/1460/980 2797/1459/923 2793/1458/978
f  2797/1459/926 2793/1458/975 2796/1461/928
f  2796/1461/927 2793/1458/978 2797/1459/923
f  2795/783/981 2794/1454/979 2797/1462/926
f  2797/1462/923 2794/1454/980 2795/783/982

# Mesh 'mesh52_mesh52-geometry' with 114 faces
g mesh52_mesh52-geometry
# usemtl material_0_0
l  2423 2407
l  2438 2423
l  2407 2388
l  2461 2438
l  2388 2382
l  2482 2461
l  2382 2368
l  2505 2482
l  2368 2371
l  2528 2505
l  2371 2361
l  2550 2528
l  2361 2359
l  2566 2550
l  2359 2352
l  2548 2566
l  2548 2538
l  2548 2558
l  2538 2526
l  2558 2564
l  2526 2504
l  2564 2573
l  2564 2571
l  2504 2478
l  2565 2571
l  2478 2454
l  2582 2565
l  2454 2418
l  2588 2582
l  2418 2409
l  2594 2588
l  2409 2405
l  2616 2594
l  2405 2387
l  2643 2616
l  2387 2367
l  2675 2643
l  2367 2351
l  2695 2675
l  2351 2358
l  2714 2695
l  2358 2353
l  2735 2714
l  2353 2346
l  2757 2735
l  2346 2348
l  2772 2757
l  2348 2356
l  2784 2772
l  2356 2374
l  2789 2784
l  2374 2381
l  2783 2789
l  2381 2397
l  2775 2783
l  2397 2401
l  2775 2771
l  2401 2391
l  2765 2771
l  2391 2389
l  2756 2765
l  2389 2399
l  2746 2756
l  2399 2416
l  2734 2746
l  2416 2434
l  2722 2734
l  2434 2448
l  2711 2722
l  2448 2451
l  2694 2711
l  2451 2449
l  2685 2694
l  2449 2466
l  2682 2685
l  2466 2488
l  2674 2682
l  2488 2498
l  2660 2674
l  2498 2511
l  2655 2660
l  2511 2510
l  2641 2655
l  2510 2522
l  2627 2641
l  2522 2514
l  2642 2627
l  2514 2517
l  2638 2642
l  2517 2536
l  2487 2517
l  2623 2638
l  2537 2536
l  2536 2487
l  2613 2623
l  2547 2537
l  2605 2613
l  2535 2547
l  2605 2598
l  2524 2535
l  2515 2524
l  2501 2515
l  2475 2501
l  2490 2475
l  2474 2490
l  2464 2474
l  2463 2464
l  2435 2463
l  2417 2435
l  2408 2417
l  2410 2408
l  2414 2410
l  2413 2414
l  2393 2413

# Mesh 'mesh53_mesh53-geometry' with 74 faces
g mesh53_mesh53-geometry
# usemtl material_0_0
l  2630 2663
l  2617 2630
l  2663 2688
l  2601 2617
l  2688 2715
l  2590 2601
l  2715 2736
l  2579 2590
l  2736 2758
l  2567 2579
l  2758 2773
l  2551 2567
l  2773 2785
l  2551 2529
l  2785 2795
l  2529 2506
l  2795 2797
l  2506 2483
l  2797 2796
l  2483 2462
l  2796 2792
l  2462 2446
l  2792 2786
l  2446 2432
l  2786 2780
l  2432 2411
l  2780 2774
l  2411 2406
l  2774 2768
l  2406 2386
l  2768 2759
l  2386 2375
l  2759 2749
l  2375 2373
l  2749 2733
l  2373 2372
l  2733 2723
l  2372 2377
l  2723 2720
l  2377 2363
l  2720 2710
l  2363 2355
l  2710 2702
l  2355 2357
l  2702 2699
l  2357 2366
l  2699 2691
l  2366 2380
l  2691 2680
l  2380 2396
l  2680 2681
l  2396 2404
l  2681 2676
l  2404 2402
l  2676 2667
l  2402 2392
l  2667 2634
l  2392 2390
l  2634 2620
l  2390 2400
l  2620 2611
l  2400 2420
l  2611 2597
l  2420 2442
l  2442 2453
l  2453 2452
l  2452 2450
l  2450 2467
l  2467 2489
l  2489 2499
l  2499 2512
l  2512 2509
l  2509 2523
l  2523 2513

# Mesh 'mesh54_mesh54-geometry' with 158 faces
g mesh54_mesh54-geometry
# usemtl material_0_0
l  2603 2586
l  2610 2603
l  2586 2576
l  2586 2593
l  2619 2610
l  2576 2570
l  2576 2575
l  2596 2593
l  2593 2575
l  2633 2619
l  2570 2561
l  2570 2541
l  2575 2541
l  2609 2596
l  2648 2633
l  2561 2554
l  2541 2542
l  2631 2609
l  2650 2648
l  2554 2555
l  2542 2532
l  2646 2631
l  2635 2650
l  2555 2562
l  2532 2543
l  2665 2646
l  2621 2635
l  2562 2563
l  2543 2556
l  2647 2665
l  2612 2621
l  2563 2557
l  2556 2544
l  2666 2647
l  2604 2612
l  2557 2545
l  2544 2533
l  2651 2666
l  2649 2604
l  2545 2546
l  2533 2521
l  2636 2651
l  2677 2649
l  2649 2637
l  2546 2549
l  2521 2534
l  2622 2636
l  2698 2677
l  2668 2637
l  2637 2622
l  2549 2540
l  2534 2527
l  2709 2698
l  2690 2668
l  2540 2525
l  2527 2519
l  2719 2709
l  2708 2690
l  2525 2491
l  2525 2516
l  2519 2516
l  2728 2719
l  2718 2708
l  2491 2476
l  2516 2503
l  2721 2728
l  2740 2718
l  2476 2477
l  2503 2502
l  2730 2721
l  2739 2740
l  2477 2469
l  2502 2493
l  2729 2730
l  2743 2739
l  2469 2456
l  2493 2479
l  2742 2729
l  2751 2743
l  2456 2443
l  2479 2470
l  2752 2742
l  2753 2751
l  2443 2429
l  2470 2457
l  2741 2752
l  2762 2753
l  2429 2421
l  2457 2444
l  2737 2741
l  2761 2762
l  2421 2412
l  2444 2430
l  2726 2737
l  2737 2760
l  2760 2761
l  2412 2422
l  2430 2431
l  2716 2726
l  2750 2760
l  2422 2428
l  2431 2445
l  2707 2716
l  2738 2750
l  2428 2419
l  2445 2441
l  2696 2707
l  2727 2738
l  2419 2427
l  2419 2440
l  2441 2440
l  2689 2696
l  2717 2727
l  2427 2439
l  2440 2455
l  2664 2689
l  2697 2717
l  2439 2447
l  2455 2458
l  2644 2664
l  2669 2697
l  2447 2460
l  2458 2471
l  2645 2644
l  2652 2669
l  2460 2459
l  2471 2481
l  2618 2645
l  2632 2652
l  2459 2472
l  2481 2480
l  2602 2618
l  2608 2632
l  2472 2484
l  2480 2494
l  2591 2602
l  2592 2608
l  2484 2495
l  2494 2496
l  2584 2591
l  2585 2592
l  2495 2507
l  2496 2508
l  2580 2584
l  2584 2581
l  2581 2585
l  2507 2530
l  2508 2520
l  2568 2580
l  2580 2569
l  2569 2581
l  2530 2552
l  2520 2531
l  2552 2568
l  2568 2560
l  2560 2569
l  2531 2553
l  2553 2560

# Mesh 'mesh55_mesh55-geometry' with 1 faces
g mesh55_mesh55-geometry
# usemtl material_0_0
l  2587 2798

# Mesh 'mesh51_mesh51-geometry' with 1936 faces
g mesh51_mesh51-geometry
# usemtl material_6_2_8
f  2799/17/411 2800/18/412 2801/19/413
f  2800/18/412 2799/17/411 2802/20/414
f  2801/19/415 2800/18/416 2799/17/417
f  2802/20/418 2799/17/417 2800/18/416
f  2803/21/419 2801/22/413 2800/23/412
f  2800/23/416 2801/22/415 2803/21/420
f  2801/24/421 2804/25/421 2799/26/421
f  2799/26/422 2804/25/422 2801/24/422
f  2805/27/423 2799/28/424 2801/29/425
f  2801/29/426 2799/28/427 2805/27/428
f  2806/30/429 2802/31/414 2799/32/411
f  2799/32/417 2802/31/418 2806/30/430
f  2807/33/431 2800/34/412 2802/35/414
f  2802/35/418 2800/34/416 2807/33/432
f  2802/36/414 2808/37/426 2800/38/412
f  2800/38/416 2808/37/425 2802/36/418
f  2801/22/413 2803/21/419 2809/39/433
f  2809/39/434 2803/21/420 2801/22/415
f  2807/33/431 2803/40/419 2800/34/412
f  2800/34/416 2803/40/420 2807/33/432
f  2800/41/412 2810/42/435 2803/43/419
f  2803/43/420 2810/42/436 2800/41/416
f  2809/44/421 2804/25/421 2801/24/421
f  2801/24/422 2804/25/422 2809/44/422
f  2799/26/421 2804/25/421 2811/45/421
f  2811/45/422 2804/25/422 2799/26/422
f  2799/28/424 2805/27/423 2812/46/424
f  2812/46/427 2805/27/428 2799/28/427
f  2809/47/436 2805/48/423 2801/49/425
f  2801/49/426 2805/48/428 2809/47/435
f  2802/31/414 2806/30/429 2813/50/437
f  2813/50/438 2806/30/430 2802/31/418
f  2799/26/421 2811/45/421 2806/51/421
f  2806/51/422 2811/45/422 2799/26/422
f  2799/52/424 2814/53/439 2806/54/439
f  2806/54/440 2814/53/440 2799/52/427
f  2807/33/431 2802/35/414 2815/55/441
f  2815/55/442 2802/35/418 2807/33/432
f  2808/37/426 2802/36/414 2816/56/427
f  2816/56/424 2802/36/418 2808/37/425
f  2810/42/435 2800/41/412 2808/57/426
f  2808/57/425 2800/41/416 2810/42/436
f  2817/58/443 2809/59/433 2803/60/419
f  2803/60/420 2809/59/434 2817/58/444
f  2818/61/445 2803/40/419 2807/33/431
f  2807/33/432 2803/40/420 2818/61/446
f  2819/62/447 2803/63/419 2810/64/435
f  2810/64/436 2803/63/420 2819/62/448
f  2809/44/421 2820/65/421 2804/25/421
f  2804/25/422 2820/65/422 2809/44/422
f  2811/66/449 2821/67/450 2804/68/450
f  2804/68/451 2821/67/451 2811/66/452
f  2807/69/431 2811/70/453 2804/71/454
f  2804/71/455 2811/70/456 2807/69/432
f  2805/72/423 2822/73/457 2812/74/422
f  2812/74/421 2822/73/458 2805/72/428
f  2814/53/439 2799/52/424 2812/75/424
f  2812/75/427 2799/52/427 2814/53/440
f  2805/48/423 2809/47/436 2823/76/459
f  2823/76/460 2809/47/435 2805/48/428
f  2811/77/453 2813/78/437 2806/79/429
f  2806/79/430 2813/78/438 2811/77/456
f  2815/55/441 2802/35/414 2813/80/437
f  2813/80/438 2802/35/418 2815/55/442
f  2813/81/437 2816/82/427 2802/83/414
f  2802/83/418 2816/82/424 2813/81/438
f  2806/84/439 2824/85/449 2811/86/449
f  2811/86/452 2824/85/452 2806/84/440
f  2824/85/449 2806/84/439 2814/87/439
f  2814/87/440 2806/84/440 2824/85/452
f  2811/70/453 2807/69/431 2815/88/441
f  2815/88/442 2807/69/432 2811/70/456
f  2807/89/431 2825/90/452 2815/91/441
f  2815/91/442 2825/90/449 2807/89/432
f  2826/33/422 2808/34/422 2816/35/422
f  2816/35/421 2808/34/421 2826/33/421
f  2826/33/422 2810/40/422 2808/34/422
f  2808/34/421 2810/40/421 2826/33/421
f  2809/59/433 2817/58/443 2827/92/461
f  2827/92/462 2817/58/444 2809/59/434
f  2818/61/445 2817/93/443 2803/40/419
f  2803/40/420 2817/93/444 2818/61/446
f  2803/63/419 2819/62/447 2817/94/443
f  2817/94/444 2819/62/448 2803/63/420
f  2804/95/454 2818/96/445 2807/97/431
f  2807/97/432 2818/96/446 2804/95/455
f  2818/98/445 2826/99/451 2807/100/431
f  2807/100/432 2826/99/450 2818/98/446
f  2828/61/422 2819/93/422 2810/40/422
f  2810/40/421 2819/93/421 2828/61/421
f  2827/101/421 2820/65/421 2809/44/421
f  2809/44/422 2820/65/422 2827/101/422
f  2821/102/450 2820/103/463 2804/104/450
f  2804/104/451 2820/103/464 2821/102/451
f  2818/96/445 2804/95/454 2820/105/465
f  2820/105/466 2804/95/455 2818/96/446
f  2821/67/450 2811/66/449 2824/106/449
f  2824/106/452 2811/66/452 2821/67/451
f  2823/107/459 2822/73/457 2805/72/423
f  2805/72/428 2822/73/458 2823/107/460
f  2812/74/422 2822/73/457 2814/108/422
f  2814/108/421 2822/73/458 2812/74/421
f  2809/109/436 2829/110/467 2823/111/459
f  2823/111/460 2829/110/468 2809/109/435
f  2813/78/437 2811/77/453 2815/112/441
f  2815/112/442 2811/77/456 2813/78/438
f  2815/113/441 2830/114/440 2813/115/437
f  2813/115/438 2830/114/439 2815/113/442
f  2816/82/427 2813/81/437 2830/116/440
f  2830/116/439 2813/81/438 2816/82/424
f  2814/108/422 2831/117/469 2824/118/422
f  2824/118/421 2831/117/470 2814/108/421
f  2825/90/452 2807/89/431 2826/119/451
f  2826/119/450 2807/89/432 2825/90/449
f  2830/114/440 2815/113/441 2825/120/452
f  2825/120/449 2815/113/442 2830/114/439
f  2826/33/422 2816/35/422 2825/55/422
f  2825/55/421 2816/35/421 2826/33/421
f  2828/61/422 2810/40/422 2826/33/422
f  2826/33/421 2810/40/421 2828/61/421
f  2832/121/471 2827/122/461 2817/123/443
f  2817/123/444 2827/122/462 2832/121/472
f  2829/110/467 2809/109/436 2827/124/448
f  2827/124/447 2809/109/435 2829/110/468
f  2818/61/445 2832/125/471 2817/93/443
f  2817/93/444 2832/125/472 2818/61/446
f  2833/126/473 2817/127/443 2819/128/447
f  2819/128/448 2817/127/444 2833/126/474
f  2826/99/451 2818/98/445 2828/129/464
f  2828/129/463 2818/98/446 2826/99/450
f  2828/61/422 2833/125/422 2819/93/422
f  2819/93/421 2833/125/421 2828/61/421
f  2834/130/421 2820/65/421 2827/101/421
f  2827/101/422 2820/65/422 2834/130/422
f  2820/103/463 2821/102/450 2835/131/463
f  2835/131/464 2821/102/451 2820/103/464
f  2820/132/465 2836/133/475 2818/134/445
f  2818/134/446 2836/133/476 2820/132/466
f  2837/135/477 2821/136/422 2824/118/422
f  2824/118/421 2821/136/421 2837/135/478
f  2823/107/459 2838/137/479 2822/73/457
f  2822/73/458 2838/137/480 2823/107/460
f  2814/108/422 2822/73/457 2831/117/469
f  2831/117/470 2822/73/458 2814/108/421
f  2829/138/467 2838/137/479 2823/107/459
f  2823/107/460 2838/137/480 2829/138/468
f  2825/55/422 2816/35/422 2830/80/422
f  2830/80/421 2816/35/421 2825/55/421
f  2837/135/477 2824/118/422 2831/117/469
f  2831/117/470 2824/118/421 2837/135/478
f  2827/122/461 2832/121/471 2834/139/481
f  2834/139/482 2832/121/472 2827/122/462
f  2817/127/443 2833/126/473 2832/140/471
f  2832/140/472 2833/126/474 2817/127/444
f  2834/141/474 2829/142/467 2827/143/448
f  2827/143/447 2829/142/468 2834/141/473
f  2836/144/475 2832/125/471 2818/61/445
f  2818/61/446 2832/125/472 2836/144/476
f  2836/145/475 2828/146/464 2818/147/445
f  2818/147/446 2828/146/463 2836/145/476
f  2839/144/422 2833/125/422 2828/61/422
f  2828/61/421 2833/125/421 2839/144/421
f  2834/130/421 2840/148/421 2820/65/421
f  2820/65/422 2840/148/422 2834/130/422
f  2837/135/477 2835/149/422 2821/136/422
f  2821/136/421 2835/149/421 2837/135/478
f  2841/150/483 2820/151/463 2835/152/463
f  2835/152/464 2820/151/464 2841/150/484
f  2836/133/475 2820/132/465 2840/153/485
f  2840/153/486 2820/132/466 2836/133/476
f  2838/154/479 2842/155/487 2822/156/457
f  2822/156/458 2842/155/488 2838/154/480
f  2822/157/457 2843/158/489 2838/159/479
f  2838/159/480 2843/158/490 2822/157/458
f  2822/160/457 2844/161/491 2831/162/469
f  2831/162/470 2844/161/492 2822/160/458
f  2831/163/469 2845/164/493 2822/165/457
f  2822/165/458 2845/164/494 2831/163/470
f  2846/166/495 2838/137/479 2829/138/467
f  2829/138/468 2838/137/480 2846/166/496
f  2837/135/477 2831/117/469 2847/167/497
f  2847/167/498 2831/117/470 2837/135/478
f  2848/168/499 2834/169/481 2832/170/471
f  2832/170/472 2834/169/482 2848/168/500
f  2849/171/501 2832/172/471 2833/173/473
f  2833/173/474 2832/172/472 2849/171/502
f  2829/142/467 2834/141/474 2846/174/495
f  2846/174/496 2834/141/473 2829/142/468
f  2836/144/475 2848/175/499 2832/125/471
f  2832/125/472 2848/175/500 2836/144/476
f  2828/146/464 2836/145/475 2839/176/484
f  2839/176/483 2836/145/476 2828/146/463
f  2839/144/422 2849/175/422 2833/125/422
f  2833/125/421 2849/175/421 2839/144/421
f  2850/177/421 2840/148/421 2834/130/421
f  2834/130/422 2840/148/422 2850/177/422
f  2820/151/463 2841/150/483 2840/178/483
f  2840/178/484 2841/150/484 2820/151/464
f  2851/179/503 2835/149/422 2837/135/477
f  2837/135/478 2835/149/421 2851/179/504
f  2851/179/503 2841/180/422 2835/149/422
f  2835/149/421 2841/180/421 2851/179/504
f  2840/181/485 2837/182/477 2836/183/475
f  2836/183/476 2837/182/478 2840/181/486
f  2842/155/487 2838/154/479 2852/184/505
f  2852/184/506 2838/154/480 2842/155/488
f  2844/161/491 2822/160/457 2842/185/487
f  2842/185/488 2822/160/458 2844/161/492
f  2843/158/489 2822/157/457 2845/186/493
f  2845/186/494 2822/157/458 2843/158/490
f  2853/187/507 2838/188/479 2843/189/489
f  2843/189/490 2838/188/480 2853/187/508
f  2854/190/509 2831/191/469 2844/192/491
f  2844/192/492 2831/191/470 2854/190/510
f  2845/164/493 2831/163/469 2855/193/511
f  2855/193/512 2831/163/470 2845/164/494
f  2846/166/495 2856/194/513 2838/137/479
f  2838/137/480 2856/194/514 2846/166/496
f  2831/191/469 2854/190/509 2847/195/497
f  2847/195/498 2854/190/510 2831/191/470
f  2847/196/497 2855/197/511 2831/198/469
f  2831/198/470 2855/197/512 2847/196/498
f  2837/135/477 2847/167/497 2836/144/475
f  2836/144/476 2847/167/498 2837/135/478
f  2834/169/481 2848/168/499 2850/199/515
f  2850/199/516 2848/168/500 2834/169/482
f  2832/172/471 2849/171/501 2848/200/499
f  2848/200/500 2849/171/502 2832/172/472
f  2850/201/502 2846/202/495 2834/203/474
f  2834/203/473 2846/202/496 2850/201/501
f  2836/144/475 2847/167/497 2848/175/499
f  2848/175/500 2847/167/498 2836/144/476
f  2837/204/477 2839/205/484 2836/206/475
f  2836/206/476 2839/205/483 2837/204/478
f  2839/144/422 2857/167/422 2849/175/422
f  2849/175/421 2857/167/421 2839/144/421
f  2854/207/421 2840/148/421 2850/177/421
f  2850/177/422 2840/148/422 2854/207/422
f  2841/208/483 2858/209/517 2840/210/483
f  2840/210/484 2858/209/518 2841/208/484
f  2858/211/519 2851/212/503 2837/213/477
f  2837/213/478 2851/212/504 2858/211/520
f  2851/214/503 2859/215/518 2837/216/477
f  2837/216/478 2859/215/517 2851/214/504
f  2851/179/503 2860/217/422 2841/180/422
f  2841/180/421 2860/217/421 2851/179/504
f  2837/182/477 2840/181/485 2858/218/519
f  2858/218/520 2840/181/486 2837/182/478
f  2856/219/513 2852/220/505 2838/221/479
f  2838/221/480 2852/220/506 2856/219/514
f  2852/222/490 2861/223/494 2842/224/494
f  2842/224/493 2861/223/493 2852/222/489
f  2852/225/421 2862/226/421 2842/227/421
f  2842/227/422 2862/226/422 2852/225/422
f  2842/228/494 2863/229/512 2844/230/512
f  2844/230/511 2863/229/511 2842/228/493
f  2842/227/421 2858/231/421 2844/232/421
f  2844/232/422 2858/231/422 2842/227/422
f  2864/179/422 2843/137/422 2845/73/422
f  2845/73/421 2843/137/421 2864/179/421
f  2838/188/479 2853/187/507 2856/233/513
f  2856/233/514 2853/187/508 2838/188/480
f  2865/234/422 2853/194/422 2843/137/422
f  2843/137/421 2853/194/421 2865/234/421
f  2863/235/512 2854/236/521 2844/237/512
f  2844/237/511 2854/236/522 2863/235/511
f  2844/232/421 2858/231/421 2854/207/421
f  2854/207/422 2858/231/422 2844/232/422
f  2859/135/422 2845/73/422 2855/117/422
f  2855/117/421 2845/73/421 2859/135/421
f  2866/238/422 2856/194/513 2846/166/495
f  2846/166/496 2856/194/514 2866/238/421
f  2850/239/515 2847/240/497 2854/241/509
f  2854/241/510 2847/240/498 2850/239/516
f  2855/197/511 2847/196/497 2857/242/522
f  2857/242/521 2847/196/498 2855/197/512
f  2847/240/497 2850/239/515 2848/243/499
f  2848/243/500 2850/239/516 2847/240/498
f  2857/244/522 2848/245/499 2849/246/501
f  2849/246/502 2848/245/500 2857/244/521
f  2846/202/495 2850/201/502 2866/247/502
f  2866/247/501 2850/201/501 2846/202/496
f  2848/245/499 2857/244/522 2847/248/497
f  2847/248/498 2857/244/521 2848/245/500
f  2839/205/484 2837/204/477 2859/249/518
f  2859/249/517 2837/204/478 2839/205/483
f  2859/135/422 2857/167/422 2839/144/422
f  2839/144/421 2857/167/421 2859/135/421
f  2854/207/421 2858/231/421 2840/148/421
f  2840/148/422 2858/231/422 2854/207/422
f  2867/250/521 2850/251/502 2854/252/521
f  2854/252/522 2850/251/501 2867/250/522
f  2858/209/517 2841/208/483 2860/253/517
f  2860/253/518 2841/208/484 2858/209/518
f  2851/212/503 2858/211/519 2862/254/523
f  2862/254/524 2858/211/520 2851/212/504
f  2859/215/518 2851/214/503 2864/255/525
f  2864/255/526 2851/214/504 2859/215/517
f  2868/256/527 2860/217/422 2851/179/503
f  2851/179/504 2860/217/421 2868/256/528
f  2852/220/505 2856/219/513 2869/257/529
f  2869/257/530 2856/219/514 2852/220/506
f  2861/223/494 2852/222/490 2870/258/490
f  2870/258/489 2852/222/489 2861/223/493
f  2863/229/512 2842/228/494 2861/259/494
f  2861/259/493 2842/228/493 2863/229/511
f  2852/225/421 2871/260/421 2862/226/421
f  2862/226/422 2871/260/422 2852/225/422
f  2842/227/421 2862/226/421 2858/231/421
f  2858/231/422 2862/226/422 2842/227/422
f  2864/179/422 2872/261/422 2843/137/422
f  2843/137/421 2872/261/421 2864/179/421
f  2864/179/422 2845/73/422 2859/135/422
f  2859/135/421 2845/73/421 2864/179/421
f  2873/262/531 2856/263/513 2853/264/507
f  2853/264/508 2856/263/514 2873/262/532
f  2874/265/422 2853/194/422 2865/234/422
f  2865/234/421 2853/194/421 2874/265/421
f  2865/234/422 2843/137/422 2875/266/422
f  2875/266/421 2843/137/421 2865/234/421
f  2854/236/521 2863/235/512 2867/267/521
f  2867/267/522 2863/235/511 2854/236/522
f  2859/135/422 2855/117/422 2857/167/422
f  2857/167/421 2855/117/421 2859/135/421
f  2867/268/422 2856/194/513 2866/238/422
f  2866/238/421 2856/194/514 2867/268/421
f  2850/251/502 2867/250/521 2866/269/502
f  2866/269/501 2867/250/522 2850/251/501
f  2876/270/526 2858/271/517 2860/272/517
f  2860/272/518 2858/271/518 2876/270/525
f  2858/271/517 2876/270/526 2862/273/526
f  2862/273/525 2876/270/525 2858/271/518
f  2862/274/523 2868/275/527 2851/276/503
f  2851/276/504 2868/275/528 2862/274/524
f  2868/277/527 2864/278/525 2851/279/503
f  2851/279/504 2864/278/526 2868/277/528
f  2868/256/527 2876/280/422 2860/217/422
f  2860/217/421 2876/280/421 2868/256/528
f  2877/281/533 2869/282/529 2856/283/513
f  2856/283/514 2869/282/530 2877/281/534
f  2869/284/421 2871/260/421 2852/225/421
f  2852/225/422 2871/260/422 2869/284/422
f  2869/285/508 2870/286/490 2852/287/490
f  2852/287/489 2870/286/489 2869/285/507
f  2870/288/422 2878/289/535 2861/290/422
f  2861/290/421 2878/289/536 2870/288/421
f  2861/290/422 2879/291/537 2863/292/422
f  2863/292/421 2879/291/538 2861/290/421
f  2876/293/526 2871/294/539 2862/295/526
f  2862/295/525 2871/294/540 2876/293/525
f  2868/275/527 2862/274/523 2871/296/541
f  2871/296/542 2862/274/524 2868/275/528
f  2864/179/422 2880/297/422 2872/261/422
f  2872/261/421 2880/297/421 2864/179/421
f  2881/298/422 2843/137/422 2872/261/422
f  2872/261/421 2843/137/421 2881/298/421
f  2856/263/513 2873/262/531 2877/299/533
f  2877/299/534 2873/262/532 2856/263/514
f  2882/300/422 2873/301/422 2853/194/422
f  2853/194/421 2873/301/421 2882/300/421
f  2882/300/422 2853/194/422 2874/265/422
f  2874/265/421 2853/194/421 2882/300/421
f  2865/302/425 2883/303/436 2874/304/436
f  2874/304/435 2883/303/435 2865/302/426
f  2875/266/422 2843/137/422 2881/298/422
f  2881/298/421 2843/137/421 2875/266/421
f  2875/305/424 2884/306/425 2865/307/425
f  2865/307/426 2884/306/426 2875/305/427
f  2863/292/422 2877/301/533 2867/268/422
f  2867/268/421 2877/301/534 2863/292/421
f  2867/268/422 2877/301/533 2856/194/513
f  2856/194/514 2877/301/534 2867/268/421
f  2864/278/525 2868/277/527 2885/308/540
f  2885/308/539 2868/277/528 2864/278/526
f  2886/309/543 2876/280/422 2868/256/527
f  2868/256/528 2876/280/421 2886/309/544
f  2869/282/529 2877/281/533 2887/310/545
f  2887/310/546 2877/281/534 2869/282/530
f  2887/311/421 2871/260/421 2869/284/421
f  2869/284/422 2871/260/422 2887/311/422
f  2870/286/490 2869/285/508 2888/312/508
f  2888/312/507 2869/285/507 2870/286/489
f  2870/288/422 2889/313/547 2878/289/535
f  2878/289/536 2889/313/548 2870/288/421
f  2861/290/422 2878/289/535 2890/314/549
f  2890/314/550 2878/289/536 2861/290/421
f  2861/290/422 2890/314/549 2879/291/537
f  2879/291/538 2890/314/550 2861/290/421
f  2863/292/422 2879/291/537 2877/301/533
f  2877/301/534 2879/291/538 2863/292/421
f  2871/294/539 2876/293/526 2891/315/539
f  2891/315/540 2876/293/525 2871/294/540
f  2871/316/541 2886/317/543 2868/318/527
f  2868/318/528 2886/317/544 2871/316/542
f  2864/179/422 2892/319/422 2880/297/422
f  2880/297/421 2892/319/421 2864/179/421
f  2880/320/450 2893/321/551 2872/322/551
f  2872/322/552 2893/321/552 2880/320/451
f  2872/323/553 2894/324/439 2881/325/439
f  2881/325/440 2894/324/440 2872/323/554
f  2895/326/555 2877/327/533 2873/328/531
f  2873/328/532 2877/327/534 2895/326/556
f  2896/329/422 2873/301/422 2882/300/422
f  2882/300/421 2873/301/421 2896/329/421
f  2874/330/436 2897/331/448 2882/332/448
f  2882/332/447 2897/331/447 2874/330/435
f  2883/303/436 2865/302/425 2884/333/425
f  2884/333/426 2865/302/426 2883/303/435
f  2897/331/448 2874/330/436 2883/334/436
f  2883/334/435 2874/330/435 2897/331/447
f  2881/335/439 2898/336/424 2875/337/424
f  2875/337/427 2898/336/427 2881/335/440
f  2884/306/425 2875/305/424 2898/338/424
f  2898/338/427 2875/305/427 2884/306/426
f  2868/339/527 2899/340/557 2885/341/540
f  2885/341/539 2899/340/558 2868/339/528
f  2885/256/422 2900/342/422 2864/179/422
f  2864/179/421 2900/342/421 2885/256/421
f  2886/309/543 2891/343/422 2876/280/422
f  2876/280/421 2891/343/421 2886/309/544
f  2899/340/557 2868/339/527 2886/344/543
f  2886/344/544 2868/339/528 2899/340/558
f  2879/345/537 2887/346/545 2877/347/533
f  2877/347/534 2887/346/546 2879/345/538
f  2887/348/532 2888/349/508 2869/350/508
f  2869/350/507 2888/349/507 2887/348/531
f  2901/351/421 2871/260/421 2887/311/421
f  2887/311/422 2871/260/422 2901/351/422
f  2888/352/422 2889/313/547 2870/288/422
f  2870/288/421 2889/313/548 2888/352/421
f  2889/353/547 2902/354/559 2878/355/535
f  2878/355/536 2902/354/560 2889/353/548
f  2878/356/535 2903/357/561 2889/358/547
f  2889/358/548 2903/357/562 2878/356/536
f  2878/359/535 2904/360/563 2890/361/549
f  2890/361/550 2904/360/564 2878/359/536
f  2890/362/549 2905/363/565 2878/364/535
f  2878/364/536 2905/363/566 2890/362/550
f  2890/365/549 2901/366/567 2879/367/537
f  2879/367/538 2901/366/568 2890/365/550
f  2879/368/537 2906/369/569 2890/370/549
f  2890/370/550 2906/369/570 2879/368/538
f  2877/327/533 2895/326/555 2879/371/537
f  2879/371/538 2895/326/556 2877/327/534
f  2891/372/539 2907/373/558 2871/374/539
f  2871/374/540 2907/373/557 2891/372/540
f  2886/317/543 2871/316/541 2907/375/571
f  2907/375/572 2871/316/542 2886/317/544
f  2864/179/422 2900/342/422 2892/319/422
f  2892/319/421 2900/342/421 2864/179/421
f  2892/376/463 2908/377/450 2880/378/450
f  2880/378/451 2908/377/451 2892/376/464
f  2893/321/551 2880/320/450 2908/379/450
f  2908/379/451 2880/320/451 2893/321/552
f  2894/324/439 2872/323/553 2893/380/553
f  2893/380/554 2872/323/554 2894/324/440
f  2898/336/424 2881/335/439 2894/381/439
f  2894/381/440 2881/335/440 2898/336/427
f  2909/382/422 2895/291/422 2873/301/422
f  2873/301/421 2895/291/421 2909/382/421
f  2909/382/422 2873/301/422 2896/329/422
f  2896/329/421 2873/301/421 2909/382/421
f  2882/383/448 2910/384/474 2896/385/474
f  2896/385/473 2910/384/473 2882/383/447
f  2910/384/474 2882/383/448 2897/386/448
f  2897/386/447 2882/383/447 2910/384/473
f  2911/319/422 2883/265/422 2884/234/422
f  2884/234/421 2883/265/421 2911/319/421
f  2911/319/422 2897/300/422 2883/265/422
f  2883/265/421 2897/300/421 2911/319/421
f  2908/297/422 2884/234/422 2898/266/422
f  2898/266/421 2884/234/421 2908/297/421
f  2899/309/422 2912/387/422 2885/256/422
f  2885/256/421 2912/387/421 2899/309/421
f  2885/256/422 2913/388/422 2900/342/422
f  2900/342/421 2913/388/421 2885/256/421
f  2886/309/543 2914/389/422 2891/343/422
f  2891/343/421 2914/389/421 2886/309/544
f  2886/390/543 2915/391/573 2899/392/557
f  2899/392/558 2915/391/574 2886/390/544
f  2887/346/545 2879/345/537 2901/393/567
f  2901/393/568 2879/345/538 2887/346/546
f  2888/349/508 2887/348/532 2916/394/532
f  2916/394/531 2887/348/531 2888/349/507
f  2901/351/421 2907/395/421 2871/260/421
f  2871/260/422 2907/395/422 2901/351/422
f  2917/396/556 2887/397/532 2901/398/556
f  2901/398/555 2887/397/531 2917/396/555
f  2888/352/422 2918/399/575 2889/313/547
f  2889/313/548 2918/399/576 2888/352/421
f  2902/354/559 2889/353/547 2919/400/577
f  2919/400/578 2889/353/548 2902/354/560
f  2904/360/563 2878/359/535 2902/401/559
f  2902/401/560 2878/359/536 2904/360/564
f  2903/357/561 2878/356/535 2905/402/565
f  2905/402/566 2878/356/536 2903/357/562
f  2920/403/579 2889/404/547 2903/405/561
f  2903/405/562 2889/404/548 2920/403/580
f  2901/366/567 2890/365/549 2904/406/563
f  2904/406/564 2890/365/550 2901/366/568
f  2905/363/565 2890/362/549 2906/407/569
f  2906/407/570 2890/362/550 2905/363/566
f  2906/369/569 2879/368/537 2895/408/555
f  2895/408/556 2879/368/538 2906/369/570
f  2907/373/558 2891/372/539 2914/409/558
f  2914/409/557 2891/372/540 2907/373/557
f  2907/410/571 2921/411/581 2886/412/543
f  2886/412/544 2921/411/582 2907/410/572
f  2900/413/483 2911/414/463 2892/415/463
f  2892/415/464 2911/414/464 2900/413/484
f  2908/377/450 2892/376/463 2911/416/463
f  2911/416/464 2892/376/464 2908/377/451
f  2908/297/422 2898/266/422 2893/261/422
f  2893/261/421 2898/266/421 2908/297/421
f  2893/261/422 2898/266/422 2894/298/422
f  2894/298/421 2898/266/421 2893/261/421
f  2922/417/422 2895/291/422 2909/382/422
f  2909/382/421 2895/291/421 2922/417/421
f  2896/418/474 2923/419/502 2909/420/502
f  2909/420/501 2923/419/501 2896/418/473
f  2923/419/502 2896/418/474 2910/421/474
f  2910/421/473 2896/418/473 2923/419/501
f  2924/342/422 2910/329/422 2897/300/422
f  2897/300/421 2910/329/421 2924/342/421
f  2911/319/422 2884/234/422 2908/297/422
f  2908/297/421 2884/234/421 2911/319/421
f  2924/342/422 2897/300/422 2911/319/422
f  2911/319/421 2897/300/421 2924/342/421
f  2899/309/422 2925/422/422 2912/387/422
f  2912/387/421 2925/422/421 2899/309/421
f  2885/256/422 2912/387/422 2913/388/422
f  2913/388/421 2912/387/421 2885/256/421
f  2913/423/517 2924/424/483 2900/425/483
f  2900/425/484 2924/424/484 2913/423/518
f  2921/426/581 2914/389/422 2886/309/543
f  2886/309/544 2914/389/421 2921/426/582
f  2915/391/573 2886/390/543 2921/427/581
f  2921/427/582 2886/390/544 2915/391/574
f  2915/426/422 2925/422/422 2899/309/422
f  2899/309/421 2925/422/421 2915/426/421
f  2887/397/532 2917/396/556 2916/428/532
f  2916/428/531 2917/396/555 2887/397/531
f  2916/429/422 2926/430/583 2888/352/422
f  2888/352/421 2926/430/584 2916/429/421
f  2904/431/421 2907/395/421 2901/351/421
f  2901/351/422 2907/395/422 2904/431/422
f  2901/432/556 2927/433/570 2917/434/556
f  2917/434/555 2927/433/569 2901/432/555
f  2888/352/422 2926/430/583 2918/399/575
f  2918/399/576 2926/430/584 2888/352/421
f  2918/435/575 2919/436/577 2889/437/547
f  2889/437/548 2919/436/578 2918/435/576
f  2889/404/547 2920/403/579 2918/438/575
f  2918/438/576 2920/403/580 2889/404/548
f  2928/439/562 2902/440/566 2919/441/562
f  2919/441/561 2902/440/565 2928/439/561
f  2919/442/421 2907/395/421 2902/443/421
f  2902/443/422 2907/395/422 2919/442/422
f  2902/444/566 2927/445/570 2904/446/570
f  2904/446/569 2927/445/569 2902/444/565
f  2902/443/421 2907/395/421 2904/431/421
f  2904/431/422 2907/395/422 2902/443/422
f  2929/447/422 2903/313/422 2905/289/422
f  2905/289/421 2903/313/421 2929/447/421
f  2929/447/422 2920/399/422 2903/313/422
f  2903/313/421 2920/399/421 2929/447/421
f  2927/433/570 2901/432/556 2904/448/570
f  2904/448/569 2901/432/555 2927/433/569
f  2930/449/422 2905/289/422 2906/314/422
f  2906/314/421 2905/289/421 2930/449/421
f  2922/417/422 2906/314/422 2895/291/422
f  2895/291/421 2906/314/421 2922/417/421
f  2914/450/558 2931/451/574 2907/452/558
f  2907/452/557 2931/451/573 2914/450/557
f  2921/411/581 2907/410/571 2931/453/585
f  2931/453/586 2907/410/572 2921/411/582
f  2911/414/463 2900/413/483 2924/454/483
f  2924/454/484 2900/413/484 2911/414/464
f  2909/455/502 2932/456/521 2922/457/521
f  2922/457/522 2932/456/522 2909/455/501
f  2932/456/521 2909/455/502 2923/458/502
f  2923/458/501 2909/455/501 2932/456/522
f  2924/342/422 2923/382/422 2910/329/422
f  2910/329/421 2923/382/421 2924/342/421
f  2925/459/539 2933/460/526 2912/461/526
f  2912/461/525 2933/460/525 2925/459/540
f  2912/462/526 2934/463/517 2913/464/517
f  2913/464/518 2934/463/518 2912/462/525
f  2924/424/483 2913/423/517 2934/465/517
f  2934/465/518 2913/423/518 2924/424/484
f  2921/426/581 2935/466/422 2914/389/422
f  2914/389/421 2935/466/421 2921/426/582
f  2921/467/581 2936/468/587 2915/469/573
f  2915/469/574 2936/468/588 2921/467/582
f  2915/426/422 2937/470/422 2925/422/422
f  2925/422/421 2937/470/421 2915/426/421
f  2917/471/422 2938/472/589 2916/429/422
f  2916/429/421 2938/472/590 2917/471/421
f  2916/429/422 2939/473/591 2926/430/583
f  2926/430/584 2939/473/592 2916/429/421
f  2927/474/422 2940/475/593 2917/471/422
f  2917/471/421 2940/475/594 2927/474/421
f  2926/476/583 2941/477/595 2918/478/575
f  2918/478/576 2941/477/596 2926/476/584
f  2918/479/575 2942/480/597 2926/481/583
f  2926/481/584 2942/480/598 2918/479/576
f  2919/436/577 2918/435/575 2941/482/595
f  2941/482/596 2918/435/576 2919/436/578
f  2942/480/597 2918/479/575 2920/483/579
f  2920/483/580 2918/479/576 2942/480/598
f  2902/440/566 2928/439/562 2943/484/566
f  2943/484/565 2928/439/561 2902/440/565
f  2941/485/580 2928/486/562 2919/487/562
f  2919/487/561 2928/486/561 2941/485/579
f  2919/442/421 2931/488/421 2907/395/421
f  2907/395/422 2931/488/422 2919/442/422
f  2927/445/570 2902/444/566 2943/489/566
f  2943/489/565 2902/444/565 2927/445/569
f  2929/447/422 2905/289/422 2930/449/422
f  2930/449/421 2905/289/421 2929/447/421
f  2944/490/422 2920/399/422 2929/447/422
f  2929/447/421 2920/399/421 2944/490/421
f  2930/449/422 2906/314/422 2922/417/422
f  2922/417/421 2906/314/421 2930/449/421
f  2931/451/574 2914/450/558 2935/491/574
f  2935/491/573 2914/450/557 2931/451/573
f  2931/492/585 2945/493/599 2921/494/581
f  2921/494/582 2945/493/600 2931/492/586
f  2946/495/512 2922/496/521 2932/497/521
f  2932/497/522 2922/496/522 2946/495/511
f  2934/388/422 2932/417/422 2923/382/422
f  2923/382/421 2932/417/421 2934/388/421
f  2934/388/422 2923/382/422 2924/342/422
f  2924/342/421 2923/382/421 2934/388/421
f  2933/460/526 2925/459/539 2947/498/539
f  2947/498/540 2925/459/540 2933/460/525
f  2934/463/517 2912/462/526 2933/499/526
f  2933/499/525 2912/462/525 2934/463/518
f  2945/500/599 2935/466/422 2921/426/581
f  2921/426/582 2935/466/421 2945/500/600
f  2936/468/587 2921/467/581 2945/501/599
f  2945/501/600 2921/467/582 2936/468/588
f  2936/500/422 2948/502/422 2915/426/422
f  2915/426/421 2948/502/421 2936/500/421
f  2915/426/422 2948/502/422 2937/470/422
f  2937/470/421 2948/502/421 2915/426/421
f  2949/503/558 2925/504/539 2937/505/558
f  2937/505/557 2925/504/540 2949/503/557
f  2917/471/422 2950/506/601 2938/472/589
f  2938/472/590 2950/506/602 2917/471/421
f  2916/429/422 2938/472/589 2939/473/591
f  2939/473/592 2938/472/590 2916/429/421
f  2939/507/591 2951/508/603 2926/509/583
f  2926/509/584 2951/508/604 2939/507/592
f  2926/510/583 2952/511/605 2939/512/591
f  2939/512/592 2952/511/606 2926/510/584
f  2943/513/422 2940/475/593 2927/474/422
f  2927/474/421 2940/475/594 2943/513/421
f  2917/471/422 2940/475/593 2953/514/607
f  2953/514/608 2940/475/594 2917/471/421
f  2941/477/595 2926/476/583 2951/515/603
f  2951/515/604 2926/476/584 2941/477/596
f  2952/511/605 2926/510/583 2942/516/597
f  2942/516/598 2926/510/584 2952/511/606
f  2941/517/421 2931/488/421 2919/442/421
f  2919/442/422 2931/488/422 2941/517/422
f  2944/490/422 2942/430/422 2920/399/422
f  2920/399/421 2942/430/421 2944/490/421
f  2928/518/422 2940/475/593 2943/513/422
f  2943/513/421 2940/475/594 2928/518/421
f  2928/486/562 2941/485/580 2954/519/580
f  2954/519/579 2941/485/579 2928/486/561
f  2930/520/512 2955/521/494 2929/522/494
f  2929/522/493 2955/521/493 2930/520/511
f  2929/523/494 2956/524/490 2944/525/490
f  2944/525/489 2956/524/489 2929/523/493
f  2922/496/521 2946/495/512 2930/526/512
f  2930/526/511 2946/495/511 2922/496/522
f  2935/527/574 2957/528/588 2931/529/574
f  2931/529/573 2957/528/587 2935/527/573
f  2945/493/599 2931/492/585 2957/530/609
f  2957/530/610 2931/492/586 2945/493/600
f  2934/388/422 2946/449/422 2932/417/422
f  2932/417/421 2946/449/421 2934/388/421
f  2925/504/539 2949/503/558 2947/531/539
f  2947/531/540 2949/503/557 2925/504/540
f  2947/422/422 2956/490/422 2933/387/422
f  2933/387/421 2956/490/421 2947/422/421
f  2933/387/422 2946/449/422 2934/388/422
f  2934/388/421 2946/449/421 2933/387/421
f  2945/500/599 2958/532/422 2935/466/422
f  2935/466/421 2958/532/421 2945/500/600
f  2945/533/599 2959/534/611 2936/535/587
f  2936/535/588 2959/534/612 2945/533/600
f  2936/500/422 2960/536/422 2948/502/422
f  2948/502/421 2960/536/421 2936/500/421
f  2961/537/574 2937/538/558 2948/539/574
f  2948/539/573 2937/538/557 2961/537/573
f  2937/538/558 2961/537/574 2949/540/558
f  2949/540/557 2961/537/573 2937/538/557
f  2917/471/422 2953/514/607 2950/506/601
f  2950/506/602 2953/514/608 2917/471/421
f  2938/541/589 2962/542/613 2950/543/601
f  2950/543/602 2962/542/614 2938/541/590
f  2950/544/601 2963/545/615 2938/546/589
f  2938/546/590 2963/545/616 2950/544/602
f  2938/547/589 2964/548/617 2939/549/591
f  2939/549/592 2964/548/618 2938/547/590
f  2939/550/591 2965/551/619 2938/552/589
f  2938/552/590 2965/551/620 2939/550/592
f  2951/508/603 2939/507/591 2964/553/617
f  2964/553/618 2939/507/592 2951/508/604
f  2965/551/619 2939/550/591 2952/554/605
f  2952/554/606 2939/550/592 2965/551/620
f  2953/555/607 2966/556/621 2940/557/593
f  2940/557/594 2966/556/622 2953/555/608
f  2940/558/593 2967/559/623 2953/560/607
f  2953/560/608 2967/559/624 2940/558/594
f  2968/561/598 2941/562/580 2951/563/598
f  2951/563/597 2941/562/579 2968/561/597
f  2951/564/421 2931/488/421 2941/517/421
f  2941/517/422 2931/488/422 2951/564/422
f  2944/490/422 2952/473/422 2942/430/422
f  2942/430/421 2952/473/421 2944/490/421
f  2954/565/422 2940/475/593 2928/518/422
f  2928/518/421 2940/475/594 2954/565/421
f  2941/562/580 2968/561/598 2954/566/580
f  2954/566/579 2968/561/597 2941/562/579
f  2955/521/494 2930/520/512 2946/567/512
f  2946/567/511 2930/520/511 2955/521/493
f  2956/524/490 2929/523/494 2955/568/494
f  2955/568/493 2929/523/493 2956/524/489
f  2969/569/625 2944/570/490 2956/571/490
f  2956/571/489 2944/570/489 2969/569/626
f  2957/528/588 2935/527/574 2958/572/588
f  2958/572/587 2935/527/573 2957/528/587
f  2970/573/421 2957/574/421 2931/488/421
f  2931/488/422 2957/574/422 2970/573/422
f  2957/575/609 2971/576/627 2945/577/599
f  2945/577/600 2971/576/628 2957/575/610
f  2949/470/422 2972/578/422 2947/422/422
f  2947/422/421 2972/578/421 2949/470/421
f  2947/422/422 2969/579/422 2956/490/422
f  2956/490/421 2969/579/421 2947/422/421
f  2933/387/422 2956/490/422 2955/447/422
f  2955/447/421 2956/490/421 2933/387/421
f  2933/387/422 2955/447/422 2946/449/422
f  2946/449/421 2955/447/421 2933/387/421
f  2971/580/627 2958/532/422 2945/500/599
f  2945/500/600 2958/532/421 2971/580/628
f  2959/534/611 2945/533/599 2971/581/627
f  2971/581/628 2945/533/600 2959/534/612
f  2959/580/422 2960/536/422 2936/500/422
f  2936/500/421 2960/536/421 2959/580/421
f  2973/582/588 2948/583/574 2960/584/588
f  2960/584/587 2948/583/573 2973/582/587
f  2948/583/574 2973/582/588 2961/585/574
f  2961/585/573 2973/582/587 2948/583/573
f  2961/502/422 2974/586/422 2949/470/422
f  2949/470/421 2974/586/421 2961/502/421
f  2953/587/607 2975/588/629 2950/589/601
f  2950/589/602 2975/588/630 2953/587/608
f  2950/590/601 2976/591/631 2953/592/607
f  2953/592/608 2976/591/632 2950/590/602
f  2962/542/613 2938/541/589 2965/593/619
f  2965/593/620 2938/541/590 2962/542/614
f  2976/591/631 2950/590/601 2962/594/613
f  2962/594/614 2950/590/602 2976/591/632
f  2963/545/615 2950/544/601 2975/595/629
f  2975/595/630 2950/544/602 2963/545/616
f  2964/548/617 2938/547/589 2963/596/615
f  2963/596/616 2938/547/590 2964/548/618
f  2977/597/606 2951/598/598 2964/599/606
f  2964/599/605 2951/598/597 2977/597/605
f  2964/600/421 2931/488/421 2951/564/421
f  2951/564/422 2931/488/422 2964/600/422
f  2978/579/422 2965/472/422 2952/473/422
f  2952/473/421 2965/472/421 2978/579/421
f  2966/556/621 2953/555/607 2976/601/631
f  2976/601/632 2953/555/608 2966/556/622
f  2967/559/623 2940/558/593 2970/602/633
f  2970/602/634 2940/558/594 2967/559/624
f  2975/588/629 2953/587/607 2967/603/623
f  2967/603/624 2953/587/608 2975/588/630
f  2951/598/598 2977/597/606 2968/604/598
f  2968/604/597 2977/597/605 2951/598/597
f  2978/579/422 2952/473/422 2944/490/422
f  2944/490/421 2952/473/421 2978/579/421
f  2968/605/422 2940/475/593 2954/565/422
f  2954/565/421 2940/475/594 2968/605/421
f  2944/570/490 2969/569/625 2978/606/625
f  2978/606/626 2969/569/626 2944/570/489
f  2958/607/588 2979/608/612 2957/609/588
f  2957/609/587 2979/608/611 2958/607/587
f  2970/573/421 2979/610/421 2957/574/421
f  2957/574/422 2979/610/422 2970/573/422
f  2970/573/421 2931/488/421 2967/611/421
f  2967/611/422 2931/488/422 2970/573/422
f  2971/576/627 2957/575/609 2979/612/635
f  2979/612/636 2957/575/610 2971/576/628
f  2949/470/422 2980/613/422 2972/578/422
f  2972/578/421 2980/613/421 2949/470/421
f  2947/422/422 2972/578/422 2969/579/422
f  2969/579/421 2972/578/421 2947/422/421
f  2971/580/627 2981/614/422 2958/532/422
f  2958/532/421 2981/614/421 2971/580/628
f  2971/615/627 2982/616/637 2959/617/611
f  2959/617/612 2982/616/638 2971/615/628
f  2959/580/422 2983/618/422 2960/536/422
f  2960/536/421 2983/618/421 2959/580/421
f  2960/619/588 2984/620/612 2973/621/588
f  2973/621/587 2984/620/611 2960/619/587
f  2973/536/422 2985/622/422 2961/502/422
f  2961/502/421 2985/622/421 2973/536/421
f  2961/502/422 2986/623/422 2974/586/422
f  2974/586/421 2986/623/421 2961/502/421
f  2949/470/422 2974/586/422 2987/624/422
f  2987/624/421 2974/586/421 2949/470/421
f  2978/579/422 2962/506/422 2965/472/422
f  2965/472/421 2962/506/421 2978/579/421
f  2978/579/422 2976/514/422 2962/506/422
f  2962/506/421 2976/514/421 2978/579/421
f  2975/625/614 2988/626/620 2963/627/620
f  2963/627/619 2988/626/619 2975/625/613
f  2975/628/421 2931/488/421 2963/629/421
f  2963/629/422 2931/488/422 2975/628/422
f  2988/630/620 2964/631/606 2963/632/620
f  2963/632/619 2964/631/605 2988/630/619
f  2963/629/421 2931/488/421 2964/600/421
f  2964/600/422 2931/488/422 2963/629/422
f  2964/631/606 2988/630/620 2977/633/606
f  2977/633/605 2988/630/619 2964/631/605
f  2978/579/422 2966/475/422 2976/514/422
f  2976/514/421 2966/475/421 2978/579/421
f  2970/634/639 2940/635/639 2989/636/639
f  2989/636/640 2940/635/640 2970/634/640
f  2989/637/622 2967/638/632 2970/639/622
f  2970/639/621 2967/638/631 2989/637/621
f  2967/611/421 2931/488/421 2975/628/421
f  2975/628/422 2931/488/422 2967/611/422
f  2990/640/632 2975/641/614 2967/642/632
f  2967/642/631 2975/641/613 2990/640/631
f  2977/643/422 2940/475/593 2968/605/422
f  2968/605/421 2940/475/594 2977/643/421
f  2972/644/532 2978/645/641 2969/646/641
f  2969/646/642 2978/645/642 2972/644/531
f  2979/608/612 2958/607/588 2981/647/612
f  2981/647/611 2958/607/587 2979/608/611
f  2970/573/421 2991/648/421 2979/610/421
f  2979/610/422 2991/648/422 2970/573/422
f  2979/649/635 2992/650/643 2971/651/627
f  2971/651/628 2992/650/644 2979/649/636
f  2949/470/422 2987/624/422 2980/613/422
f  2980/613/421 2987/624/421 2949/470/421
f  2980/652/556 2993/653/532 2972/654/532
f  2972/654/531 2993/653/531 2980/652/555
f  2992/655/643 2981/614/422 2971/580/627
f  2971/580/628 2981/614/421 2992/655/644
f  2982/616/637 2971/615/627 2992/656/643
f  2992/656/644 2971/615/628 2982/616/638
f  2982/655/422 2983/618/422 2959/580/422
f  2959/580/421 2983/618/421 2982/655/421
f  2984/620/612 2960/619/588 2983/657/612
f  2983/657/611 2960/619/587 2984/620/611
f  2984/618/422 2994/658/422 2973/536/422
f  2973/536/421 2994/658/421 2984/618/421
f  2973/536/422 2995/659/422 2985/622/422
f  2985/622/421 2995/659/421 2973/536/421
f  2961/502/422 2985/622/422 2996/660/422
f  2996/660/421 2985/622/421 2961/502/421
f  2961/502/422 2997/661/422 2986/623/422
f  2986/623/421 2997/661/421 2961/502/421
f  2986/662/562 2998/663/566 2974/664/566
f  2974/664/565 2998/663/565 2986/662/561
f  2974/665/566 2999/666/570 2987/667/570
f  2987/667/569 2999/666/569 2974/665/565
f  2988/626/620 2975/625/614 3000/668/614
f  3000/668/613 2975/625/613 2988/626/619
f  2988/669/422 2940/475/593 2977/643/422
f  2977/643/421 2940/475/594 2988/669/421
f  2993/578/422 2966/475/422 2978/579/422
f  2978/579/421 2966/475/421 2993/578/421
f  2940/475/593 2990/670/422 2989/671/422
f  2989/671/421 2990/670/421 2940/475/594
f  2967/638/632 2989/637/622 2990/672/632
f  2990/672/631 2989/637/621 2967/638/631
f  2975/641/614 2990/640/632 3000/673/614
f  3000/673/613 2990/640/631 2975/641/613
f  2978/645/641 2972/644/532 2993/674/532
f  2993/674/531 2972/644/531 2978/645/642
f  2981/675/612 2991/676/645 2979/677/612
f  2979/677/611 2991/676/646 2981/675/611
f  2970/573/421 3001/678/421 2991/648/421
f  2991/648/422 3001/678/422 2970/573/422
f  2992/650/643 2979/649/635 2991/679/647
f  2991/679/648 2979/649/636 2992/650/644
f  2987/680/570 3002/681/556 2980/682/556
f  2980/682/555 3002/681/555 2987/680/569
f  2993/653/532 2980/652/556 3002/683/556
f  3002/683/555 2980/652/555 2993/653/531
f  2992/655/643 3003/684/422 2981/614/422
f  2981/614/421 3003/684/421 2992/655/644
f  2992/685/643 3004/686/649 2982/687/637
f  2982/687/638 3004/686/650 2992/685/644
f  2982/655/422 3005/688/422 2983/618/422
f  2983/618/421 3005/688/421 2982/655/421
f  2983/689/612 3006/690/638 2984/691/612
f  2984/691/611 3006/690/637 2983/689/611
f  3006/688/422 2994/658/422 2984/618/422
f  2984/618/421 2994/658/421 3006/688/421
f  2973/536/422 2994/658/422 2995/659/422
f  2995/659/421 2994/658/421 2973/536/421
f  2995/692/651 3007/693/620 2985/694/620
f  2985/694/619 3007/693/619 2995/692/652
f  2985/695/620 3008/696/606 2996/697/606
f  2996/697/605 3008/696/605 2985/695/619
f  2961/502/422 2996/660/422 3009/698/422
f  3009/698/421 2996/660/421 2961/502/421
f  2961/502/422 3009/698/422 2997/661/422
f  2997/661/421 3009/698/421 2961/502/421
f  2997/699/580 3010/700/562 2986/701/562
f  2986/701/561 3010/700/561 2997/699/579
f  2998/663/566 2986/662/562 3010/702/562
f  3010/702/561 2986/662/561 2998/663/565
f  2999/666/570 2974/665/566 2998/703/566
f  2998/703/565 2974/665/565 2999/666/569
f  3002/681/556 2987/680/570 2999/704/570
f  2999/704/569 2987/680/569 3002/681/555
f  3000/705/422 2940/475/593 2988/669/422
f  2988/669/421 2940/475/594 3000/705/421
f  3002/613/422 2966/475/422 2993/578/422
f  2993/578/421 2966/475/421 3002/613/421
f  2990/670/422 2940/475/593 3000/705/422
f  3000/705/421 2940/475/594 2990/670/421
f  2991/676/645 2981/675/612 3003/706/645
f  3003/706/646 2981/675/611 2991/676/646
f  2970/573/421 3011/707/421 3001/678/421
f  3001/678/422 3011/707/422 2970/573/422
f  3001/708/653 2992/709/643 2991/710/647
f  2991/710/648 2992/709/644 3001/708/654
f  3003/711/645 3001/712/655 2991/713/645
f  2991/713/646 3001/712/656 3003/711/646
f  3012/714/657 3003/684/422 2992/655/643
f  2992/655/644 3003/684/421 3012/714/658
f  3004/686/649 2992/685/643 3012/715/657
f  3012/715/658 2992/685/644 3004/686/650
f  3004/714/422 3005/688/422 2982/655/422
f  2982/655/421 3005/688/421 3004/714/421
f  3006/690/638 2983/689/612 3005/716/638
f  3005/716/637 2983/689/611 3006/690/637
f  3013/717/422 2994/658/422 3006/688/422
f  3006/688/421 2994/658/421 3013/717/421
f  2994/718/659 3014/719/651 2995/720/651
f  2995/720/652 3014/719/652 2994/718/660
f  3007/693/620 2995/692/651 3014/721/651
f  3014/721/652 2995/692/652 3007/693/619
f  3008/696/606 2985/695/620 3007/722/620
f  3007/722/619 2985/695/619 3008/696/605
f  3015/723/598 2996/724/606 3008/725/606
f  3008/725/605 2996/724/605 3015/723/597
f  2996/724/606 3015/723/598 3009/726/598
f  3009/726/597 3015/723/597 2996/724/605
f  3009/727/598 3016/728/580 2997/729/580
f  2997/729/579 3016/728/579 3009/727/597
f  3010/700/562 2997/699/580 3016/730/580
f  3016/730/579 2997/699/579 3010/700/561
f  3010/623/422 2966/475/422 2998/586/422
f  2998/586/421 2966/475/421 3010/623/421
f  2998/586/422 2966/475/422 2999/624/422
f  2999/624/421 2966/475/421 2998/586/421
f  2999/624/422 2966/475/422 3002/613/422
f  3002/613/421 2966/475/421 2999/624/421
f  2970/573/421 3017/731/421 3011/707/421
f  3011/707/422 3017/731/422 2970/573/422
f  3018/732/661 3001/733/662 3011/734/662
f  3011/734/663 3001/733/663 3018/732/664
f  3011/735/665 3012/736/657 3001/737/653
f  3001/737/654 3012/736/658 3011/735/666
f  2992/709/643 3001/708/653 3012/738/657
f  3012/738/658 3001/708/654 2992/709/644
f  3001/712/655 3003/711/645 3019/739/655
f  3019/739/656 3003/711/646 3001/712/656
f  3003/684/422 3012/714/657 3019/740/667
f  3019/740/668 3012/714/658 3003/684/421
f  3012/741/657 3020/742/669 3004/743/649
f  3004/743/650 3020/742/670 3012/741/658
f  3004/714/422 3021/717/422 3005/688/422
f  3005/688/421 3021/717/421 3004/714/421
f  3005/744/638 3013/745/671 3006/746/638
f  3006/746/637 3013/745/672 3005/744/637
f  3022/747/422 2994/658/422 3013/717/422
f  3013/717/421 2994/658/421 3022/747/421
f  3014/719/651 2994/718/659 3023/748/659
f  3023/748/660 2994/718/660 3014/719/652
f  3014/659/422 2966/475/422 3007/622/422
f  3007/622/421 2966/475/421 3014/659/421
f  3007/622/422 2966/475/422 3008/660/422
f  3008/660/421 2966/475/421 3007/622/421
f  3008/660/422 2966/475/422 3015/698/422
f  3015/698/421 2966/475/421 3008/660/421
f  3016/728/580 3009/727/598 3015/749/598
f  3015/749/597 3009/727/597 3016/728/579
f  3016/661/422 2966/475/422 3010/623/422
f  3010/623/421 2966/475/421 3016/661/421
f  2970/573/421 3024/750/421 3017/731/421
f  3017/731/422 3024/750/422 2970/573/422
f  3018/732/661 3011/734/662 3017/751/662
f  3017/751/663 3011/734/663 3018/732/664
f  3017/752/665 3012/736/657 3011/735/665
f  3011/735/666 3012/736/658 3017/752/666
f  3025/753/661 3001/733/662 3018/732/661
f  3018/732/664 3001/733/663 3025/753/664
f  3019/754/667 3012/755/657 3001/756/653
f  3001/756/654 3012/755/658 3019/754/668
f  3001/733/662 3026/757/662 3019/758/662
f  3019/758/663 3026/757/663 3001/733/663
f  3020/742/669 3012/741/657 3027/759/673
f  3027/759/674 3012/741/658 3020/742/670
f  3020/760/422 3021/717/422 3004/714/422
f  3004/714/421 3021/717/421 3020/760/421
f  3013/745/671 3005/744/638 3021/761/671
f  3021/761/672 3005/744/637 3013/745/672
f  3022/747/422 3028/762/422 2994/658/422
f  2994/658/421 3028/762/421 3022/747/421
f  3021/763/670 3022/764/670 3013/765/670
f  3013/765/669 3022/764/669 3021/763/669
f  2994/766/669 3029/742/669 3023/767/669
f  3023/767/670 3029/742/670 2994/766/670
f  3023/658/422 2966/475/422 3014/659/422
f  3014/659/421 2966/475/421 3023/658/421
f  3015/698/422 2966/475/422 3016/661/422
f  3016/661/421 2966/475/421 3015/698/421
f  2970/573/421 3018/768/421 3024/750/421
f  3024/750/422 3018/768/422 2970/573/422
f  3018/732/661 3017/751/662 3024/769/662
f  3024/769/663 3017/751/663 3018/732/664
f  3024/770/665 3012/736/657 3017/752/665
f  3017/752/666 3012/736/658 3024/770/666
f  3030/771/662 3001/733/662 3025/753/661
f  3025/753/664 3001/733/663 3030/771/663
f  3018/772/661 3031/773/675 3025/774/661
f  3025/774/664 3031/773/676 3018/772/664
f  3026/757/662 3001/733/662 3030/771/662
f  3030/771/663 3001/733/663 3026/757/663
f  3024/770/665 3027/775/673 3012/736/657
f  3012/736/658 3027/775/674 3024/770/666
f  3027/759/673 3032/776/677 3020/742/669
f  3020/742/670 3032/776/678 3027/759/674
f  3020/760/422 3033/747/422 3021/717/422
f  3021/717/421 3033/747/421 3020/760/421
f  3034/777/422 3028/762/422 3022/747/422
f  3022/747/421 3028/762/421 3034/777/421
f  3029/742/669 2994/766/669 3028/778/669
f  3028/778/670 2994/766/670 3029/742/670
f  3022/764/670 3021/763/670 3033/760/670
f  3033/760/669 3021/763/669 3022/764/669
f  3029/762/422 2966/475/422 3023/658/422
f  3023/658/421 2966/475/421 3029/762/421
f  2970/573/421 3035/779/421 3018/768/421
f  3018/768/422 3035/779/422 2970/573/422
f  3018/780/679 3027/775/673 3024/770/665
f  3024/770/666 3027/775/674 3018/780/680
f  3031/773/675 3018/772/661 3035/781/675
f  3035/781/676 3018/772/664 3031/773/676
f  3032/776/677 3027/759/673 3036/782/681
f  3036/782/682 3027/759/674 3032/776/678
f  3032/783/422 3037/777/422 3020/760/422
f  3020/760/421 3037/777/421 3032/783/421
f  3020/760/422 3037/777/422 3033/747/422
f  3033/747/421 3037/777/421 3020/760/421
f  3038/784/422 3028/762/422 3034/777/422
f  3034/777/421 3028/762/421 3038/784/421
f  3033/760/670 3034/785/670 3022/764/670
f  3022/764/669 3034/785/669 3033/760/669
f  3028/778/669 3039/786/669 3029/742/669
f  3029/742/670 3039/786/670 3028/778/670
f  3029/762/422 3040/787/422 2966/475/422
f  2966/475/421 3040/787/421 3029/762/421
f  2970/573/421 3041/788/421 3035/779/421
f  3035/779/422 3041/788/422 2970/573/422
f  3035/789/683 3036/790/681 3018/791/679
f  3018/791/680 3036/790/682 3035/789/684
f  3027/775/673 3018/780/679 3036/792/681
f  3036/792/682 3018/780/680 3027/775/674
f  3035/793/675 3042/794/685 3031/795/675
f  3031/795/676 3042/794/686 3035/793/676
f  3036/796/681 3043/797/687 3032/798/677
f  3032/798/678 3043/797/688 3036/796/682
f  3032/783/422 3044/784/422 3037/777/422
f  3037/777/421 3044/784/421 3032/783/421
f  3034/785/670 3033/760/670 3037/799/670
f  3037/799/669 3033/760/669 3034/785/669
f  3045/800/422 3028/762/422 3038/784/422
f  3038/784/421 3028/762/421 3045/800/421
f  3037/801/689 3038/802/688 3034/803/689
f  3034/803/690 3038/802/687 3037/801/690
f  3039/786/669 3028/778/669 3046/804/669
f  3046/804/670 3028/778/670 3039/786/670
f  3039/805/422 3040/787/422 3029/762/422
f  3029/762/421 3040/787/421 3039/805/421
f  2970/573/421 3047/806/421 3041/788/421
f  3041/788/422 3047/806/422 2970/573/422
f  3041/807/691 3048/808/692 3035/809/683
f  3035/809/684 3048/808/693 3041/807/694
f  3042/794/685 3035/793/675 3041/810/685
f  3041/810/686 3035/793/676 3042/794/686
f  3036/790/681 3035/789/683 3048/811/692
f  3048/811/693 3035/789/684 3036/790/682
f  3043/797/687 3036/796/681 3048/812/692
f  3048/812/693 3036/796/682 3043/797/688
f  3043/813/422 3044/784/422 3032/783/422
f  3032/783/421 3044/784/421 3043/813/421
f  3038/802/688 3037/801/689 3044/814/688
f  3044/814/687 3037/801/690 3038/802/687
f  3045/800/422 3046/805/422 3028/762/422
f  3028/762/421 3046/805/421 3045/800/421
f  3044/815/688 3045/816/695 3038/817/688
f  3038/817/687 3045/816/696 3044/815/687
f  3049/818/697 3039/819/698 3046/820/698
f  3046/820/699 3039/819/699 3049/818/700
f  3039/805/422 3050/821/422 3040/787/422
f  3040/787/421 3050/821/421 3039/805/421
f  3051/822/421 3047/806/421 2970/573/421
f  2970/573/422 3047/806/422 3051/822/422
f  3052/823/701 3041/824/685 3047/825/701
f  3047/825/702 3041/824/686 3052/823/702
f  3047/826/703 3053/827/704 3041/828/691
f  3041/828/694 3053/827/705 3047/826/706
f  3048/808/692 3041/807/691 3053/829/704
f  3053/829/705 3041/807/694 3048/808/693
f  3041/824/685 3052/823/701 3042/830/685
f  3042/830/686 3052/823/702 3041/824/686
f  3048/831/692 3054/832/696 3043/833/687
f  3043/833/688 3054/832/695 3048/831/693
f  3043/813/422 3055/800/422 3044/784/422
f  3044/784/421 3055/800/421 3043/813/421
f  3045/800/422 3049/834/422 3046/805/422
f  3046/805/421 3049/834/421 3045/800/421
f  3045/816/695 3044/815/688 3055/835/695
f  3055/835/696 3044/815/687 3045/816/696
f  3039/819/698 3049/818/697 3056/836/697
f  3056/836/700 3049/818/700 3039/819/699
f  3057/837/422 3050/821/422 3039/805/422
f  3039/805/421 3050/821/421 3057/837/421
f  3058/838/421 3047/806/421 3051/822/421
f  3051/822/422 3047/806/422 3058/838/422
f  3047/839/701 3059/840/707 3052/841/701
f  3052/841/702 3059/840/708 3047/839/702
f  3053/827/704 3047/826/703 3060/842/709
f  3060/842/710 3047/826/706 3053/827/705
f  3054/832/696 3048/831/692 3053/843/704
f  3053/843/705 3048/831/693 3054/832/695
f  3054/844/422 3055/800/422 3043/813/422
f  3043/813/421 3055/800/421 3054/844/421
f  3061/845/422 3049/834/422 3045/800/422
f  3045/800/421 3049/834/421 3061/845/421
f  3055/846/695 3061/847/711 3045/848/695
f  3045/848/696 3061/847/712 3055/846/696
f  3062/849/713 3056/850/697 3049/851/697
f  3049/851/700 3056/850/700 3062/849/714
f  3063/852/422 3039/805/422 3056/834/422
f  3056/834/421 3039/805/421 3063/852/421
f  3057/837/422 3064/853/422 3050/821/422
f  3050/821/421 3064/853/421 3057/837/421
f  3057/837/422 3039/805/422 3065/854/422
f  3065/854/421 3039/805/421 3057/837/421
f  3066/855/421 3047/806/421 3058/838/421
f  3058/838/422 3047/806/422 3066/855/422
f  3051/856/715 3067/857/716 3058/858/716
f  3058/858/717 3067/857/717 3051/856/718
f  3068/859/719 3058/860/720 3051/861/721
f  3051/861/722 3058/860/723 3068/859/724
f  3059/840/707 3047/839/701 3069/862/707
f  3069/862/708 3047/839/702 3059/840/708
f  3069/863/725 3060/864/709 3047/865/703
f  3047/865/706 3060/864/710 3069/863/726
f  3070/866/712 3053/867/704 3060/868/709
f  3060/868/710 3053/867/705 3070/866/711
f  3053/867/704 3070/866/712 3054/869/696
f  3054/869/695 3070/866/711 3053/867/705
f  3054/844/422 3071/845/422 3055/800/422
f  3055/800/421 3071/845/421 3054/844/421
f  3061/845/422 3062/852/422 3049/834/422
f  3049/834/421 3062/852/421 3061/845/421
f  3061/847/711 3055/846/695 3071/870/711
f  3071/870/712 3055/846/696 3061/847/712
f  3056/850/697 3062/849/713 3063/871/713
f  3063/871/714 3062/849/714 3056/850/700
f  3072/872/422 3039/805/422 3063/852/422
f  3063/852/421 3039/805/421 3072/872/421
f  3057/837/422 3073/873/422 3064/853/422
f  3064/853/421 3073/873/421 3057/837/421
f  3064/874/727 3068/875/719 3050/876/728
f  3050/876/729 3068/875/724 3064/874/730
f  3065/854/422 3039/805/422 3074/877/422
f  3074/877/421 3039/805/421 3065/854/421
f  3065/878/731 3075/879/732 3057/880/732
f  3057/880/733 3075/879/733 3065/878/734
f  3076/881/421 3047/806/421 3066/855/421
f  3066/855/422 3047/806/422 3076/881/422
f  3058/882/716 3077/883/735 3066/884/735
f  3066/884/736 3077/883/736 3058/882/717
f  3078/885/737 3066/886/738 3058/887/720
f  3058/887/723 3066/886/739 3078/885/740
f  3067/857/716 3051/856/715 3079/888/715
f  3079/888/718 3051/856/718 3067/857/717
f  3077/883/735 3058/882/716 3067/889/716
f  3067/889/717 3058/882/717 3077/883/736
f  3058/860/720 3068/859/719 3078/890/737
f  3078/890/740 3068/859/724 3058/860/723
f  3080/891/421 3069/892/421 3047/806/421
f  3047/806/422 3069/892/422 3080/891/422
f  3069/893/707 3081/894/741 3059/895/707
f  3059/895/708 3081/894/742 3069/893/708
f  3060/864/709 3069/863/725 3082/896/743
f  3082/896/744 3069/863/726 3060/864/710
f  3060/897/709 3083/898/745 3070/899/712
f  3070/899/711 3083/898/746 3060/897/710
f  3070/900/422 3071/845/422 3054/844/422
f  3054/844/421 3071/845/421 3070/900/421
f  3061/845/422 3084/872/422 3062/852/422
f  3062/852/421 3084/872/421 3061/845/421
f  3071/901/711 3085/902/746 3061/903/711
f  3061/903/712 3085/902/745 3071/901/712
f  3084/904/747 3063/905/713 3062/906/713
f  3062/906/714 3063/905/714 3084/904/748
f  3086/907/422 3039/805/422 3072/872/422
f  3072/872/421 3039/805/421 3086/907/421
f  3063/905/713 3084/904/747 3072/908/747
f  3072/908/748 3084/904/748 3063/905/714
f  3057/837/422 3087/909/422 3073/873/422
f  3073/873/421 3087/909/421 3057/837/421
f  3073/910/749 3078/911/737 3064/912/727
f  3064/912/730 3078/911/740 3073/910/750
f  3068/875/719 3064/874/727 3078/913/737
f  3078/913/740 3064/874/730 3068/875/724
f  3074/877/422 3039/805/422 3088/914/422
f  3088/914/421 3039/805/421 3074/877/421
f  3074/915/751 3089/916/731 3065/917/731
f  3065/917/734 3089/916/734 3074/915/752
f  3075/879/732 3065/878/731 3089/918/731
f  3089/918/734 3065/878/734 3075/879/733
f  3090/919/753 3057/920/732 3075/921/732
f  3075/921/733 3057/920/733 3090/919/754
f  3091/922/421 3047/806/421 3076/881/421
f  3076/881/422 3047/806/422 3091/922/422
f  3066/923/735 3092/924/755 3076/925/755
f  3076/925/756 3092/924/756 3066/923/736
f  3093/926/757 3076/927/758 3066/928/738
f  3066/928/739 3076/927/759 3093/926/760
f  3092/924/755 3066/923/735 3077/929/735
f  3077/929/736 3066/923/736 3092/924/756
f  3066/886/738 3078/885/737 3093/930/757
f  3093/930/760 3078/885/740 3066/886/739
f  3094/931/421 3069/892/421 3080/891/421
f  3080/891/422 3069/892/422 3094/931/422
f  3080/891/421 3047/806/421 3095/932/421
f  3095/932/422 3047/806/422 3080/891/422
f  3081/894/741 3069/893/707 3096/933/741
f  3096/933/742 3069/893/708 3081/894/742
f  3096/934/761 3082/935/743 3069/936/725
f  3069/936/726 3082/935/744 3096/934/762
f  3083/898/745 3060/897/709 3082/937/743
f  3082/937/744 3060/897/710 3083/898/746
f  3083/938/422 3097/939/422 3070/900/422
f  3070/900/421 3097/939/421 3083/938/421
f  3070/900/422 3098/940/422 3071/845/422
f  3071/845/421 3098/940/421 3070/900/421
f  3061/845/422 3099/907/422 3084/872/422
f  3084/872/421 3099/907/421 3061/845/421
f  3085/902/746 3071/901/711 3098/941/746
f  3098/941/745 3071/901/712 3085/902/745
f  3085/940/422 3100/942/422 3061/845/422
f  3061/845/421 3100/942/421 3085/940/421
f  3101/943/422 3039/805/422 3086/907/422
f  3086/907/421 3039/805/421 3101/943/421
f  3072/944/747 3099/945/763 3086/946/763
f  3086/946/764 3099/945/764 3072/944/748
f  3099/945/763 3072/944/747 3084/947/747
f  3084/947/748 3072/944/748 3099/945/764
f  3102/948/422 3087/909/422 3057/837/422
f  3057/837/421 3087/909/421 3102/948/421
f  3087/949/714 3093/950/757 3073/951/749
f  3073/951/750 3093/950/760 3087/949/713
f  3078/911/737 3073/910/749 3093/952/757
f  3093/952/760 3073/910/750 3078/911/740
f  3088/914/422 3039/805/422 3103/942/422
f  3103/942/421 3039/805/421 3088/914/421
f  3088/953/765 3104/954/751 3074/955/751
f  3074/955/752 3104/954/752 3088/953/766
f  3089/916/731 3074/915/751 3104/956/751
f  3104/956/752 3074/915/752 3089/916/734
f  3105/939/422 3075/837/422 3089/854/422
f  3089/854/421 3075/837/421 3105/939/421
f  3057/920/732 3090/919/753 3102/957/753
f  3102/957/754 3090/919/754 3057/920/733
f  3105/939/422 3090/948/422 3075/837/422
f  3075/837/421 3090/948/421 3105/939/421
f  3095/932/421 3047/806/421 3091/922/421
f  3091/922/422 3047/806/422 3095/932/422
f  3076/958/755 3106/959/767 3091/960/767
f  3091/960/768 3106/959/768 3076/958/756
f  3107/961/769 3091/962/770 3076/963/758
f  3076/963/759 3091/962/771 3107/961/772
f  3106/959/767 3076/958/755 3092/964/755
f  3092/964/756 3076/958/756 3106/959/768
f  3076/927/758 3093/926/757 3107/965/769
f  3107/965/772 3093/926/760 3076/927/759
f  3108/966/421 3069/892/421 3094/931/421
f  3094/931/422 3069/892/422 3108/966/422
f  3080/967/773 3109/968/774 3094/969/774
f  3094/969/775 3109/968/775 3080/967/776
f  3110/970/777 3094/971/778 3080/972/779
f  3080/972/780 3094/971/781 3110/970/782
f  3095/973/783 3111/974/773 3080/975/773
f  3080/975/776 3111/974/776 3095/973/784
f  3112/976/785 3080/977/779 3095/978/786
f  3095/978/787 3080/977/780 3112/976/788
f  3113/979/421 3096/980/421 3069/892/421
f  3069/892/422 3096/980/422 3113/979/422
f  3096/981/741 3114/982/789 3081/983/741
f  3081/983/742 3114/982/790 3096/981/742
f  3082/935/743 3096/934/761 3115/984/791
f  3115/984/792 3096/934/762 3082/935/744
f  3082/985/743 3116/986/793 3083/987/745
f  3083/987/746 3116/986/794 3082/985/744
f  3083/938/422 3117/988/422 3097/939/422
f  3097/939/421 3117/988/421 3083/938/421
f  3070/900/422 3097/939/422 3098/940/422
f  3098/940/421 3097/939/421 3070/900/421
f  3061/845/422 3118/943/422 3099/907/422
f  3099/907/421 3118/943/421 3061/845/421
f  3098/989/746 3105/990/794 3085/991/746
f  3085/991/745 3105/990/793 3098/989/745
f  3085/940/422 3119/914/422 3100/942/422
f  3100/942/421 3119/914/421 3085/940/421
f  3061/845/422 3100/942/422 3118/943/422
f  3118/943/421 3100/942/421 3061/845/421
f  3103/942/422 3039/805/422 3101/943/422
f  3101/943/421 3039/805/421 3103/942/421
f  3086/992/763 3118/993/795 3101/994/795
f  3101/994/796 3118/993/796 3086/992/764
f  3118/993/795 3086/992/763 3099/995/763
f  3099/995/764 3086/992/764 3118/993/796
f  3102/948/422 3120/996/422 3087/909/422
f  3087/909/421 3120/996/421 3102/948/421
f  3093/950/757 3087/949/714 3107/997/769
f  3107/997/772 3087/949/713 3093/950/760
f  3103/998/797 3119/999/765 3088/1000/765
f  3088/1000/766 3119/999/766 3103/998/798
f  3104/954/751 3088/953/765 3119/1001/765
f  3119/1001/766 3088/953/766 3104/954/752
f  3085/940/422 3089/854/422 3104/877/422
f  3104/877/421 3089/854/421 3085/940/421
f  3105/939/422 3089/854/422 3085/940/422
f  3085/940/421 3089/854/421 3105/939/421
f  3121/1002/799 3102/1003/800 3090/1004/800
f  3090/1004/801 3102/1003/801 3121/1002/802
f  3122/988/422 3090/948/422 3105/939/422
f  3105/939/421 3090/948/421 3122/988/421
f  3091/1005/767 3123/1006/783 3095/1007/783
f  3095/1007/784 3123/1006/784 3091/1005/768
f  3124/1008/803 3095/1009/786 3091/1010/770
f  3091/1010/771 3095/1009/787 3124/1008/804
f  3123/1006/783 3091/1005/767 3106/1011/767
f  3106/1011/768 3091/1005/768 3123/1006/784
f  3091/962/770 3107/961/769 3124/1012/803
f  3124/1012/804 3107/961/772 3091/962/771
f  3113/979/421 3069/892/421 3108/966/421
f  3108/966/422 3069/892/422 3113/979/422
f  3094/1013/774 3125/1014/805 3108/1015/805
f  3108/1015/806 3125/1014/806 3094/1013/775
f  3126/1016/807 3108/1017/808 3094/1018/778
f  3094/1018/781 3108/1017/809 3126/1016/810
f  3109/968/774 3080/967/773 3111/1019/773
f  3111/1019/776 3080/967/776 3109/968/775
f  3125/1014/805 3094/1013/774 3109/1020/774
f  3109/1020/775 3094/1013/775 3125/1014/806
f  3094/971/778 3110/970/777 3126/1021/807
f  3126/1021/810 3110/970/782 3094/971/781
f  3080/977/779 3112/976/785 3110/1022/777
f  3110/1022/782 3112/976/788 3080/977/780
f  3111/974/773 3095/973/783 3123/1023/783
f  3123/1023/784 3095/973/784 3111/974/776
f  3095/1009/786 3124/1008/803 3112/1024/785
f  3112/1024/788 3124/1008/804 3095/1009/787
f  3127/1025/421 3096/980/421 3113/979/421
f  3113/979/422 3096/980/422 3127/1025/422
f  3114/982/789 3096/981/741 3128/1026/789
f  3128/1026/790 3096/981/742 3114/982/790
f  3128/1027/811 3115/1028/791 3096/1029/761
f  3096/1029/762 3115/1028/792 3128/1027/812
f  3116/986/793 3082/985/743 3115/1030/791
f  3115/1030/792 3082/985/744 3116/986/794
f  3116/1031/422 3117/988/422 3083/938/422
f  3083/938/421 3117/988/421 3116/1031/421
f  3122/1032/813 3097/1033/794 3117/1034/813
f  3117/1034/814 3097/1033/793 3122/1032/814
f  3105/990/794 3098/989/746 3097/1035/794
f  3097/1035/793 3098/989/745 3105/990/793
f  3085/940/422 3104/877/422 3119/914/422
f  3119/914/421 3104/877/421 3085/940/421
f  3119/999/765 3103/998/797 3100/1036/797
f  3100/1036/798 3103/998/798 3119/999/766
f  3100/1037/797 3101/1038/795 3118/1039/795
f  3118/1039/796 3101/1038/796 3100/1037/798
f  3101/1038/795 3100/1037/797 3103/1040/797
f  3103/1040/798 3100/1037/798 3101/1038/796
f  3102/948/422 3129/1041/422 3120/996/422
f  3120/996/421 3129/1041/421 3102/948/421
f  3120/1042/748 3107/1043/769 3087/1044/714
f  3087/1044/713 3107/1043/772 3120/1042/747
f  3102/1003/800 3121/1002/799 3130/1045/799
f  3130/1045/802 3121/1002/802 3102/1003/801
f  3122/988/422 3121/1046/422 3090/948/422
f  3090/948/421 3121/1046/421 3122/988/421
f  3097/1033/794 3122/1032/813 3105/1047/794
f  3105/1047/793 3122/1032/814 3097/1033/793
f  3107/1043/769 3120/1042/748 3124/1048/803
f  3124/1048/804 3120/1042/747 3107/1043/772
f  3108/1049/805 3131/1050/815 3113/1051/815
f  3113/1051/816 3131/1050/816 3108/1049/806
f  3132/1052/817 3113/1053/818 3108/1054/808
f  3108/1054/809 3113/1053/819 3132/1052/820
f  3131/1050/815 3108/1049/805 3125/1055/805
f  3125/1055/806 3108/1049/806 3131/1050/816
f  3108/1017/808 3126/1016/807 3132/1056/817
f  3132/1056/820 3126/1016/810 3108/1017/809
f  3110/1057/777 3133/1058/798 3126/1059/807
f  3126/1059/810 3133/1058/797 3110/1057/782
f  3112/1060/785 3134/1061/796 3110/1062/777
f  3110/1062/782 3134/1061/795 3112/1060/788
f  3124/1063/803 3129/1064/764 3112/1065/785
f  3112/1065/788 3129/1064/763 3124/1063/804
f  3135/1066/421 3096/980/421 3127/1025/421
f  3127/1025/422 3096/980/422 3135/1066/422
f  3113/1067/815 3136/1068/821 3127/1069/821
f  3127/1069/822 3136/1068/822 3113/1067/816
f  3137/1070/823 3127/1071/824 3113/1072/818
f  3113/1072/819 3127/1071/825 3137/1070/826
f  3138/1073/421 3128/1074/421 3096/980/421
f  3096/980/422 3128/1074/422 3138/1073/422
f  3128/1075/789 3139/1076/827 3114/1077/789
f  3114/1077/790 3139/1076/828 3128/1075/790
f  3115/1028/791 3128/1027/811 3140/1078/829
f  3140/1078/830 3128/1027/812 3115/1028/792
f  3115/1079/791 3141/1080/814 3116/1081/793
f  3116/1081/794 3141/1080/813 3115/1079/792
f  3116/1031/422 3142/1082/422 3117/988/422
f  3117/988/421 3142/1082/421 3116/1031/421
f  3142/1083/831 3122/1084/813 3117/1085/813
f  3117/1085/814 3122/1084/814 3142/1083/832
f  3130/1046/422 3129/1041/422 3102/948/422
f  3102/948/421 3129/1041/421 3130/1046/421
f  3129/1064/764 3124/1063/803 3120/1086/748
f  3120/1086/747 3124/1063/804 3129/1064/763
f  3143/1087/833 3130/1088/799 3121/1089/799
f  3121/1089/802 3130/1088/802 3143/1087/834
f  3122/988/422 3143/1090/422 3121/1046/422
f  3121/1046/421 3143/1090/421 3122/988/421
f  3136/1068/821 3113/1067/815 3131/1091/815
f  3131/1091/816 3113/1067/816 3136/1068/822
f  3113/1053/818 3132/1052/817 3137/1092/823
f  3137/1092/826 3132/1052/820 3113/1053/819
f  3126/1093/807 3144/1094/766 3132/1095/817
f  3132/1095/820 3144/1094/765 3126/1093/810
f  3133/1058/798 3110/1057/777 3134/1096/796
f  3134/1096/795 3110/1057/782 3133/1058/797
f  3144/1094/766 3126/1093/807 3133/1097/798
f  3133/1097/797 3126/1093/810 3144/1094/765
f  3134/1061/796 3112/1060/785 3129/1098/764
f  3129/1098/763 3112/1060/788 3134/1061/795
f  3138/1073/421 3096/980/421 3135/1066/421
f  3135/1066/422 3096/980/422 3138/1073/422
f  3127/1099/821 3145/1100/835 3135/1101/835
f  3135/1101/836 3145/1100/836 3127/1099/822
f  3146/1102/837 3135/1103/838 3127/1104/824
f  3127/1104/825 3135/1103/839 3146/1102/840
f  3145/1100/835 3127/1099/821 3136/1105/821
f  3136/1105/822 3127/1099/822 3145/1100/836
f  3127/1071/824 3137/1070/823 3146/1106/837
f  3146/1106/840 3137/1070/826 3127/1071/825
f  3147/1107/421 3128/1074/421 3138/1073/421
f  3138/1073/422 3128/1074/422 3147/1107/422
f  3139/1076/827 3128/1075/789 3148/1108/827
f  3148/1108/828 3128/1075/790 3139/1076/828
f  3148/1109/841 3140/1110/829 3128/1111/811
f  3128/1111/812 3140/1110/830 3148/1109/842
f  3141/1080/814 3115/1079/791 3140/1112/829
f  3140/1112/830 3115/1079/792 3141/1080/813
f  3141/1113/422 3149/1114/422 3116/1031/422
f  3116/1031/421 3149/1114/421 3141/1113/421
f  3116/1031/422 3149/1114/422 3142/1082/422
f  3142/1082/421 3149/1114/421 3116/1031/421
f  3122/1084/813 3142/1083/831 3150/1115/831
f  3150/1115/832 3142/1083/832 3122/1084/814
f  3130/1046/422 3134/1116/422 3129/1041/422
f  3129/1041/421 3134/1116/421 3130/1046/421
f  3130/1088/799 3143/1087/833 3151/1117/833
f  3151/1117/834 3143/1087/834 3130/1088/802
f  3150/1082/422 3143/1090/422 3122/988/422
f  3122/988/421 3143/1090/421 3150/1082/421
f  3132/1118/817 3152/1119/752 3137/1120/823
f  3137/1120/826 3152/1119/751 3132/1118/820
f  3152/1119/752 3132/1118/817 3144/1121/766
f  3144/1121/765 3132/1118/820 3152/1119/751
f  3130/1046/422 3133/1122/422 3134/1116/422
f  3134/1116/421 3133/1122/421 3130/1046/421
f  3151/1090/422 3144/1123/422 3133/1122/422
f  3133/1122/421 3144/1123/421 3151/1090/421
f  3135/1124/835 3153/1125/843 3138/1126/843
f  3138/1126/844 3153/1125/844 3135/1124/836
f  3154/1127/845 3138/1128/846 3135/1129/838
f  3135/1129/839 3138/1128/847 3154/1127/848
f  3153/1125/843 3135/1124/835 3145/1130/835
f  3145/1130/836 3135/1124/836 3153/1125/844
f  3135/1103/838 3146/1102/837 3154/1131/845
f  3154/1131/848 3146/1102/840 3135/1103/839
f  3137/1132/823 3155/1133/734 3146/1134/837
f  3146/1134/840 3155/1133/731 3137/1132/826
f  3147/1107/421 3148/1135/421 3128/1074/421
f  3128/1074/422 3148/1135/422 3147/1107/422
f  3138/1136/843 3156/1137/849 3147/1138/849
f  3147/1138/850 3156/1137/850 3138/1136/844
f  3157/1139/851 3147/1140/852 3138/1141/846
f  3138/1141/847 3147/1140/853 3157/1139/854
f  3148/1142/827 3158/1143/855 3139/1144/827
f  3139/1144/828 3158/1143/856 3148/1142/828
f  3140/1110/829 3148/1109/841 3159/1145/857
f  3159/1145/858 3148/1109/842 3140/1110/830
f  3159/1146/857 3141/1147/814 3140/1148/829
f  3140/1148/830 3141/1147/813 3159/1146/858
f  3141/1113/422 3160/1149/422 3149/1114/422
f  3149/1114/421 3160/1149/421 3141/1113/421
f  3149/1150/859 3150/1151/831 3142/1152/831
f  3142/1152/832 3150/1151/832 3149/1150/860
f  3161/1153/861 3151/1154/833 3143/1155/833
f  3143/1155/834 3151/1154/834 3161/1153/862
f  3151/1090/422 3133/1122/422 3130/1046/422
f  3130/1046/421 3133/1122/421 3151/1090/421
f  3150/1082/422 3161/1156/422 3143/1090/422
f  3143/1090/421 3161/1156/421 3150/1082/421
f  3155/1133/734 3137/1132/823 3152/1157/752
f  3152/1157/751 3137/1132/826 3155/1133/731
f  3162/1156/422 3152/1158/422 3144/1123/422
f  3144/1123/421 3152/1158/421 3162/1156/421
f  3162/1156/422 3144/1123/422 3151/1090/422
f  3151/1090/421 3144/1123/421 3162/1156/421
f  3156/1137/849 3138/1136/843 3153/1159/843
f  3153/1159/844 3138/1136/844 3156/1137/850
f  3138/1128/846 3154/1127/845 3157/1160/851
f  3157/1160/854 3154/1127/848 3138/1128/847
f  3146/1161/837 3163/1162/733 3154/1163/845
f  3154/1163/848 3163/1162/732 3146/1161/840
f  3163/1162/733 3146/1161/837 3155/1164/734
f  3155/1164/731 3146/1161/840 3163/1162/732
f  3164/1165/421 3148/1135/421 3147/1107/421
f  3147/1107/422 3148/1135/422 3164/1165/422
f  3165/1166/863 3147/1167/849 3156/1168/849
f  3156/1168/850 3147/1167/850 3165/1166/864
f  3147/1140/852 3157/1139/851 3166/1169/865
f  3166/1169/866 3157/1139/854 3147/1140/853
f  3158/1143/855 3148/1142/827 3167/1170/855
f  3167/1170/856 3148/1142/828 3158/1143/856
f  3167/1171/867 3159/1172/857 3148/1173/841
f  3148/1173/842 3159/1172/858 3167/1171/868
f  3141/1147/814 3159/1146/857 3168/1174/832
f  3168/1174/831 3159/1146/858 3141/1147/813
f  3141/1113/422 3169/1175/422 3160/1149/422
f  3160/1149/421 3169/1175/421 3141/1113/421
f  3160/1176/869 3170/1177/859 3149/1178/859
f  3149/1178/860 3170/1177/860 3160/1176/870
f  3150/1151/831 3149/1150/859 3170/1179/859
f  3170/1179/860 3149/1150/860 3150/1151/832
f  3151/1154/833 3161/1153/861 3162/1180/861
f  3162/1180/862 3161/1153/862 3151/1154/834
f  3150/1082/422 3171/1181/422 3161/1156/422
f  3161/1156/421 3171/1181/421 3150/1082/421
f  3172/1181/422 3155/1182/422 3152/1158/422
f  3152/1158/421 3155/1182/421 3172/1181/421
f  3172/1181/422 3152/1158/422 3162/1156/422
f  3162/1156/421 3152/1158/421 3172/1181/421
f  3154/1183/845 3173/1184/871 3157/1185/851
f  3157/1185/854 3173/1184/872 3154/1183/848
f  3173/1184/871 3154/1183/845 3163/1186/733
f  3163/1186/732 3154/1183/848 3173/1184/872
f  3174/1187/422 3163/1188/422 3155/1182/422
f  3155/1182/421 3163/1188/421 3174/1187/421
f  3175/1189/421 3148/1135/421 3164/1165/421
f  3164/1165/422 3148/1135/422 3175/1189/422
f  3147/1167/849 3165/1166/863 3164/1190/863
f  3164/1190/864 3165/1166/864 3147/1167/850
f  3166/1191/865 3164/1192/873 3147/1193/852
f  3147/1193/853 3164/1192/874 3166/1191/866
f  3157/1194/851 3176/1195/802 3166/1196/865
f  3166/1196/866 3176/1195/799 3157/1194/854
f  3175/1189/421 3167/1197/421 3148/1135/421
f  3148/1135/422 3167/1197/422 3175/1189/422
f  3167/1198/855 3177/1199/875 3158/1200/855
f  3158/1200/856 3177/1199/876 3167/1198/856
f  3159/1172/857 3167/1171/867 3178/1201/877
f  3178/1201/878 3167/1171/868 3159/1172/858
f  3178/1202/877 3168/1203/832 3159/1204/857
f  3159/1204/858 3168/1203/831 3178/1202/878
f  3168/1205/422 3179/1206/422 3141/1113/422
f  3141/1113/421 3179/1206/421 3168/1205/421
f  3141/1113/422 3179/1206/422 3169/1175/422
f  3169/1175/421 3179/1206/421 3141/1113/421
f  3169/1207/879 3180/1208/869 3160/1209/869
f  3160/1209/870 3180/1208/870 3169/1207/880
f  3170/1177/859 3160/1176/869 3180/1210/869
f  3180/1210/870 3160/1176/870 3170/1177/860
f  3170/1114/422 3171/1181/422 3150/1082/422
f  3150/1082/421 3171/1181/421 3170/1114/421
f  3171/1211/881 3162/1212/861 3161/1213/861
f  3161/1213/862 3162/1212/862 3171/1211/882
f  3181/1214/422 3155/1182/422 3172/1181/422
f  3172/1181/421 3155/1182/421 3181/1214/421
f  3162/1212/861 3171/1211/881 3172/1215/881
f  3172/1215/882 3171/1211/882 3162/1212/862
f  3176/1195/802 3157/1194/851 3173/1216/871
f  3173/1216/872 3157/1194/854 3176/1195/799
f  3182/1217/422 3173/1218/422 3163/1188/422
f  3163/1188/421 3173/1218/421 3182/1217/421
f  3183/1219/422 3163/1188/422 3174/1187/422
f  3174/1187/421 3163/1188/421 3183/1219/421
f  3174/1187/422 3155/1182/422 3181/1214/422
f  3181/1214/421 3155/1182/421 3174/1187/421
f  3164/1220/863 3184/1221/883 3175/1222/883
f  3175/1222/884 3184/1221/884 3164/1220/864
f  3185/1223/885 3175/1224/886 3164/1225/873
f  3164/1225/874 3175/1224/887 3185/1223/888
f  3184/1221/883 3164/1220/863 3165/1226/863
f  3165/1226/864 3164/1220/864 3184/1221/884
f  3164/1192/873 3166/1191/865 3185/1227/885
f  3185/1227/888 3166/1191/866 3164/1192/874
f  3186/1228/834 3166/1229/865 3176/1230/802
f  3176/1230/799 3166/1229/866 3186/1228/833
f  3187/1231/421 3167/1197/421 3175/1189/421
f  3175/1189/422 3167/1197/422 3187/1231/422
f  3177/1199/875 3167/1198/855 3188/1232/875
f  3188/1232/876 3167/1198/856 3177/1199/876
f  3188/1233/889 3178/1234/877 3167/1235/867
f  3167/1235/868 3178/1234/878 3188/1233/890
f  3168/1203/832 3178/1202/877 3189/1236/860
f  3189/1236/859 3178/1202/878 3168/1203/831
f  3168/1205/422 3190/1237/422 3179/1206/422
f  3179/1206/421 3190/1237/421 3168/1205/421
f  3179/1238/891 3191/1239/879 3169/1240/879
f  3169/1240/880 3191/1239/880 3179/1238/892
f  3180/1208/869 3169/1207/879 3191/1241/879
f  3191/1241/880 3169/1207/880 3180/1208/870
f  3180/1149/422 3192/1187/422 3170/1114/422
f  3170/1114/421 3192/1187/421 3180/1149/421
f  3170/1114/422 3193/1214/422 3171/1181/422
f  3171/1181/421 3193/1214/421 3170/1114/421
f  3172/1242/881 3193/1243/893 3181/1244/893
f  3181/1244/894 3193/1243/894 3172/1242/882
f  3193/1243/893 3172/1242/881 3171/1245/881
f  3171/1245/882 3172/1242/882 3193/1243/894
f  3194/1246/422 3176/1247/422 3173/1218/422
f  3173/1218/421 3176/1247/421 3194/1246/421
f  3195/1248/422 3173/1218/422 3182/1217/422
f  3182/1217/421 3173/1218/421 3195/1248/421
f  3182/1217/422 3163/1188/422 3183/1219/422
f  3183/1219/421 3163/1188/421 3182/1217/421
f  3174/1249/895 3196/1250/896 3183/1251/896
f  3183/1251/897 3196/1250/897 3174/1249/898
f  3181/1252/893 3192/1253/895 3174/1254/895
f  3174/1254/898 3192/1253/898 3181/1252/894
f  3197/1255/899 3175/1256/883 3184/1257/883
f  3184/1257/884 3175/1256/884 3197/1255/900
f  3175/1224/886 3185/1223/885 3198/1258/901
f  3198/1258/902 3185/1223/888 3175/1224/887
f  3166/1229/865 3186/1228/834 3185/1259/885
f  3185/1259/888 3186/1228/833 3166/1229/866
f  3168/1205/422 3186/1260/422 3176/1247/422
f  3176/1247/421 3186/1260/421 3168/1205/421
f  3199/1261/421 3167/1197/421 3187/1231/421
f  3187/1231/422 3167/1197/422 3199/1261/422
f  3175/1256/883 3197/1255/899 3187/1262/899
f  3187/1262/900 3197/1255/900 3175/1256/884
f  3198/1263/901 3187/1264/903 3175/1265/886
f  3175/1265/887 3187/1264/904 3198/1263/902
f  3199/1261/421 3188/1266/421 3167/1197/421
f  3167/1197/422 3188/1266/422 3199/1261/422
f  3188/1267/875 3200/1268/905 3177/1269/875
f  3177/1269/876 3200/1268/906 3188/1267/876
f  3178/1234/877 3188/1233/889 3201/1270/907
f  3201/1270/908 3188/1233/890 3178/1234/878
f  3201/1271/907 3189/1272/860 3178/1273/877
f  3178/1273/878 3189/1272/859 3201/1271/908
f  3189/1274/422 3202/1275/422 3168/1205/422
f  3168/1205/421 3202/1275/421 3189/1274/421
f  3168/1205/422 3176/1247/422 3190/1237/422
f  3190/1237/421 3176/1247/421 3168/1205/421
f  3190/1276/909 3203/1277/891 3179/1278/891
f  3179/1278/892 3203/1277/892 3190/1276/910
f  3191/1239/879 3179/1238/891 3203/1279/891
f  3203/1279/892 3179/1238/892 3191/1239/880
f  3191/1175/422 3204/1217/422 3180/1149/422
f  3180/1149/421 3204/1217/421 3191/1175/421
f  3180/1149/422 3196/1219/422 3192/1187/422
f  3192/1187/421 3196/1219/421 3180/1149/421
f  3170/1114/422 3192/1187/422 3193/1214/422
f  3193/1214/421 3192/1187/421 3170/1114/421
f  3192/1253/895 3181/1252/893 3193/1280/893
f  3193/1280/894 3181/1252/894 3192/1253/898
f  3176/1247/422 3194/1246/422 3190/1237/422
f  3190/1237/421 3194/1246/421 3176/1247/421
f  3194/1246/422 3173/1218/422 3205/1281/422
f  3205/1281/421 3173/1218/421 3194/1246/421
f  3205/1281/422 3173/1218/422 3195/1248/422
f  3195/1248/421 3173/1218/421 3205/1281/421
f  3182/1282/911 3206/1283/912 3195/1284/912
f  3195/1284/913 3206/1283/913 3182/1282/914
f  3183/1285/896 3204/1286/911 3182/1287/911
f  3182/1287/914 3204/1286/914 3183/1285/897
f  3196/1250/896 3174/1249/895 3192/1288/895
f  3192/1288/898 3174/1249/898 3196/1250/897
f  3204/1286/911 3183/1285/896 3196/1289/896
f  3196/1289/897 3183/1285/897 3204/1286/914
f  3185/1290/885 3202/1291/862 3198/1292/901
f  3198/1292/902 3202/1291/861 3185/1290/888
f  3202/1291/862 3185/1290/885 3186/1293/834
f  3186/1293/833 3185/1290/888 3202/1291/861
f  3168/1205/422 3202/1275/422 3186/1260/422
f  3186/1260/421 3202/1275/421 3168/1205/421
f  3187/1294/899 3207/1295/915 3199/1296/915
f  3199/1296/916 3207/1295/916 3187/1294/900
f  3208/1297/917 3199/1298/918 3187/1299/903
f  3187/1299/904 3199/1298/919 3208/1297/920
f  3207/1295/915 3187/1294/899 3197/1300/899
f  3197/1300/900 3187/1294/900 3207/1295/916
f  3187/1264/903 3198/1263/901 3208/1301/917
f  3208/1301/920 3198/1263/902 3187/1264/904
f  3209/1302/421 3188/1266/421 3199/1261/421
f  3199/1261/422 3188/1266/422 3209/1302/422
f  3200/1268/905 3188/1267/875 3210/1303/905
f  3210/1303/906 3188/1267/876 3200/1268/906
f  3210/1304/921 3201/1305/907 3188/1306/889
f  3188/1306/890 3201/1305/908 3210/1304/922
f  3189/1272/860 3201/1271/907 3211/1307/870
f  3211/1307/869 3201/1271/908 3189/1272/859
f  3189/1274/422 3212/1308/422 3202/1275/422
f  3202/1275/421 3212/1308/421 3189/1274/421
f  3203/1277/891 3190/1276/909 3213/1309/909
f  3213/1309/910 3190/1276/910 3203/1277/892
f  3203/1206/422 3206/1248/422 3191/1175/422
f  3191/1175/421 3206/1248/421 3203/1206/421
f  3191/1175/422 3206/1248/422 3204/1217/422
f  3204/1217/421 3206/1248/421 3191/1175/421
f  3180/1149/422 3204/1217/422 3196/1219/422
f  3196/1219/421 3204/1217/421 3180/1149/421
f  3194/1310/923 3213/1311/924 3190/1312/924
f  3190/1312/925 3213/1311/925 3194/1310/926
f  3205/1313/927 3214/1314/923 3194/1315/923
f  3194/1315/926 3214/1314/926 3205/1313/928
f  3195/1316/912 3215/1317/927 3205/1318/927
f  3205/1318/928 3215/1317/928 3195/1316/913
f  3206/1283/912 3182/1282/911 3204/1319/911
f  3204/1319/914 3182/1282/914 3206/1283/913
f  3215/1317/927 3195/1316/912 3206/1320/912
f  3206/1320/913 3195/1316/913 3215/1317/928
f  3212/1321/882 3198/1322/901 3202/1323/862
f  3202/1323/861 3198/1322/902 3212/1321/881
f  3216/1324/929 3199/1325/915 3207/1326/915
f  3207/1326/916 3199/1325/916 3216/1324/930
f  3199/1298/918 3208/1297/917 3217/1327/931
f  3217/1327/932 3208/1297/920 3199/1298/919
f  3198/1322/901 3212/1321/882 3208/1328/917
f  3208/1328/920 3212/1321/881 3198/1322/902
f  3218/1329/421 3188/1266/421 3209/1302/421
f  3209/1302/422 3188/1266/422 3218/1329/422
f  3199/1325/915 3216/1324/929 3209/1330/929
f  3209/1330/930 3216/1324/930 3199/1325/916
f  3217/1331/931 3209/1332/933 3199/1333/918
f  3199/1333/919 3209/1332/934 3217/1331/932
f  3218/1329/421 3210/1334/421 3188/1266/421
f  3188/1266/422 3210/1334/422 3218/1329/422
f  3210/1335/905 3219/1336/935 3200/1337/905
f  3200/1337/906 3219/1336/936 3210/1335/906
f  3201/1305/907 3210/1304/921 3220/1338/937
f  3220/1338/938 3210/1304/922 3201/1305/908
f  3220/1339/937 3211/1340/870 3201/1341/907
f  3201/1341/908 3211/1340/869 3220/1339/938
f  3211/1342/422 3221/1343/422 3189/1274/422
f  3189/1274/421 3221/1343/421 3211/1342/421
f  3189/1274/422 3221/1343/422 3212/1308/422
f  3212/1308/421 3221/1343/421 3189/1274/421
f  3214/1246/422 3203/1206/422 3213/1237/422
f  3213/1237/421 3203/1206/421 3214/1246/421
f  3203/1206/422 3215/1281/422 3206/1248/422
f  3206/1248/421 3215/1281/421 3203/1206/421
f  3213/1311/924 3194/1310/923 3214/1344/923
f  3214/1344/926 3194/1310/926 3213/1311/925
f  3214/1314/923 3205/1313/927 3215/1345/927
f  3215/1345/928 3205/1313/928 3214/1314/926
f  3208/1346/917 3221/1347/894 3217/1348/931
f  3217/1348/932 3221/1347/893 3208/1346/920
f  3221/1347/894 3208/1346/917 3212/1349/882
f  3212/1349/881 3208/1346/920 3221/1347/893
f  3222/1350/939 3209/1351/929 3216/1352/929
f  3216/1352/930 3209/1351/930 3222/1350/940
f  3209/1332/933 3217/1331/931 3223/1353/941
f  3223/1353/942 3217/1331/932 3209/1332/934
f  3224/1354/421 3210/1334/421 3218/1329/421
f  3218/1329/422 3210/1334/422 3224/1354/422
f  3219/1336/935 3210/1335/905 3225/1355/935
f  3225/1355/936 3210/1335/906 3219/1336/936
f  3225/1356/943 3220/1357/937 3210/1358/921
f  3210/1358/922 3220/1357/938 3225/1356/944
f  3211/1340/870 3220/1339/937 3226/1359/880
f  3226/1359/879 3220/1339/938 3211/1340/869
f  3211/1342/422 3227/1360/422 3221/1343/422
f  3221/1343/421 3227/1360/421 3211/1342/421
f  3203/1206/422 3214/1246/422 3215/1281/422
f  3215/1281/421 3214/1246/421 3203/1206/421
f  3227/1361/898 3217/1362/931 3221/1363/894
f  3221/1363/893 3217/1362/932 3227/1361/895
f  3209/1351/929 3222/1350/939 3218/1364/939
f  3218/1364/940 3222/1350/940 3209/1351/930
f  3217/1362/931 3227/1361/898 3223/1365/941
f  3223/1365/942 3227/1361/895 3217/1362/932
f  3223/1366/941 3218/1367/945 3209/1368/933
f  3209/1368/934 3218/1367/946 3223/1366/942
f  3228/1369/421 3210/1334/421 3224/1354/421
f  3224/1354/422 3210/1334/422 3228/1369/422
f  3218/1370/939 3229/1371/947 3224/1372/947
f  3224/1372/948 3229/1371/948 3218/1370/940
f  3230/1373/949 3224/1374/950 3218/1375/945
f  3218/1375/946 3224/1374/951 3230/1373/952
f  3228/1369/421 3225/1376/421 3210/1334/421
f  3210/1334/422 3225/1376/422 3228/1369/422
f  3225/1377/935 3231/1378/953 3219/1379/935
f  3219/1379/936 3231/1378/954 3225/1377/936
f  3220/1357/937 3225/1356/943 3232/1380/955
f  3232/1380/956 3225/1356/944 3220/1357/938
f  3232/1381/955 3226/1382/880 3220/1383/937
f  3220/1383/938 3226/1382/879 3232/1381/956
f  3226/1384/422 3233/1385/422 3211/1342/422
f  3211/1342/421 3233/1385/421 3226/1384/421
f  3211/1342/422 3233/1385/422 3227/1360/422
f  3227/1360/421 3233/1385/421 3211/1342/421
f  3229/1371/947 3218/1370/939 3222/1386/939
f  3222/1386/940 3218/1370/940 3229/1371/948
f  3233/1387/897 3223/1388/941 3227/1389/898
f  3227/1389/895 3223/1388/942 3233/1387/896
f  3218/1367/945 3223/1366/941 3230/1390/949
f  3230/1390/952 3223/1366/942 3218/1367/946
f  3224/1391/947 3234/1392/957 3228/1393/957
f  3228/1393/958 3234/1392/958 3224/1391/948
f  3235/1394/959 3228/1395/960 3224/1396/950
f  3224/1396/951 3228/1395/961 3235/1394/962
f  3234/1392/957 3224/1391/947 3229/1397/947
f  3229/1397/948 3224/1391/948 3234/1392/958
f  3224/1374/950 3230/1373/949 3235/1398/959
f  3235/1398/962 3230/1373/952 3224/1374/951
f  3236/1399/421 3225/1376/421 3228/1369/421
f  3228/1369/422 3225/1376/422 3236/1399/422
f  3231/1378/953 3225/1377/935 3237/1400/953
f  3237/1400/954 3225/1377/936 3231/1378/954
f  3237/1401/963 3232/1402/955 3225/1403/943
f  3225/1403/944 3232/1402/956 3237/1401/964
f  3226/1382/880 3232/1381/955 3238/1404/892
f  3238/1404/891 3232/1381/956 3226/1382/879
f  3226/1384/422 3239/1405/422 3233/1385/422
f  3233/1385/421 3239/1405/421 3226/1384/421
f  3223/1388/941 3233/1387/897 3230/1406/949
f  3230/1406/952 3233/1387/896 3223/1388/942
f  3240/1407/965 3228/1408/957 3234/1409/957
f  3234/1409/958 3228/1408/958 3240/1407/966
f  3228/1395/960 3235/1394/959 3241/1410/967
f  3241/1410/968 3235/1394/962 3228/1395/961
f  3230/1411/949 3239/1412/914 3235/1413/959
f  3235/1413/962 3239/1412/911 3230/1411/952
f  3242/1414/421 3225/1376/421 3236/1399/421
f  3236/1399/422 3225/1376/422 3242/1414/422
f  3228/1408/957 3240/1407/965 3236/1415/965
f  3236/1415/966 3240/1407/966 3228/1408/958
f  3241/1416/967 3236/1417/969 3228/1418/960
f  3228/1418/961 3236/1417/970 3241/1416/968
f  3225/1376/421 3242/1414/421 3237/1419/421
f  3237/1419/422 3242/1414/422 3225/1376/422
f  3237/1420/953 3243/1421/971 3231/1422/953
f  3231/1422/954 3243/1421/972 3237/1420/954
f  3232/1402/955 3237/1401/963 3244/1423/973
f  3244/1423/974 3237/1401/964 3232/1402/956
f  3244/1424/973 3238/1425/892 3232/1426/955
f  3232/1426/956 3238/1425/891 3244/1424/974
f  3238/1427/422 3245/1428/422 3226/1384/422
f  3226/1384/421 3245/1428/421 3238/1427/421
f  3226/1384/422 3245/1428/422 3239/1405/422
f  3239/1405/421 3245/1428/421 3226/1384/421
f  3239/1412/914 3230/1411/949 3233/1429/897
f  3233/1429/896 3230/1411/952 3239/1412/911
f  3235/1430/959 3245/1431/913 3241/1432/967
f  3241/1432/968 3245/1431/912 3235/1430/962
f  3245/1431/913 3235/1430/959 3239/1433/914
f  3239/1433/911 3235/1430/962 3245/1431/912
f  3236/1434/965 3243/1435/971 3242/1436/971
f  3242/1436/972 3243/1435/972 3236/1434/966
f  3246/1437/975 3242/1438/976 3236/1439/969
f  3236/1439/970 3242/1438/977 3246/1437/978
f  3243/1435/971 3236/1434/965 3240/1440/965
f  3240/1440/966 3236/1434/966 3243/1435/972
f  3236/1417/969 3241/1416/967 3246/1441/975
f  3246/1441/978 3241/1416/968 3236/1417/970
f  3243/1421/971 3237/1420/953 3242/1442/971
f  3242/1442/972 3237/1420/954 3243/1421/972
f  3247/1443/979 3237/1444/963 3242/1445/976
f  3242/1445/977 3237/1444/964 3247/1443/980
f  3237/1444/963 3247/1443/979 3244/1446/973
f  3244/1446/974 3247/1443/980 3237/1444/964
f  3238/1425/892 3244/1424/973 3248/1447/981
f  3248/1447/982 3244/1424/974 3238/1425/891
f  3238/1427/422 3249/1448/422 3245/1428/422
f  3245/1428/421 3249/1448/421 3238/1427/421
f  3249/1449/928 3241/1450/967 3245/1451/913
f  3245/1451/912 3241/1450/968 3249/1449/927
f  3242/1438/976 3246/1437/975 3247/1452/979
f  3247/1452/980 3246/1437/978 3242/1438/977
f  3241/1450/967 3249/1449/928 3246/1453/975
f  3246/1453/978 3249/1449/927 3241/1450/968
f  3247/1454/979 3248/783/981 3244/1455/973
f  3244/1455/974 3248/783/982 3247/1454/980
f  3250/1456/422 3238/1427/422 3248/1457/422
f  3248/1457/421 3238/1427/421 3250/1456/421
f  3238/1427/422 3250/1456/422 3249/1448/422
f  3249/1448/421 3250/1456/421 3238/1427/421
f  3246/1458/975 3250/1459/926 3247/1460/979
f  3247/1460/980 3250/1459/923 3246/1458/978
f  3250/1459/926 3246/1458/975 3249/1461/928
f  3249/1461/927 3246/1458/978 3250/1459/923
f  3248/783/981 3247/1454/979 3250/1462/926
f  3250/1462/923 3247/1454/980 3248/783/982

# Mesh 'mesh52_mesh52-geometry' with 114 faces
g mesh52_mesh52-geometry
# usemtl material_0_0
l  2876 2860
l  2891 2876
l  2860 2841
l  2914 2891
l  2841 2835
l  2935 2914
l  2835 2821
l  2958 2935
l  2821 2824
l  2981 2958
l  2824 2814
l  3003 2981
l  2814 2812
l  3019 3003
l  2812 2805
l  3001 3019
l  3001 2991
l  3001 3011
l  2991 2979
l  3011 3017
l  2979 2957
l  3017 3026
l  3017 3024
l  2957 2931
l  3018 3024
l  2931 2907
l  3035 3018
l  2907 2871
l  3041 3035
l  2871 2862
l  3047 3041
l  2862 2858
l  3069 3047
l  2858 2840
l  3096 3069
l  2840 2820
l  3128 3096
l  2820 2804
l  3148 3128
l  2804 2811
l  3167 3148
l  2811 2806
l  3188 3167
l  2806 2799
l  3210 3188
l  2799 2801
l  3225 3210
l  2801 2809
l  3237 3225
l  2809 2827
l  3242 3237
l  2827 2834
l  3236 3242
l  2834 2850
l  3228 3236
l  2850 2854
l  3228 3224
l  2854 2844
l  3218 3224
l  2844 2842
l  3209 3218
l  2842 2852
l  3199 3209
l  2852 2869
l  3187 3199
l  2869 2887
l  3175 3187
l  2887 2901
l  3164 3175
l  2901 2904
l  3147 3164
l  2904 2902
l  3138 3147
l  2902 2919
l  3135 3138
l  2919 2941
l  3127 3135
l  2941 2951
l  3113 3127
l  2951 2964
l  3108 3113
l  2964 2963
l  3094 3108
l  2963 2975
l  3080 3094
l  2975 2967
l  3095 3080
l  2967 2970
l  3091 3095
l  2970 2989
l  2940 2970
l  3076 3091
l  2990 2989
l  2989 2940
l  3066 3076
l  3000 2990
l  3058 3066
l  2988 3000
l  3058 3051
l  2977 2988
l  2968 2977
l  2954 2968
l  2928 2954
l  2943 2928
l  2927 2943
l  2917 2927
l  2916 2917
l  2888 2916
l  2870 2888
l  2861 2870
l  2863 2861
l  2867 2863
l  2866 2867
l  2846 2866

# Mesh 'mesh53_mesh53-geometry' with 74 faces
g mesh53_mesh53-geometry
# usemtl material_0_0
l  3083 3116
l  3070 3083
l  3116 3141
l  3054 3070
l  3141 3168
l  3043 3054
l  3168 3189
l  3032 3043
l  3189 3211
l  3020 3032
l  3211 3226
l  3004 3020
l  3226 3238
l  3004 2982
l  3238 3248
l  2982 2959
l  3248 3250
l  2959 2936
l  3250 3249
l  2936 2915
l  3249 3245
l  2915 2899
l  3245 3239
l  2899 2885
l  3239 3233
l  2885 2864
l  3233 3227
l  2864 2859
l  3227 3221
l  2859 2839
l  3221 3212
l  2839 2828
l  3212 3202
l  2828 2826
l  3202 3186
l  2826 2825
l  3186 3176
l  2825 2830
l  3176 3173
l  2830 2816
l  3173 3163
l  2816 2808
l  3163 3155
l  2808 2810
l  3155 3152
l  2810 2819
l  3152 3144
l  2819 2833
l  3144 3133
l  2833 2849
l  3133 3134
l  2849 2857
l  3134 3129
l  2857 2855
l  3129 3120
l  2855 2845
l  3120 3087
l  2845 2843
l  3087 3073
l  2843 2853
l  3073 3064
l  2853 2873
l  3064 3050
l  2873 2895
l  2895 2906
l  2906 2905
l  2905 2903
l  2903 2920
l  2920 2942
l  2942 2952
l  2952 2965
l  2965 2962
l  2962 2976
l  2976 2966

# Mesh 'mesh54_mesh54-geometry' with 158 faces
g mesh54_mesh54-geometry
# usemtl material_0_0
l  3056 3039
l  3063 3056
l  3039 3029
l  3039 3046
l  3072 3063
l  3029 3023
l  3029 3028
l  3049 3046
l  3046 3028
l  3086 3072
l  3023 3014
l  3023 2994
l  3028 2994
l  3062 3049
l  3101 3086
l  3014 3007
l  2994 2995
l  3084 3062
l  3103 3101
l  3007 3008
l  2995 2985
l  3099 3084
l  3088 3103
l  3008 3015
l  2985 2996
l  3118 3099
l  3074 3088
l  3015 3016
l  2996 3009
l  3100 3118
l  3065 3074
l  3016 3010
l  3009 2997
l  3119 3100
l  3057 3065
l  3010 2998
l  2997 2986
l  3104 3119
l  3102 3057
l  2998 2999
l  2986 2974
l  3089 3104
l  3130 3102
l  3102 3090
l  2999 3002
l  2974 2987
l  3075 3089
l  3151 3130
l  3121 3090
l  3090 3075
l  3002 2993
l  2987 2980
l  3162 3151
l  3143 3121
l  2993 2978
l  2980 2972
l  3172 3162
l  3161 3143
l  2978 2944
l  2978 2969
l  2972 2969
l  3181 3172
l  3171 3161
l  2944 2929
l  2969 2956
l  3174 3181
l  3193 3171
l  2929 2930
l  2956 2955
l  3183 3174
l  3192 3193
l  2930 2922
l  2955 2946
l  3182 3183
l  3196 3192
l  2922 2909
l  2946 2932
l  3195 3182
l  3204 3196
l  2909 2896
l  2932 2923
l  3205 3195
l  3206 3204
l  2896 2882
l  2923 2910
l  3194 3205
l  3215 3206
l  2882 2874
l  2910 2897
l  3190 3194
l  3214 3215
l  2874 2865
l  2897 2883
l  3179 3190
l  3190 3213
l  3213 3214
l  2865 2875
l  2883 2884
l  3169 3179
l  3203 3213
l  2875 2881
l  2884 2898
l  3160 3169
l  3191 3203
l  2881 2872
l  2898 2894
l  3149 3160
l  3180 3191
l  2872 2880
l  2872 2893
l  2894 2893
l  3142 3149
l  3170 3180
l  2880 2892
l  2893 2908
l  3117 3142
l  3150 3170
l  2892 2900
l  2908 2911
l  3097 3117
l  3122 3150
l  2900 2913
l  2911 2924
l  3098 3097
l  3105 3122
l  2913 2912
l  2924 2934
l  3071 3098
l  3085 3105
l  2912 2925
l  2934 2933
l  3055 3071
l  3061 3085
l  2925 2937
l  2933 2947
l  3044 3055
l  3045 3061
l  2937 2948
l  2947 2949
l  3037 3044
l  3038 3045
l  2948 2960
l  2949 2961
l  3033 3037
l  3037 3034
l  3034 3038
l  2960 2983
l  2961 2973
l  3021 3033
l  3033 3022
l  3022 3034
l  2983 3005
l  2973 2984
l  3005 3021
l  3021 3013
l  3013 3022
l  2984 3006
l  3006 3013

# Mesh 'mesh55_mesh55-geometry' with 1 faces
g mesh55_mesh55-geometry
# usemtl material_0_0
l  3040 3251

# Mesh 'mesh56_mesh56-geometry' with 184 faces
g mesh56_mesh56-geometry
# usemtl material_3_24
f  3252//574 3253//612 3254//574
f  3253//612 3252//574 3255//612
f  3254//573 3253//611 3252//573
f  3255//611 3252//573 3253//611
f  3256//422 3254//422 3253//422
f  3253//421 3254//421 3256//421
f  3254//574 3257//539 3252//574
f  3252//573 3257//540 3254//573
f  3252//421 3258//421 3255//421
f  3255//422 3258//422 3252//422
f  3255//612 3259//670 3253//612
f  3253//611 3259//669 3255//611
f  3260//422 3254//422 3256//422
f  3256//421 3254//421 3260//421
f  3256//422 3253//422 3261//422
f  3261//421 3253//421 3256//421
f  3257//539 3254//574 3262//539
f  3262//540 3254//573 3257//540
f  3257//421 3263//421 3252//421
f  3252//422 3263//422 3257//422
f  3252//421 3263//421 3258//421
f  3258//422 3263//422 3252//422
f  3255//421 3258//421 3264//421
f  3264//422 3258//422 3255//422
f  3259//670 3255//612 3265//670
f  3265//669 3255//611 3259//669
f  3261//422 3253//422 3259//422
f  3259//421 3253//421 3261//421
f  3260//422 3262//422 3254//422
f  3254//421 3262//421 3260//421
f  3263//745 3260//814 3256//745
f  3256//746 3260//813 3263//746
f  3258//696 3256//745 3261//696
f  3261//695 3256//746 3258//695
f  3266//517 3257//539 3262//539
f  3262//540 3257//540 3266//518
f  3257//421 3267//421 3263//421
f  3263//422 3267//422 3257//422
f  3256//745 3258//696 3263//745
f  3263//746 3258//695 3256//746
f  3261//696 3264//669 3258//696
f  3258//695 3264//670 3261//695
f  3255//421 3264//421 3265//421
f  3265//422 3264//422 3255//422
f  3265//670 3268//695 3259//670
f  3259//669 3268//696 3265//669
f  3261//422 3259//422 3269//422
f  3269//421 3259//421 3261//421
f  3270//422 3262//422 3260//422
f  3260//421 3262//421 3270//421
f  3260//814 3263//745 3267//814
f  3267//813 3263//746 3260//813
f  3257//539 3266//517 3271//517
f  3271//518 3266//518 3257//540
f  3270//422 3266//422 3262//422
f  3262//421 3266//421 3270//421
f  3271//421 3267//421 3257//421
f  3257//422 3267//422 3271//422
f  3264//669 3261//696 3269//669
f  3269//670 3261//695 3264//670
f  3265//421 3264//421 3272//421
f  3272//422 3264//422 3265//422
f  3268//695 3265//670 3273//695
f  3273//696 3265//669 3268//696
f  3269//422 3259//422 3268//422
f  3268//421 3259//421 3269//421
f  3260//814 3274//860 3270//860
f  3270//859 3274//859 3260//813
f  3274//860 3260//814 3267//814
f  3267//813 3260//813 3274//859
f  3275//463 3271//517 3266//517
f  3266//518 3271//518 3275//464
f  3276//422 3266//422 3270//422
f  3270//421 3266//421 3276//421
f  3271//421 3274//421 3267//421
f  3267//422 3274//422 3271//422
f  3269//669 3272//611 3264//669
f  3264//670 3272//612 3269//670
f  3265//421 3272//421 3273//421
f  3273//422 3272//422 3265//422
f  3273//695 3277//746 3268//695
f  3268//696 3277//745 3273//696
f  3269//422 3268//422 3278//422
f  3278//421 3268//421 3269//421
f  3279//880 3270//860 3274//860
f  3274//859 3270//859 3279//879
f  3271//517 3275//463 3280//463
f  3280//464 3275//464 3271//518
f  3276//422 3275//422 3266//422
f  3266//421 3275//421 3276//421
f  3270//860 3279//880 3276//880
f  3276//879 3279//879 3270//859
f  3280//421 3274//421 3271//421
f  3271//422 3274//422 3280//422
f  3272//611 3269//669 3278//611
f  3278//612 3269//670 3272//612
f  3273//421 3272//421 3281//421
f  3281//422 3272//422 3273//422
f  3277//746 3273//695 3282//746
f  3282//745 3273//696 3277//745
f  3278//422 3268//422 3277//422
f  3277//421 3268//421 3278//421
f  3280//421 3279//421 3274//421
f  3274//422 3279//422 3280//422
f  3283//6 3280//463 3275//463
f  3275//464 3280//464 3283//5
f  3275//422 3276//422 3283//422
f  3283//421 3276//421 3275//421
f  3284//6 3276//880 3279//880
f  3279//879 3276//879 3284//5
f  3278//611 3281//573 3272//611
f  3272//612 3281//574 3278//612
f  3273//421 3281//421 3282//421
f  3282//422 3281//422 3273//422
f  3282//746 3285//813 3277//746
f  3277//745 3285//814 3282//745
f  3278//422 3277//422 3286//422
f  3286//421 3277//421 3278//421
f  3279//421 3280//421 3284//421
f  3284//422 3280//422 3279//422
f  3280//463 3283//6 3284//6
f  3284//5 3283//5 3280//464
f  3276//880 3284//6 3283//6
f  3283//5 3284//5 3276//879
f  3281//573 3278//611 3286//573
f  3286//574 3278//612 3281//574
f  3282//421 3281//421 3287//421
f  3287//422 3281//422 3282//422
f  3285//813 3282//746 3288//813
f  3288//814 3282//745 3285//814
f  3286//422 3277//422 3285//422
f  3285//421 3277//421 3286//421
f  3286//573 3287//540 3281//573
f  3281//574 3287//539 3286//574
f  3282//421 3287//421 3288//421
f  3288//422 3287//422 3282//422
f  3289//859 3285//813 3288//813
f  3288//814 3285//814 3289//860
f  3286//422 3285//422 3290//422
f  3290//421 3285//421 3286//421
f  3287//540 3286//573 3290//540
f  3290//539 3286//574 3287//539
f  3288//421 3287//421 3291//421
f  3291//422 3287//422 3288//422
f  3285//813 3289//859 3292//859
f  3292//860 3289//860 3285//814
f  3288//421 3291//421 3289//421
f  3289//422 3291//422 3288//422
f  3290//422 3285//422 3292//422
f  3292//421 3285//421 3290//421
f  3293//518 3287//540 3290//540
f  3290//539 3287//539 3293//517
f  3287//540 3293//518 3291//518
f  3291//517 3293//517 3287//539
f  3294//879 3292//859 3289//859
f  3289//860 3292//860 3294//880
f  3289//421 3291//421 3295//421
f  3295//422 3291//422 3289//422
f  3290//422 3292//422 3293//422
f  3293//421 3292//421 3290//421
f  3296//464 3291//518 3293//518
f  3293//517 3291//517 3296//463
f  3292//859 3294//879 3297//879
f  3297//880 3294//880 3292//860
f  3289//421 3295//421 3294//421
f  3294//422 3295//422 3289//422
f  3291//518 3296//464 3295//464
f  3295//463 3296//463 3291//517
f  3293//422 3292//422 3297//422
f  3297//421 3292//421 3293//421
f  3293//422 3297//422 3296//422
f  3296//421 3297//421 3293//421
f  3298//5 3297//879 3294//879
f  3294//880 3297//880 3298//6
f  3294//421 3295//421 3298//421
f  3298//422 3295//422 3294//422
f  3299//5 3295//464 3296//464
f  3296//463 3295//463 3299//6
f  3296//422 3297//422 3299//422
f  3299//421 3297//421 3296//421
f  3297//879 3298//5 3299//5
f  3299//6 3298//6 3297//880
f  3295//464 3299//5 3298//5
f  3298//6 3299//6 3295//463

# Mesh 'mesh57_mesh57-geometry' with 24 faces
g mesh57_mesh57-geometry
# usemtl material_0_0
l  3276 3270
l  3283 3276
l  3270 3260
l  3275 3283
l  3260 3256
l  3266 3275
l  3256 3261
l  3262 3266
l  3261 3269
l  3254 3262
l  3269 3278
l  3253 3254
l  3278 3286
l  3259 3253
l  3286 3290
l  3268 3259
l  3290 3293
l  3277 3268
l  3293 3296
l  3285 3277
l  3296 3299
l  3292 3285
l  3299 3297
l  3297 3292

# Mesh 'mesh58_mesh58-geometry' with 24 faces
g mesh58_mesh58-geometry
# usemtl material_0_0
l  3280 3284
l  3271 3280
l  3284 3279
l  3257 3271
l  3279 3274
l  3252 3257
l  3274 3267
l  3255 3252
l  3267 3263
l  3265 3255
l  3263 3258
l  3273 3265
l  3258 3264
l  3282 3273
l  3264 3272
l  3288 3282
l  3272 3281
l  3289 3288
l  3281 3287
l  3294 3289
l  3287 3291
l  3298 3294
l  3291 3295
l  3295 3298

# Mesh 'mesh56_mesh56-geometry' with 184 faces
g mesh56_mesh56-geometry
# usemtl material_3_24
f  3300//574 3301//612 3302//574
f  3301//612 3300//574 3303//612
f  3302//573 3301//611 3300//573
f  3303//611 3300//573 3301//611
f  3304//422 3302//422 3301//422
f  3301//421 3302//421 3304//421
f  3302//574 3305//539 3300//574
f  3300//573 3305//540 3302//573
f  3300//421 3306//421 3303//421
f  3303//422 3306//422 3300//422
f  3303//612 3307//670 3301//612
f  3301//611 3307//669 3303//611
f  3308//422 3302//422 3304//422
f  3304//421 3302//421 3308//421
f  3304//422 3301//422 3309//422
f  3309//421 3301//421 3304//421
f  3305//539 3302//574 3310//539
f  3310//540 3302//573 3305//540
f  3305//421 3311//421 3300//421
f  3300//422 3311//422 3305//422
f  3300//421 3311//421 3306//421
f  3306//422 3311//422 3300//422
f  3303//421 3306//421 3312//421
f  3312//422 3306//422 3303//422
f  3307//670 3303//612 3313//670
f  3313//669 3303//611 3307//669
f  3309//422 3301//422 3307//422
f  3307//421 3301//421 3309//421
f  3308//422 3310//422 3302//422
f  3302//421 3310//421 3308//421
f  3311//745 3308//814 3304//745
f  3304//746 3308//813 3311//746
f  3306//696 3304//745 3309//696
f  3309//695 3304//746 3306//695
f  3314//517 3305//539 3310//539
f  3310//540 3305//540 3314//518
f  3305//421 3315//421 3311//421
f  3311//422 3315//422 3305//422
f  3304//745 3306//696 3311//745
f  3311//746 3306//695 3304//746
f  3309//696 3312//669 3306//696
f  3306//695 3312//670 3309//695
f  3303//421 3312//421 3313//421
f  3313//422 3312//422 3303//422
f  3313//670 3316//695 3307//670
f  3307//669 3316//696 3313//669
f  3309//422 3307//422 3317//422
f  3317//421 3307//421 3309//421
f  3318//422 3310//422 3308//422
f  3308//421 3310//421 3318//421
f  3308//814 3311//745 3315//814
f  3315//813 3311//746 3308//813
f  3305//539 3314//517 3319//517
f  3319//518 3314//518 3305//540
f  3318//422 3314//422 3310//422
f  3310//421 3314//421 3318//421
f  3319//421 3315//421 3305//421
f  3305//422 3315//422 3319//422
f  3312//669 3309//696 3317//669
f  3317//670 3309//695 3312//670
f  3313//421 3312//421 3320//421
f  3320//422 3312//422 3313//422
f  3316//695 3313//670 3321//695
f  3321//696 3313//669 3316//696
f  3317//422 3307//422 3316//422
f  3316//421 3307//421 3317//421
f  3308//814 3322//860 3318//860
f  3318//859 3322//859 3308//813
f  3322//860 3308//814 3315//814
f  3315//813 3308//813 3322//859
f  3323//463 3319//517 3314//517
f  3314//518 3319//518 3323//464
f  3324//422 3314//422 3318//422
f  3318//421 3314//421 3324//421
f  3319//421 3322//421 3315//421
f  3315//422 3322//422 3319//422
f  3317//669 3320//611 3312//669
f  3312//670 3320//612 3317//670
f  3313//421 3320//421 3321//421
f  3321//422 3320//422 3313//422
f  3321//695 3325//746 3316//695
f  3316//696 3325//745 3321//696
f  3317//422 3316//422 3326//422
f  3326//421 3316//421 3317//421
f  3327//880 3318//860 3322//860
f  3322//859 3318//859 3327//879
f  3319//517 3323//463 3328//463
f  3328//464 3323//464 3319//518
f  3324//422 3323//422 3314//422
f  3314//421 3323//421 3324//421
f  3318//860 3327//880 3324//880
f  3324//879 3327//879 3318//859
f  3328//421 3322//421 3319//421
f  3319//422 3322//422 3328//422
f  3320//611 3317//669 3326//611
f  3326//612 3317//670 3320//612
f  3321//421 3320//421 3329//421
f  3329//422 3320//422 3321//422
f  3325//746 3321//695 3330//746
f  3330//745 3321//696 3325//745
f  3326//422 3316//422 3325//422
f  3325//421 3316//421 3326//421
f  3328//421 3327//421 3322//421
f  3322//422 3327//422 3328//422
f  3331//6 3328//463 3323//463
f  3323//464 3328//464 3331//5
f  3323//422 3324//422 3331//422
f  3331//421 3324//421 3323//421
f  3332//6 3324//880 3327//880
f  3327//879 3324//879 3332//5
f  3326//611 3329//573 3320//611
f  3320//612 3329//574 3326//612
f  3321//421 3329//421 3330//421
f  3330//422 3329//422 3321//422
f  3330//746 3333//813 3325//746
f  3325//745 3333//814 3330//745
f  3326//422 3325//422 3334//422
f  3334//421 3325//421 3326//421
f  3327//421 3328//421 3332//421
f  3332//422 3328//422 3327//422
f  3328//463 3331//6 3332//6
f  3332//5 3331//5 3328//464
f  3324//880 3332//6 3331//6
f  3331//5 3332//5 3324//879
f  3329//573 3326//611 3334//573
f  3334//574 3326//612 3329//574
f  3330//421 3329//421 3335//421
f  3335//422 3329//422 3330//422
f  3333//813 3330//746 3336//813
f  3336//814 3330//745 3333//814
f  3334//422 3325//422 3333//422
f  3333//421 3325//421 3334//421
f  3334//573 3335//540 3329//573
f  3329//574 3335//539 3334//574
f  3330//421 3335//421 3336//421
f  3336//422 3335//422 3330//422
f  3337//859 3333//813 3336//813
f  3336//814 3333//814 3337//860
f  3334//422 3333//422 3338//422
f  3338//421 3333//421 3334//421
f  3335//540 3334//573 3338//540
f  3338//539 3334//574 3335//539
f  3336//421 3335//421 3339//421
f  3339//422 3335//422 3336//422
f  3333//813 3337//859 3340//859
f  3340//860 3337//860 3333//814
f  3336//421 3339//421 3337//421
f  3337//422 3339//422 3336//422
f  3338//422 3333//422 3340//422
f  3340//421 3333//421 3338//421
f  3341//518 3335//540 3338//540
f  3338//539 3335//539 3341//517
f  3335//540 3341//518 3339//518
f  3339//517 3341//517 3335//539
f  3342//879 3340//859 3337//859
f  3337//860 3340//860 3342//880
f  3337//421 3339//421 3343//421
f  3343//422 3339//422 3337//422
f  3338//422 3340//422 3341//422
f  3341//421 3340//421 3338//421
f  3344//464 3339//518 3341//518
f  3341//517 3339//517 3344//463
f  3340//859 3342//879 3345//879
f  3345//880 3342//880 3340//860
f  3337//421 3343//421 3342//421
f  3342//422 3343//422 3337//422
f  3339//518 3344//464 3343//464
f  3343//463 3344//463 3339//517
f  3341//422 3340//422 3345//422
f  3345//421 3340//421 3341//421
f  3341//422 3345//422 3344//422
f  3344//421 3345//421 3341//421
f  3346//5 3345//879 3342//879
f  3342//880 3345//880 3346//6
f  3342//421 3343//421 3346//421
f  3346//422 3343//422 3342//422
f  3347//5 3343//464 3344//464
f  3344//463 3343//463 3347//6
f  3344//422 3345//422 3347//422
f  3347//421 3345//421 3344//421
f  3345//879 3346//5 3347//5
f  3347//6 3346//6 3345//880
f  3343//464 3347//5 3346//5
f  3346//6 3347//6 3343//463

# Mesh 'mesh57_mesh57-geometry' with 24 faces
g mesh57_mesh57-geometry
# usemtl material_0_0
l  3324 3318
l  3331 3324
l  3318 3308
l  3323 3331
l  3308 3304
l  3314 3323
l  3304 3309
l  3310 3314
l  3309 3317
l  3302 3310
l  3317 3326
l  3301 3302
l  3326 3334
l  3307 3301
l  3334 3338
l  3316 3307
l  3338 3341
l  3325 3316
l  3341 3344
l  3333 3325
l  3344 3347
l  3340 3333
l  3347 3345
l  3345 3340

# Mesh 'mesh58_mesh58-geometry' with 24 faces
g mesh58_mesh58-geometry
# usemtl material_0_0
l  3328 3332
l  3319 3328
l  3332 3327
l  3305 3319
l  3327 3322
l  3300 3305
l  3322 3315
l  3303 3300
l  3315 3311
l  3313 3303
l  3311 3306
l  3321 3313
l  3306 3312
l  3330 3321
l  3312 3320
l  3336 3330
l  3320 3329
l  3337 3336
l  3329 3335
l  3342 3337
l  3335 3339
l  3346 3342
l  3339 3343
l  3343 3346

# Mesh 'mesh56_mesh56-geometry' with 184 faces
g mesh56_mesh56-geometry
# usemtl material_3_24
f  3348//574 3349//612 3350//574
f  3349//612 3348//574 3351//612
f  3350//573 3349//611 3348//573
f  3351//611 3348//573 3349//611
f  3352//422 3350//422 3349//422
f  3349//421 3350//421 3352//421
f  3350//574 3353//539 3348//574
f  3348//573 3353//540 3350//573
f  3348//421 3354//421 3351//421
f  3351//422 3354//422 3348//422
f  3351//612 3355//670 3349//612
f  3349//611 3355//669 3351//611
f  3356//422 3350//422 3352//422
f  3352//421 3350//421 3356//421
f  3352//422 3349//422 3357//422
f  3357//421 3349//421 3352//421
f  3353//539 3350//574 3358//539
f  3358//540 3350//573 3353//540
f  3353//421 3359//421 3348//421
f  3348//422 3359//422 3353//422
f  3348//421 3359//421 3354//421
f  3354//422 3359//422 3348//422
f  3351//421 3354//421 3360//421
f  3360//422 3354//422 3351//422
f  3355//670 3351//612 3361//670
f  3361//669 3351//611 3355//669
f  3357//422 3349//422 3355//422
f  3355//421 3349//421 3357//421
f  3356//422 3358//422 3350//422
f  3350//421 3358//421 3356//421
f  3359//745 3356//814 3352//745
f  3352//746 3356//813 3359//746
f  3354//696 3352//745 3357//696
f  3357//695 3352//746 3354//695
f  3362//517 3353//539 3358//539
f  3358//540 3353//540 3362//518
f  3353//421 3363//421 3359//421
f  3359//422 3363//422 3353//422
f  3352//745 3354//696 3359//745
f  3359//746 3354//695 3352//746
f  3357//696 3360//669 3354//696
f  3354//695 3360//670 3357//695
f  3351//421 3360//421 3361//421
f  3361//422 3360//422 3351//422
f  3361//670 3364//695 3355//670
f  3355//669 3364//696 3361//669
f  3357//422 3355//422 3365//422
f  3365//421 3355//421 3357//421
f  3366//422 3358//422 3356//422
f  3356//421 3358//421 3366//421
f  3356//814 3359//745 3363//814
f  3363//813 3359//746 3356//813
f  3353//539 3362//517 3367//517
f  3367//518 3362//518 3353//540
f  3366//422 3362//422 3358//422
f  3358//421 3362//421 3366//421
f  3367//421 3363//421 3353//421
f  3353//422 3363//422 3367//422
f  3360//669 3357//696 3365//669
f  3365//670 3357//695 3360//670
f  3361//421 3360//421 3368//421
f  3368//422 3360//422 3361//422
f  3364//695 3361//670 3369//695
f  3369//696 3361//669 3364//696
f  3365//422 3355//422 3364//422
f  3364//421 3355//421 3365//421
f  3356//814 3370//860 3366//860
f  3366//859 3370//859 3356//813
f  3370//860 3356//814 3363//814
f  3363//813 3356//813 3370//859
f  3371//463 3367//517 3362//517
f  3362//518 3367//518 3371//464
f  3372//422 3362//422 3366//422
f  3366//421 3362//421 3372//421
f  3367//421 3370//421 3363//421
f  3363//422 3370//422 3367//422
f  3365//669 3368//611 3360//669
f  3360//670 3368//612 3365//670
f  3361//421 3368//421 3369//421
f  3369//422 3368//422 3361//422
f  3369//695 3373//746 3364//695
f  3364//696 3373//745 3369//696
f  3365//422 3364//422 3374//422
f  3374//421 3364//421 3365//421
f  3375//880 3366//860 3370//860
f  3370//859 3366//859 3375//879
f  3367//517 3371//463 3376//463
f  3376//464 3371//464 3367//518
f  3372//422 3371//422 3362//422
f  3362//421 3371//421 3372//421
f  3366//860 3375//880 3372//880
f  3372//879 3375//879 3366//859
f  3376//421 3370//421 3367//421
f  3367//422 3370//422 3376//422
f  3368//611 3365//669 3374//611
f  3374//612 3365//670 3368//612
f  3369//421 3368//421 3377//421
f  3377//422 3368//422 3369//422
f  3373//746 3369//695 3378//746
f  3378//745 3369//696 3373//745
f  3374//422 3364//422 3373//422
f  3373//421 3364//421 3374//421
f  3376//421 3375//421 3370//421
f  3370//422 3375//422 3376//422
f  3379//6 3376//463 3371//463
f  3371//464 3376//464 3379//5
f  3371//422 3372//422 3379//422
f  3379//421 3372//421 3371//421
f  3380//6 3372//880 3375//880
f  3375//879 3372//879 3380//5
f  3374//611 3377//573 3368//611
f  3368//612 3377//574 3374//612
f  3369//421 3377//421 3378//421
f  3378//422 3377//422 3369//422
f  3378//746 3381//813 3373//746
f  3373//745 3381//814 3378//745
f  3374//422 3373//422 3382//422
f  3382//421 3373//421 3374//421
f  3375//421 3376//421 3380//421
f  3380//422 3376//422 3375//422
f  3376//463 3379//6 3380//6
f  3380//5 3379//5 3376//464
f  3372//880 3380//6 3379//6
f  3379//5 3380//5 3372//879
f  3377//573 3374//611 3382//573
f  3382//574 3374//612 3377//574
f  3378//421 3377//421 3383//421
f  3383//422 3377//422 3378//422
f  3381//813 3378//746 3384//813
f  3384//814 3378//745 3381//814
f  3382//422 3373//422 3381//422
f  3381//421 3373//421 3382//421
f  3382//573 3383//540 3377//573
f  3377//574 3383//539 3382//574
f  3378//421 3383//421 3384//421
f  3384//422 3383//422 3378//422
f  3385//859 3381//813 3384//813
f  3384//814 3381//814 3385//860
f  3382//422 3381//422 3386//422
f  3386//421 3381//421 3382//421
f  3383//540 3382//573 3386//540
f  3386//539 3382//574 3383//539
f  3384//421 3383//421 3387//421
f  3387//422 3383//422 3384//422
f  3381//813 3385//859 3388//859
f  3388//860 3385//860 3381//814
f  3384//421 3387//421 3385//421
f  3385//422 3387//422 3384//422
f  3386//422 3381//422 3388//422
f  3388//421 3381//421 3386//421
f  3389//518 3383//540 3386//540
f  3386//539 3383//539 3389//517
f  3383//540 3389//518 3387//518
f  3387//517 3389//517 3383//539
f  3390//879 3388//859 3385//859
f  3385//860 3388//860 3390//880
f  3385//421 3387//421 3391//421
f  3391//422 3387//422 3385//422
f  3386//422 3388//422 3389//422
f  3389//421 3388//421 3386//421
f  3392//464 3387//518 3389//518
f  3389//517 3387//517 3392//463
f  3388//859 3390//879 3393//879
f  3393//880 3390//880 3388//860
f  3385//421 3391//421 3390//421
f  3390//422 3391//422 3385//422
f  3387//518 3392//464 3391//464
f  3391//463 3392//463 3387//517
f  3389//422 3388//422 3393//422
f  3393//421 3388//421 3389//421
f  3389//422 3393//422 3392//422
f  3392//421 3393//421 3389//421
f  3394//5 3393//879 3390//879
f  3390//880 3393//880 3394//6
f  3390//421 3391//421 3394//421
f  3394//422 3391//422 3390//422
f  3395//5 3391//464 3392//464
f  3392//463 3391//463 3395//6
f  3392//422 3393//422 3395//422
f  3395//421 3393//421 3392//421
f  3393//879 3394//5 3395//5
f  3395//6 3394//6 3393//880
f  3391//464 3395//5 3394//5
f  3394//6 3395//6 3391//463

# Mesh 'mesh57_mesh57-geometry' with 24 faces
g mesh57_mesh57-geometry
# usemtl material_0_0
l  3372 3366
l  3379 3372
l  3366 3356
l  3371 3379
l  3356 3352
l  3362 3371
l  3352 3357
l  3358 3362
l  3357 3365
l  3350 3358
l  3365 3374
l  3349 3350
l  3374 3382
l  3355 3349
l  3382 3386
l  3364 3355
l  3386 3389
l  3373 3364
l  3389 3392
l  3381 3373
l  3392 3395
l  3388 3381
l  3395 3393
l  3393 3388

# Mesh 'mesh58_mesh58-geometry' with 24 faces
g mesh58_mesh58-geometry
# usemtl material_0_0
l  3376 3380
l  3367 3376
l  3380 3375
l  3353 3367
l  3375 3370
l  3348 3353
l  3370 3363
l  3351 3348
l  3363 3359
l  3361 3351
l  3359 3354
l  3369 3361
l  3354 3360
l  3378 3369
l  3360 3368
l  3384 3378
l  3368 3377
l  3385 3384
l  3377 3383
l  3390 3385
l  3383 3387
l  3394 3390
l  3387 3391
l  3391 3394

# Mesh 'mesh56_mesh56-geometry' with 184 faces
g mesh56_mesh56-geometry
# usemtl material_3_24
f  3396//574 3397//612 3398//574
f  3397//612 3396//574 3399//612
f  3398//573 3397//611 3396//573
f  3399//611 3396//573 3397//611
f  3400//422 3398//422 3397//422
f  3397//421 3398//421 3400//421
f  3398//574 3401//539 3396//574
f  3396//573 3401//540 3398//573
f  3396//421 3402//421 3399//421
f  3399//422 3402//422 3396//422
f  3399//612 3403//670 3397//612
f  3397//611 3403//669 3399//611
f  3404//422 3398//422 3400//422
f  3400//421 3398//421 3404//421
f  3400//422 3397//422 3405//422
f  3405//421 3397//421 3400//421
f  3401//539 3398//574 3406//539
f  3406//540 3398//573 3401//540
f  3401//421 3407//421 3396//421
f  3396//422 3407//422 3401//422
f  3396//421 3407//421 3402//421
f  3402//422 3407//422 3396//422
f  3399//421 3402//421 3408//421
f  3408//422 3402//422 3399//422
f  3403//670 3399//612 3409//670
f  3409//669 3399//611 3403//669
f  3405//422 3397//422 3403//422
f  3403//421 3397//421 3405//421
f  3404//422 3406//422 3398//422
f  3398//421 3406//421 3404//421
f  3407//745 3404//814 3400//745
f  3400//746 3404//813 3407//746
f  3402//696 3400//745 3405//696
f  3405//695 3400//746 3402//695
f  3410//517 3401//539 3406//539
f  3406//540 3401//540 3410//518
f  3401//421 3411//421 3407//421
f  3407//422 3411//422 3401//422
f  3400//745 3402//696 3407//745
f  3407//746 3402//695 3400//746
f  3405//696 3408//669 3402//696
f  3402//695 3408//670 3405//695
f  3399//421 3408//421 3409//421
f  3409//422 3408//422 3399//422
f  3409//670 3412//695 3403//670
f  3403//669 3412//696 3409//669
f  3405//422 3403//422 3413//422
f  3413//421 3403//421 3405//421
f  3414//422 3406//422 3404//422
f  3404//421 3406//421 3414//421
f  3404//814 3407//745 3411//814
f  3411//813 3407//746 3404//813
f  3401//539 3410//517 3415//517
f  3415//518 3410//518 3401//540
f  3414//422 3410//422 3406//422
f  3406//421 3410//421 3414//421
f  3415//421 3411//421 3401//421
f  3401//422 3411//422 3415//422
f  3408//669 3405//696 3413//669
f  3413//670 3405//695 3408//670
f  3409//421 3408//421 3416//421
f  3416//422 3408//422 3409//422
f  3412//695 3409//670 3417//695
f  3417//696 3409//669 3412//696
f  3413//422 3403//422 3412//422
f  3412//421 3403//421 3413//421
f  3404//814 3418//860 3414//860
f  3414//859 3418//859 3404//813
f  3418//860 3404//814 3411//814
f  3411//813 3404//813 3418//859
f  3419//463 3415//517 3410//517
f  3410//518 3415//518 3419//464
f  3420//422 3410//422 3414//422
f  3414//421 3410//421 3420//421
f  3415//421 3418//421 3411//421
f  3411//422 3418//422 3415//422
f  3413//669 3416//611 3408//669
f  3408//670 3416//612 3413//670
f  3409//421 3416//421 3417//421
f  3417//422 3416//422 3409//422
f  3417//695 3421//746 3412//695
f  3412//696 3421//745 3417//696
f  3413//422 3412//422 3422//422
f  3422//421 3412//421 3413//421
f  3423//880 3414//860 3418//860
f  3418//859 3414//859 3423//879
f  3415//517 3419//463 3424//463
f  3424//464 3419//464 3415//518
f  3420//422 3419//422 3410//422
f  3410//421 3419//421 3420//421
f  3414//860 3423//880 3420//880
f  3420//879 3423//879 3414//859
f  3424//421 3418//421 3415//421
f  3415//422 3418//422 3424//422
f  3416//611 3413//669 3422//611
f  3422//612 3413//670 3416//612
f  3417//421 3416//421 3425//421
f  3425//422 3416//422 3417//422
f  3421//746 3417//695 3426//746
f  3426//745 3417//696 3421//745
f  3422//422 3412//422 3421//422
f  3421//421 3412//421 3422//421
f  3424//421 3423//421 3418//421
f  3418//422 3423//422 3424//422
f  3427//6 3424//463 3419//463
f  3419//464 3424//464 3427//5
f  3419//422 3420//422 3427//422
f  3427//421 3420//421 3419//421
f  3428//6 3420//880 3423//880
f  3423//879 3420//879 3428//5
f  3422//611 3425//573 3416//611
f  3416//612 3425//574 3422//612
f  3417//421 3425//421 3426//421
f  3426//422 3425//422 3417//422
f  3426//746 3429//813 3421//746
f  3421//745 3429//814 3426//745
f  3422//422 3421//422 3430//422
f  3430//421 3421//421 3422//421
f  3423//421 3424//421 3428//421
f  3428//422 3424//422 3423//422
f  3424//463 3427//6 3428//6
f  3428//5 3427//5 3424//464
f  3420//880 3428//6 3427//6
f  3427//5 3428//5 3420//879
f  3425//573 3422//611 3430//573
f  3430//574 3422//612 3425//574
f  3426//421 3425//421 3431//421
f  3431//422 3425//422 3426//422
f  3429//813 3426//746 3432//813
f  3432//814 3426//745 3429//814
f  3430//422 3421//422 3429//422
f  3429//421 3421//421 3430//421
f  3430//573 3431//540 3425//573
f  3425//574 3431//539 3430//574
f  3426//421 3431//421 3432//421
f  3432//422 3431//422 3426//422
f  3433//859 3429//813 3432//813
f  3432//814 3429//814 3433//860
f  3430//422 3429//422 3434//422
f  3434//421 3429//421 3430//421
f  3431//540 3430//573 3434//540
f  3434//539 3430//574 3431//539
f  3432//421 3431//421 3435//421
f  3435//422 3431//422 3432//422
f  3429//813 3433//859 3436//859
f  3436//860 3433//860 3429//814
f  3432//421 3435//421 3433//421
f  3433//422 3435//422 3432//422
f  3434//422 3429//422 3436//422
f  3436//421 3429//421 3434//421
f  3437//518 3431//540 3434//540
f  3434//539 3431//539 3437//517
f  3431//540 3437//518 3435//518
f  3435//517 3437//517 3431//539
f  3438//879 3436//859 3433//859
f  3433//860 3436//860 3438//880
f  3433//421 3435//421 3439//421
f  3439//422 3435//422 3433//422
f  3434//422 3436//422 3437//422
f  3437//421 3436//421 3434//421
f  3440//464 3435//518 3437//518
f  3437//517 3435//517 3440//463
f  3436//859 3438//879 3441//879
f  3441//880 3438//880 3436//860
f  3433//421 3439//421 3438//421
f  3438//422 3439//422 3433//422
f  3435//518 3440//464 3439//464
f  3439//463 3440//463 3435//517
f  3437//422 3436//422 3441//422
f  3441//421 3436//421 3437//421
f  3437//422 3441//422 3440//422
f  3440//421 3441//421 3437//421
f  3442//5 3441//879 3438//879
f  3438//880 3441//880 3442//6
f  3438//421 3439//421 3442//421
f  3442//422 3439//422 3438//422
f  3443//5 3439//464 3440//464
f  3440//463 3439//463 3443//6
f  3440//422 3441//422 3443//422
f  3443//421 3441//421 3440//421
f  3441//879 3442//5 3443//5
f  3443//6 3442//6 3441//880
f  3439//464 3443//5 3442//5
f  3442//6 3443//6 3439//463

# Mesh 'mesh57_mesh57-geometry' with 24 faces
g mesh57_mesh57-geometry
# usemtl material_0_0
l  3420 3414
l  3427 3420
l  3414 3404
l  3419 3427
l  3404 3400
l  3410 3419
l  3400 3405
l  3406 3410
l  3405 3413
l  3398 3406
l  3413 3422
l  3397 3398
l  3422 3430
l  3403 3397
l  3430 3434
l  3412 3403
l  3434 3437
l  3421 3412
l  3437 3440
l  3429 3421
l  3440 3443
l  3436 3429
l  3443 3441
l  3441 3436

# Mesh 'mesh58_mesh58-geometry' with 24 faces
g mesh58_mesh58-geometry
# usemtl material_0_0
l  3424 3428
l  3415 3424
l  3428 3423
l  3401 3415
l  3423 3418
l  3396 3401
l  3418 3411
l  3399 3396
l  3411 3407
l  3409 3399
l  3407 3402
l  3417 3409
l  3402 3408
l  3426 3417
l  3408 3416
l  3432 3426
l  3416 3425
l  3433 3432
l  3425 3431
l  3438 3433
l  3431 3435
l  3442 3438
l  3435 3439
l  3439 3442

# Mesh 'mesh56_mesh56-geometry' with 184 faces
g mesh56_mesh56-geometry
# usemtl material_3_24
f  3444//574 3445//612 3446//574
f  3445//612 3444//574 3447//612
f  3446//573 3445//611 3444//573
f  3447//611 3444//573 3445//611
f  3448//422 3446//422 3445//422
f  3445//421 3446//421 3448//421
f  3446//574 3449//539 3444//574
f  3444//573 3449//540 3446//573
f  3444//421 3450//421 3447//421
f  3447//422 3450//422 3444//422
f  3447//612 3451//670 3445//612
f  3445//611 3451//669 3447//611
f  3452//422 3446//422 3448//422
f  3448//421 3446//421 3452//421
f  3448//422 3445//422 3453//422
f  3453//421 3445//421 3448//421
f  3449//539 3446//574 3454//539
f  3454//540 3446//573 3449//540
f  3449//421 3455//421 3444//421
f  3444//422 3455//422 3449//422
f  3444//421 3455//421 3450//421
f  3450//422 3455//422 3444//422
f  3447//421 3450//421 3456//421
f  3456//422 3450//422 3447//422
f  3451//670 3447//612 3457//670
f  3457//669 3447//611 3451//669
f  3453//422 3445//422 3451//422
f  3451//421 3445//421 3453//421
f  3452//422 3454//422 3446//422
f  3446//421 3454//421 3452//421
f  3455//745 3452//814 3448//745
f  3448//746 3452//813 3455//746
f  3450//696 3448//745 3453//696
f  3453//695 3448//746 3450//695
f  3458//517 3449//539 3454//539
f  3454//540 3449//540 3458//518
f  3449//421 3459//421 3455//421
f  3455//422 3459//422 3449//422
f  3448//745 3450//696 3455//745
f  3455//746 3450//695 3448//746
f  3453//696 3456//669 3450//696
f  3450//695 3456//670 3453//695
f  3447//421 3456//421 3457//421
f  3457//422 3456//422 3447//422
f  3457//670 3460//695 3451//670
f  3451//669 3460//696 3457//669
f  3453//422 3451//422 3461//422
f  3461//421 3451//421 3453//421
f  3462//422 3454//422 3452//422
f  3452//421 3454//421 3462//421
f  3452//814 3455//745 3459//814
f  3459//813 3455//746 3452//813
f  3449//539 3458//517 3463//517
f  3463//518 3458//518 3449//540
f  3462//422 3458//422 3454//422
f  3454//421 3458//421 3462//421
f  3463//421 3459//421 3449//421
f  3449//422 3459//422 3463//422
f  3456//669 3453//696 3461//669
f  3461//670 3453//695 3456//670
f  3457//421 3456//421 3464//421
f  3464//422 3456//422 3457//422
f  3460//695 3457//670 3465//695
f  3465//696 3457//669 3460//696
f  3461//422 3451//422 3460//422
f  3460//421 3451//421 3461//421
f  3452//814 3466//860 3462//860
f  3462//859 3466//859 3452//813
f  3466//860 3452//814 3459//814
f  3459//813 3452//813 3466//859
f  3467//463 3463//517 3458//517
f  3458//518 3463//518 3467//464
f  3468//422 3458//422 3462//422
f  3462//421 3458//421 3468//421
f  3463//421 3466//421 3459//421
f  3459//422 3466//422 3463//422
f  3461//669 3464//611 3456//669
f  3456//670 3464//612 3461//670
f  3457//421 3464//421 3465//421
f  3465//422 3464//422 3457//422
f  3465//695 3469//746 3460//695
f  3460//696 3469//745 3465//696
f  3461//422 3460//422 3470//422
f  3470//421 3460//421 3461//421
f  3471//880 3462//860 3466//860
f  3466//859 3462//859 3471//879
f  3463//517 3467//463 3472//463
f  3472//464 3467//464 3463//518
f  3468//422 3467//422 3458//422
f  3458//421 3467//421 3468//421
f  3462//860 3471//880 3468//880
f  3468//879 3471//879 3462//859
f  3472//421 3466//421 3463//421
f  3463//422 3466//422 3472//422
f  3464//611 3461//669 3470//611
f  3470//612 3461//670 3464//612
f  3465//421 3464//421 3473//421
f  3473//422 3464//422 3465//422
f  3469//746 3465//695 3474//746
f  3474//745 3465//696 3469//745
f  3470//422 3460//422 3469//422
f  3469//421 3460//421 3470//421
f  3472//421 3471//421 3466//421
f  3466//422 3471//422 3472//422
f  3475//6 3472//463 3467//463
f  3467//464 3472//464 3475//5
f  3467//422 3468//422 3475//422
f  3475//421 3468//421 3467//421
f  3476//6 3468//880 3471//880
f  3471//879 3468//879 3476//5
f  3470//611 3473//573 3464//611
f  3464//612 3473//574 3470//612
f  3465//421 3473//421 3474//421
f  3474//422 3473//422 3465//422
f  3474//746 3477//813 3469//746
f  3469//745 3477//814 3474//745
f  3470//422 3469//422 3478//422
f  3478//421 3469//421 3470//421
f  3471//421 3472//421 3476//421
f  3476//422 3472//422 3471//422
f  3472//463 3475//6 3476//6
f  3476//5 3475//5 3472//464
f  3468//880 3476//6 3475//6
f  3475//5 3476//5 3468//879
f  3473//573 3470//611 3478//573
f  3478//574 3470//612 3473//574
f  3474//421 3473//421 3479//421
f  3479//422 3473//422 3474//422
f  3477//813 3474//746 3480//813
f  3480//814 3474//745 3477//814
f  3478//422 3469//422 3477//422
f  3477//421 3469//421 3478//421
f  3478//573 3479//540 3473//573
f  3473//574 3479//539 3478//574
f  3474//421 3479//421 3480//421
f  3480//422 3479//422 3474//422
f  3481//859 3477//813 3480//813
f  3480//814 3477//814 3481//860
f  3478//422 3477//422 3482//422
f  3482//421 3477//421 3478//421
f  3479//540 3478//573 3482//540
f  3482//539 3478//574 3479//539
f  3480//421 3479//421 3483//421
f  3483//422 3479//422 3480//422
f  3477//813 3481//859 3484//859
f  3484//860 3481//860 3477//814
f  3480//421 3483//421 3481//421
f  3481//422 3483//422 3480//422
f  3482//422 3477//422 3484//422
f  3484//421 3477//421 3482//421
f  3485//518 3479//540 3482//540
f  3482//539 3479//539 3485//517
f  3479//540 3485//518 3483//518
f  3483//517 3485//517 3479//539
f  3486//879 3484//859 3481//859
f  3481//860 3484//860 3486//880
f  3481//421 3483//421 3487//421
f  3487//422 3483//422 3481//422
f  3482//422 3484//422 3485//422
f  3485//421 3484//421 3482//421
f  3488//464 3483//518 3485//518
f  3485//517 3483//517 3488//463
f  3484//859 3486//879 3489//879
f  3489//880 3486//880 3484//860
f  3481//421 3487//421 3486//421
f  3486//422 3487//422 3481//422
f  3483//518 3488//464 3487//464
f  3487//463 3488//463 3483//517
f  3485//422 3484//422 3489//422
f  3489//421 3484//421 3485//421
f  3485//422 3489//422 3488//422
f  3488//421 3489//421 3485//421
f  3490//5 3489//879 3486//879
f  3486//880 3489//880 3490//6
f  3486//421 3487//421 3490//421
f  3490//422 3487//422 3486//422
f  3491//5 3487//464 3488//464
f  3488//463 3487//463 3491//6
f  3488//422 3489//422 3491//422
f  3491//421 3489//421 3488//421
f  3489//879 3490//5 3491//5
f  3491//6 3490//6 3489//880
f  3487//464 3491//5 3490//5
f  3490//6 3491//6 3487//463

# Mesh 'mesh57_mesh57-geometry' with 24 faces
g mesh57_mesh57-geometry
# usemtl material_0_0
l  3468 3462
l  3475 3468
l  3462 3452
l  3467 3475
l  3452 3448
l  3458 3467
l  3448 3453
l  3454 3458
l  3453 3461
l  3446 3454
l  3461 3470
l  3445 3446
l  3470 3478
l  3451 3445
l  3478 3482
l  3460 3451
l  3482 3485
l  3469 3460
l  3485 3488
l  3477 3469
l  3488 3491
l  3484 3477
l  3491 3489
l  3489 3484

# Mesh 'mesh58_mesh58-geometry' with 24 faces
g mesh58_mesh58-geometry
# usemtl material_0_0
l  3472 3476
l  3463 3472
l  3476 3471
l  3449 3463
l  3471 3466
l  3444 3449
l  3466 3459
l  3447 3444
l  3459 3455
l  3457 3447
l  3455 3450
l  3465 3457
l  3450 3456
l  3474 3465
l  3456 3464
l  3480 3474
l  3464 3473
l  3481 3480
l  3473 3479
l  3486 3481
l  3479 3483
l  3490 3486
l  3483 3487
l  3487 3490

# Mesh 'mesh56_mesh56-geometry' with 184 faces
g mesh56_mesh56-geometry
# usemtl material_3_24
f  3492//574 3493//612 3494//574
f  3493//612 3492//574 3495//612
f  3494//573 3493//611 3492//573
f  3495//611 3492//573 3493//611
f  3496//422 3494//422 3493//422
f  3493//421 3494//421 3496//421
f  3494//574 3497//539 3492//574
f  3492//573 3497//540 3494//573
f  3492//421 3498//421 3495//421
f  3495//422 3498//422 3492//422
f  3495//612 3499//670 3493//612
f  3493//611 3499//669 3495//611
f  3500//422 3494//422 3496//422
f  3496//421 3494//421 3500//421
f  3496//422 3493//422 3501//422
f  3501//421 3493//421 3496//421
f  3497//539 3494//574 3502//539
f  3502//540 3494//573 3497//540
f  3497//421 3503//421 3492//421
f  3492//422 3503//422 3497//422
f  3492//421 3503//421 3498//421
f  3498//422 3503//422 3492//422
f  3495//421 3498//421 3504//421
f  3504//422 3498//422 3495//422
f  3499//670 3495//612 3505//670
f  3505//669 3495//611 3499//669
f  3501//422 3493//422 3499//422
f  3499//421 3493//421 3501//421
f  3500//422 3502//422 3494//422
f  3494//421 3502//421 3500//421
f  3503//745 3500//814 3496//745
f  3496//746 3500//813 3503//746
f  3498//696 3496//745 3501//696
f  3501//695 3496//746 3498//695
f  3506//517 3497//539 3502//539
f  3502//540 3497//540 3506//518
f  3497//421 3507//421 3503//421
f  3503//422 3507//422 3497//422
f  3496//745 3498//696 3503//745
f  3503//746 3498//695 3496//746
f  3501//696 3504//669 3498//696
f  3498//695 3504//670 3501//695
f  3495//421 3504//421 3505//421
f  3505//422 3504//422 3495//422
f  3505//670 3508//695 3499//670
f  3499//669 3508//696 3505//669
f  3501//422 3499//422 3509//422
f  3509//421 3499//421 3501//421
f  3510//422 3502//422 3500//422
f  3500//421 3502//421 3510//421
f  3500//814 3503//745 3507//814
f  3507//813 3503//746 3500//813
f  3497//539 3506//517 3511//517
f  3511//518 3506//518 3497//540
f  3510//422 3506//422 3502//422
f  3502//421 3506//421 3510//421
f  3511//421 3507//421 3497//421
f  3497//422 3507//422 3511//422
f  3504//669 3501//696 3509//669
f  3509//670 3501//695 3504//670
f  3505//421 3504//421 3512//421
f  3512//422 3504//422 3505//422
f  3508//695 3505//670 3513//695
f  3513//696 3505//669 3508//696
f  3509//422 3499//422 3508//422
f  3508//421 3499//421 3509//421
f  3500//814 3514//860 3510//860
f  3510//859 3514//859 3500//813
f  3514//860 3500//814 3507//814
f  3507//813 3500//813 3514//859
f  3515//463 3511//517 3506//517
f  3506//518 3511//518 3515//464
f  3516//422 3506//422 3510//422
f  3510//421 3506//421 3516//421
f  3511//421 3514//421 3507//421
f  3507//422 3514//422 3511//422
f  3509//669 3512//611 3504//669
f  3504//670 3512//612 3509//670
f  3505//421 3512//421 3513//421
f  3513//422 3512//422 3505//422
f  3513//695 3517//746 3508//695
f  3508//696 3517//745 3513//696
f  3509//422 3508//422 3518//422
f  3518//421 3508//421 3509//421
f  3519//880 3510//860 3514//860
f  3514//859 3510//859 3519//879
f  3511//517 3515//463 3520//463
f  3520//464 3515//464 3511//518
f  3516//422 3515//422 3506//422
f  3506//421 3515//421 3516//421
f  3510//860 3519//880 3516//880
f  3516//879 3519//879 3510//859
f  3520//421 3514//421 3511//421
f  3511//422 3514//422 3520//422
f  3512//611 3509//669 3518//611
f  3518//612 3509//670 3512//612
f  3513//421 3512//421 3521//421
f  3521//422 3512//422 3513//422
f  3517//746 3513//695 3522//746
f  3522//745 3513//696 3517//745
f  3518//422 3508//422 3517//422
f  3517//421 3508//421 3518//421
f  3520//421 3519//421 3514//421
f  3514//422 3519//422 3520//422
f  3523//6 3520//463 3515//463
f  3515//464 3520//464 3523//5
f  3515//422 3516//422 3523//422
f  3523//421 3516//421 3515//421
f  3524//6 3516//880 3519//880
f  3519//879 3516//879 3524//5
f  3518//611 3521//573 3512//611
f  3512//612 3521//574 3518//612
f  3513//421 3521//421 3522//421
f  3522//422 3521//422 3513//422
f  3522//746 3525//813 3517//746
f  3517//745 3525//814 3522//745
f  3518//422 3517//422 3526//422
f  3526//421 3517//421 3518//421
f  3519//421 3520//421 3524//421
f  3524//422 3520//422 3519//422
f  3520//463 3523//6 3524//6
f  3524//5 3523//5 3520//464
f  3516//880 3524//6 3523//6
f  3523//5 3524//5 3516//879
f  3521//573 3518//611 3526//573
f  3526//574 3518//612 3521//574
f  3522//421 3521//421 3527//421
f  3527//422 3521//422 3522//422
f  3525//813 3522//746 3528//813
f  3528//814 3522//745 3525//814
f  3526//422 3517//422 3525//422
f  3525//421 3517//421 3526//421
f  3526//573 3527//540 3521//573
f  3521//574 3527//539 3526//574
f  3522//421 3527//421 3528//421
f  3528//422 3527//422 3522//422
f  3529//859 3525//813 3528//813
f  3528//814 3525//814 3529//860
f  3526//422 3525//422 3530//422
f  3530//421 3525//421 3526//421
f  3527//540 3526//573 3530//540
f  3530//539 3526//574 3527//539
f  3528//421 3527//421 3531//421
f  3531//422 3527//422 3528//422
f  3525//813 3529//859 3532//859
f  3532//860 3529//860 3525//814
f  3528//421 3531//421 3529//421
f  3529//422 3531//422 3528//422
f  3530//422 3525//422 3532//422
f  3532//421 3525//421 3530//421
f  3533//518 3527//540 3530//540
f  3530//539 3527//539 3533//517
f  3527//540 3533//518 3531//518
f  3531//517 3533//517 3527//539
f  3534//879 3532//859 3529//859
f  3529//860 3532//860 3534//880
f  3529//421 3531//421 3535//421
f  3535//422 3531//422 3529//422
f  3530//422 3532//422 3533//422
f  3533//421 3532//421 3530//421
f  3536//464 3531//518 3533//518
f  3533//517 3531//517 3536//463
f  3532//859 3534//879 3537//879
f  3537//880 3534//880 3532//860
f  3529//421 3535//421 3534//421
f  3534//422 3535//422 3529//422
f  3531//518 3536//464 3535//464
f  3535//463 3536//463 3531//517
f  3533//422 3532//422 3537//422
f  3537//421 3532//421 3533//421
f  3533//422 3537//422 3536//422
f  3536//421 3537//421 3533//421
f  3538//5 3537//879 3534//879
f  3534//880 3537//880 3538//6
f  3534//421 3535//421 3538//421
f  3538//422 3535//422 3534//422
f  3539//5 3535//464 3536//464
f  3536//463 3535//463 3539//6
f  3536//422 3537//422 3539//422
f  3539//421 3537//421 3536//421
f  3537//879 3538//5 3539//5
f  3539//6 3538//6 3537//880
f  3535//464 3539//5 3538//5
f  3538//6 3539//6 3535//463

# Mesh 'mesh57_mesh57-geometry' with 24 faces
g mesh57_mesh57-geometry
# usemtl material_0_0
l  3516 3510
l  3523 3516
l  3510 3500
l  3515 3523
l  3500 3496
l  3506 3515
l  3496 3501
l  3502 3506
l  3501 3509
l  3494 3502
l  3509 3518
l  3493 3494
l  3518 3526
l  3499 3493
l  3526 3530
l  3508 3499
l  3530 3533
l  3517 3508
l  3533 3536
l  3525 3517
l  3536 3539
l  3532 3525
l  3539 3537
l  3537 3532

# Mesh 'mesh58_mesh58-geometry' with 24 faces
g mesh58_mesh58-geometry
# usemtl material_0_0
l  3520 3524
l  3511 3520
l  3524 3519
l  3497 3511
l  3519 3514
l  3492 3497
l  3514 3507
l  3495 3492
l  3507 3503
l  3505 3495
l  3503 3498
l  3513 3505
l  3498 3504
l  3522 3513
l  3504 3512
l  3528 3522
l  3512 3521
l  3529 3528
l  3521 3527
l  3534 3529
l  3527 3531
l  3538 3534
l  3531 3535
l  3535 3538

# Mesh 'mesh56_mesh56-geometry' with 184 faces
g mesh56_mesh56-geometry
# usemtl material_3_24
f  3540//574 3541//612 3542//574
f  3541//612 3540//574 3543//612
f  3542//573 3541//611 3540//573
f  3543//611 3540//573 3541//611
f  3544//422 3542//422 3541//422
f  3541//421 3542//421 3544//421
f  3542//574 3545//539 3540//574
f  3540//573 3545//540 3542//573
f  3540//421 3546//421 3543//421
f  3543//422 3546//422 3540//422
f  3543//612 3547//670 3541//612
f  3541//611 3547//669 3543//611
f  3548//422 3542//422 3544//422
f  3544//421 3542//421 3548//421
f  3544//422 3541//422 3549//422
f  3549//421 3541//421 3544//421
f  3545//539 3542//574 3550//539
f  3550//540 3542//573 3545//540
f  3545//421 3551//421 3540//421
f  3540//422 3551//422 3545//422
f  3540//421 3551//421 3546//421
f  3546//422 3551//422 3540//422
f  3543//421 3546//421 3552//421
f  3552//422 3546//422 3543//422
f  3547//670 3543//612 3553//670
f  3553//669 3543//611 3547//669
f  3549//422 3541//422 3547//422
f  3547//421 3541//421 3549//421
f  3548//422 3550//422 3542//422
f  3542//421 3550//421 3548//421
f  3551//745 3548//814 3544//745
f  3544//746 3548//813 3551//746
f  3546//696 3544//745 3549//696
f  3549//695 3544//746 3546//695
f  3554//517 3545//539 3550//539
f  3550//540 3545//540 3554//518
f  3545//421 3555//421 3551//421
f  3551//422 3555//422 3545//422
f  3544//745 3546//696 3551//745
f  3551//746 3546//695 3544//746
f  3549//696 3552//669 3546//696
f  3546//695 3552//670 3549//695
f  3543//421 3552//421 3553//421
f  3553//422 3552//422 3543//422
f  3553//670 3556//695 3547//670
f  3547//669 3556//696 3553//669
f  3549//422 3547//422 3557//422
f  3557//421 3547//421 3549//421
f  3558//422 3550//422 3548//422
f  3548//421 3550//421 3558//421
f  3548//814 3551//745 3555//814
f  3555//813 3551//746 3548//813
f  3545//539 3554//517 3559//517
f  3559//518 3554//518 3545//540
f  3558//422 3554//422 3550//422
f  3550//421 3554//421 3558//421
f  3559//421 3555//421 3545//421
f  3545//422 3555//422 3559//422
f  3552//669 3549//696 3557//669
f  3557//670 3549//695 3552//670
f  3553//421 3552//421 3560//421
f  3560//422 3552//422 3553//422
f  3556//695 3553//670 3561//695
f  3561//696 3553//669 3556//696
f  3557//422 3547//422 3556//422
f  3556//421 3547//421 3557//421
f  3548//814 3562//860 3558//860
f  3558//859 3562//859 3548//813
f  3562//860 3548//814 3555//814
f  3555//813 3548//813 3562//859
f  3563//463 3559//517 3554//517
f  3554//518 3559//518 3563//464
f  3564//422 3554//422 3558//422
f  3558//421 3554//421 3564//421
f  3559//421 3562//421 3555//421
f  3555//422 3562//422 3559//422
f  3557//669 3560//611 3552//669
f  3552//670 3560//612 3557//670
f  3553//421 3560//421 3561//421
f  3561//422 3560//422 3553//422
f  3561//695 3565//746 3556//695
f  3556//696 3565//745 3561//696
f  3557//422 3556//422 3566//422
f  3566//421 3556//421 3557//421
f  3567//880 3558//860 3562//860
f  3562//859 3558//859 3567//879
f  3559//517 3563//463 3568//463
f  3568//464 3563//464 3559//518
f  3564//422 3563//422 3554//422
f  3554//421 3563//421 3564//421
f  3558//860 3567//880 3564//880
f  3564//879 3567//879 3558//859
f  3568//421 3562//421 3559//421
f  3559//422 3562//422 3568//422
f  3560//611 3557//669 3566//611
f  3566//612 3557//670 3560//612
f  3561//421 3560//421 3569//421
f  3569//422 3560//422 3561//422
f  3565//746 3561//695 3570//746
f  3570//745 3561//696 3565//745
f  3566//422 3556//422 3565//422
f  3565//421 3556//421 3566//421
f  3568//421 3567//421 3562//421
f  3562//422 3567//422 3568//422
f  3571//6 3568//463 3563//463
f  3563//464 3568//464 3571//5
f  3563//422 3564//422 3571//422
f  3571//421 3564//421 3563//421
f  3572//6 3564//880 3567//880
f  3567//879 3564//879 3572//5
f  3566//611 3569//573 3560//611
f  3560//612 3569//574 3566//612
f  3561//421 3569//421 3570//421
f  3570//422 3569//422 3561//422
f  3570//746 3573//813 3565//746
f  3565//745 3573//814 3570//745
f  3566//422 3565//422 3574//422
f  3574//421 3565//421 3566//421
f  3567//421 3568//421 3572//421
f  3572//422 3568//422 3567//422
f  3568//463 3571//6 3572//6
f  3572//5 3571//5 3568//464
f  3564//880 3572//6 3571//6
f  3571//5 3572//5 3564//879
f  3569//573 3566//611 3574//573
f  3574//574 3566//612 3569//574
f  3570//421 3569//421 3575//421
f  3575//422 3569//422 3570//422
f  3573//813 3570//746 3576//813
f  3576//814 3570//745 3573//814
f  3574//422 3565//422 3573//422
f  3573//421 3565//421 3574//421
f  3574//573 3575//540 3569//573
f  3569//574 3575//539 3574//574
f  3570//421 3575//421 3576//421
f  3576//422 3575//422 3570//422
f  3577//859 3573//813 3576//813
f  3576//814 3573//814 3577//860
f  3574//422 3573//422 3578//422
f  3578//421 3573//421 3574//421
f  3575//540 3574//573 3578//540
f  3578//539 3574//574 3575//539
f  3576//421 3575//421 3579//421
f  3579//422 3575//422 3576//422
f  3573//813 3577//859 3580//859
f  3580//860 3577//860 3573//814
f  3576//421 3579//421 3577//421
f  3577//422 3579//422 3576//422
f  3578//422 3573//422 3580//422
f  3580//421 3573//421 3578//421
f  3581//518 3575//540 3578//540
f  3578//539 3575//539 3581//517
f  3575//540 3581//518 3579//518
f  3579//517 3581//517 3575//539
f  3582//879 3580//859 3577//859
f  3577//860 3580//860 3582//880
f  3577//421 3579//421 3583//421
f  3583//422 3579//422 3577//422
f  3578//422 3580//422 3581//422
f  3581//421 3580//421 3578//421
f  3584//464 3579//518 3581//518
f  3581//517 3579//517 3584//463
f  3580//859 3582//879 3585//879
f  3585//880 3582//880 3580//860
f  3577//421 3583//421 3582//421
f  3582//422 3583//422 3577//422
f  3579//518 3584//464 3583//464
f  3583//463 3584//463 3579//517
f  3581//422 3580//422 3585//422
f  3585//421 3580//421 3581//421
f  3581//422 3585//422 3584//422
f  3584//421 3585//421 3581//421
f  3586//5 3585//879 3582//879
f  3582//880 3585//880 3586//6
f  3582//421 3583//421 3586//421
f  3586//422 3583//422 3582//422
f  3587//5 3583//464 3584//464
f  3584//463 3583//463 3587//6
f  3584//422 3585//422 3587//422
f  3587//421 3585//421 3584//421
f  3585//879 3586//5 3587//5
f  3587//6 3586//6 3585//880
f  3583//464 3587//5 3586//5
f  3586//6 3587//6 3583//463

# Mesh 'mesh57_mesh57-geometry' with 24 faces
g mesh57_mesh57-geometry
# usemtl material_0_0
l  3564 3558
l  3571 3564
l  3558 3548
l  3563 3571
l  3548 3544
l  3554 3563
l  3544 3549
l  3550 3554
l  3549 3557
l  3542 3550
l  3557 3566
l  3541 3542
l  3566 3574
l  3547 3541
l  3574 3578
l  3556 3547
l  3578 3581
l  3565 3556
l  3581 3584
l  3573 3565
l  3584 3587
l  3580 3573
l  3587 3585
l  3585 3580

# Mesh 'mesh58_mesh58-geometry' with 24 faces
g mesh58_mesh58-geometry
# usemtl material_0_0
l  3568 3572
l  3559 3568
l  3572 3567
l  3545 3559
l  3567 3562
l  3540 3545
l  3562 3555
l  3543 3540
l  3555 3551
l  3553 3543
l  3551 3546
l  3561 3553
l  3546 3552
l  3570 3561
l  3552 3560
l  3576 3570
l  3560 3569
l  3577 3576
l  3569 3575
l  3582 3577
l  3575 3579
l  3586 3582
l  3579 3583
l  3583 3586

# Mesh 'mesh56_mesh56-geometry' with 184 faces
g mesh56_mesh56-geometry
# usemtl material_3_24
f  3588//574 3589//612 3590//574
f  3589//612 3588//574 3591//612
f  3590//573 3589//611 3588//573
f  3591//611 3588//573 3589//611
f  3592//422 3590//422 3589//422
f  3589//421 3590//421 3592//421
f  3590//574 3593//539 3588//574
f  3588//573 3593//540 3590//573
f  3588//421 3594//421 3591//421
f  3591//422 3594//422 3588//422
f  3591//612 3595//670 3589//612
f  3589//611 3595//669 3591//611
f  3596//422 3590//422 3592//422
f  3592//421 3590//421 3596//421
f  3592//422 3589//422 3597//422
f  3597//421 3589//421 3592//421
f  3593//539 3590//574 3598//539
f  3598//540 3590//573 3593//540
f  3593//421 3599//421 3588//421
f  3588//422 3599//422 3593//422
f  3588//421 3599//421 3594//421
f  3594//422 3599//422 3588//422
f  3591//421 3594//421 3600//421
f  3600//422 3594//422 3591//422
f  3595//670 3591//612 3601//670
f  3601//669 3591//611 3595//669
f  3597//422 3589//422 3595//422
f  3595//421 3589//421 3597//421
f  3596//422 3598//422 3590//422
f  3590//421 3598//421 3596//421
f  3599//745 3596//814 3592//745
f  3592//746 3596//813 3599//746
f  3594//696 3592//745 3597//696
f  3597//695 3592//746 3594//695
f  3602//517 3593//539 3598//539
f  3598//540 3593//540 3602//518
f  3593//421 3603//421 3599//421
f  3599//422 3603//422 3593//422
f  3592//745 3594//696 3599//745
f  3599//746 3594//695 3592//746
f  3597//696 3600//669 3594//696
f  3594//695 3600//670 3597//695
f  3591//421 3600//421 3601//421
f  3601//422 3600//422 3591//422
f  3601//670 3604//695 3595//670
f  3595//669 3604//696 3601//669
f  3597//422 3595//422 3605//422
f  3605//421 3595//421 3597//421
f  3606//422 3598//422 3596//422
f  3596//421 3598//421 3606//421
f  3596//814 3599//745 3603//814
f  3603//813 3599//746 3596//813
f  3593//539 3602//517 3607//517
f  3607//518 3602//518 3593//540
f  3606//422 3602//422 3598//422
f  3598//421 3602//421 3606//421
f  3607//421 3603//421 3593//421
f  3593//422 3603//422 3607//422
f  3600//669 3597//696 3605//669
f  3605//670 3597//695 3600//670
f  3601//421 3600//421 3608//421
f  3608//422 3600//422 3601//422
f  3604//695 3601//670 3609//695
f  3609//696 3601//669 3604//696
f  3605//422 3595//422 3604//422
f  3604//421 3595//421 3605//421
f  3596//814 3610//860 3606//860
f  3606//859 3610//859 3596//813
f  3610//860 3596//814 3603//814
f  3603//813 3596//813 3610//859
f  3611//463 3607//517 3602//517
f  3602//518 3607//518 3611//464
f  3612//422 3602//422 3606//422
f  3606//421 3602//421 3612//421
f  3607//421 3610//421 3603//421
f  3603//422 3610//422 3607//422
f  3605//669 3608//611 3600//669
f  3600//670 3608//612 3605//670
f  3601//421 3608//421 3609//421
f  3609//422 3608//422 3601//422
f  3609//695 3613//746 3604//695
f  3604//696 3613//745 3609//696
f  3605//422 3604//422 3614//422
f  3614//421 3604//421 3605//421
f  3615//880 3606//860 3610//860
f  3610//859 3606//859 3615//879
f  3607//517 3611//463 3616//463
f  3616//464 3611//464 3607//518
f  3612//422 3611//422 3602//422
f  3602//421 3611//421 3612//421
f  3606//860 3615//880 3612//880
f  3612//879 3615//879 3606//859
f  3616//421 3610//421 3607//421
f  3607//422 3610//422 3616//422
f  3608//611 3605//669 3614//611
f  3614//612 3605//670 3608//612
f  3609//421 3608//421 3617//421
f  3617//422 3608//422 3609//422
f  3613//746 3609//695 3618//746
f  3618//745 3609//696 3613//745
f  3614//422 3604//422 3613//422
f  3613//421 3604//421 3614//421
f  3616//421 3615//421 3610//421
f  3610//422 3615//422 3616//422
f  3619//6 3616//463 3611//463
f  3611//464 3616//464 3619//5
f  3611//422 3612//422 3619//422
f  3619//421 3612//421 3611//421
f  3620//6 3612//880 3615//880
f  3615//879 3612//879 3620//5
f  3614//611 3617//573 3608//611
f  3608//612 3617//574 3614//612
f  3609//421 3617//421 3618//421
f  3618//422 3617//422 3609//422
f  3618//746 3621//813 3613//746
f  3613//745 3621//814 3618//745
f  3614//422 3613//422 3622//422
f  3622//421 3613//421 3614//421
f  3615//421 3616//421 3620//421
f  3620//422 3616//422 3615//422
f  3616//463 3619//6 3620//6
f  3620//5 3619//5 3616//464
f  3612//880 3620//6 3619//6
f  3619//5 3620//5 3612//879
f  3617//573 3614//611 3622//573
f  3622//574 3614//612 3617//574
f  3618//421 3617//421 3623//421
f  3623//422 3617//422 3618//422
f  3621//813 3618//746 3624//813
f  3624//814 3618//745 3621//814
f  3622//422 3613//422 3621//422
f  3621//421 3613//421 3622//421
f  3622//573 3623//540 3617//573
f  3617//574 3623//539 3622//574
f  3618//421 3623//421 3624//421
f  3624//422 3623//422 3618//422
f  3625//859 3621//813 3624//813
f  3624//814 3621//814 3625//860
f  3622//422 3621//422 3626//422
f  3626//421 3621//421 3622//421
f  3623//540 3622//573 3626//540
f  3626//539 3622//574 3623//539
f  3624//421 3623//421 3627//421
f  3627//422 3623//422 3624//422
f  3621//813 3625//859 3628//859
f  3628//860 3625//860 3621//814
f  3624//421 3627//421 3625//421
f  3625//422 3627//422 3624//422
f  3626//422 3621//422 3628//422
f  3628//421 3621//421 3626//421
f  3629//518 3623//540 3626//540
f  3626//539 3623//539 3629//517
f  3623//540 3629//518 3627//518
f  3627//517 3629//517 3623//539
f  3630//879 3628//859 3625//859
f  3625//860 3628//860 3630//880
f  3625//421 3627//421 3631//421
f  3631//422 3627//422 3625//422
f  3626//422 3628//422 3629//422
f  3629//421 3628//421 3626//421
f  3632//464 3627//518 3629//518
f  3629//517 3627//517 3632//463
f  3628//859 3630//879 3633//879
f  3633//880 3630//880 3628//860
f  3625//421 3631//421 3630//421
f  3630//422 3631//422 3625//422
f  3627//518 3632//464 3631//464
f  3631//463 3632//463 3627//517
f  3629//422 3628//422 3633//422
f  3633//421 3628//421 3629//421
f  3629//422 3633//422 3632//422
f  3632//421 3633//421 3629//421
f  3634//5 3633//879 3630//879
f  3630//880 3633//880 3634//6
f  3630//421 3631//421 3634//421
f  3634//422 3631//422 3630//422
f  3635//5 3631//464 3632//464
f  3632//463 3631//463 3635//6
f  3632//422 3633//422 3635//422
f  3635//421 3633//421 3632//421
f  3633//879 3634//5 3635//5
f  3635//6 3634//6 3633//880
f  3631//464 3635//5 3634//5
f  3634//6 3635//6 3631//463

# Mesh 'mesh57_mesh57-geometry' with 24 faces
g mesh57_mesh57-geometry
# usemtl material_0_0
l  3612 3606
l  3619 3612
l  3606 3596
l  3611 3619
l  3596 3592
l  3602 3611
l  3592 3597
l  3598 3602
l  3597 3605
l  3590 3598
l  3605 3614
l  3589 3590
l  3614 3622
l  3595 3589
l  3622 3626
l  3604 3595
l  3626 3629
l  3613 3604
l  3629 3632
l  3621 3613
l  3632 3635
l  3628 3621
l  3635 3633
l  3633 3628

# Mesh 'mesh58_mesh58-geometry' with 24 faces
g mesh58_mesh58-geometry
# usemtl material_0_0
l  3616 3620
l  3607 3616
l  3620 3615
l  3593 3607
l  3615 3610
l  3588 3593
l  3610 3603
l  3591 3588
l  3603 3599
l  3601 3591
l  3599 3594
l  3609 3601
l  3594 3600
l  3618 3609
l  3600 3608
l  3624 3618
l  3608 3617
l  3625 3624
l  3617 3623
l  3630 3625
l  3623 3627
l  3634 3630
l  3627 3631
l  3631 3634

# Mesh 'mesh56_mesh56-geometry' with 184 faces
g mesh56_mesh56-geometry
# usemtl material_3_24
f  3636//574 3637//612 3638//574
f  3637//612 3636//574 3639//612
f  3638//573 3637//611 3636//573
f  3639//611 3636//573 3637//611
f  3640//422 3638//422 3637//422
f  3637//421 3638//421 3640//421
f  3638//574 3641//539 3636//574
f  3636//573 3641//540 3638//573
f  3636//421 3642//421 3639//421
f  3639//422 3642//422 3636//422
f  3639//612 3643//670 3637//612
f  3637//611 3643//669 3639//611
f  3644//422 3638//422 3640//422
f  3640//421 3638//421 3644//421
f  3640//422 3637//422 3645//422
f  3645//421 3637//421 3640//421
f  3641//539 3638//574 3646//539
f  3646//540 3638//573 3641//540
f  3641//421 3647//421 3636//421
f  3636//422 3647//422 3641//422
f  3636//421 3647//421 3642//421
f  3642//422 3647//422 3636//422
f  3639//421 3642//421 3648//421
f  3648//422 3642//422 3639//422
f  3643//670 3639//612 3649//670
f  3649//669 3639//611 3643//669
f  3645//422 3637//422 3643//422
f  3643//421 3637//421 3645//421
f  3644//422 3646//422 3638//422
f  3638//421 3646//421 3644//421
f  3647//745 3644//814 3640//745
f  3640//746 3644//813 3647//746
f  3642//696 3640//745 3645//696
f  3645//695 3640//746 3642//695
f  3650//517 3641//539 3646//539
f  3646//540 3641//540 3650//518
f  3641//421 3651//421 3647//421
f  3647//422 3651//422 3641//422
f  3640//745 3642//696 3647//745
f  3647//746 3642//695 3640//746
f  3645//696 3648//669 3642//696
f  3642//695 3648//670 3645//695
f  3639//421 3648//421 3649//421
f  3649//422 3648//422 3639//422
f  3649//670 3652//695 3643//670
f  3643//669 3652//696 3649//669
f  3645//422 3643//422 3653//422
f  3653//421 3643//421 3645//421
f  3654//422 3646//422 3644//422
f  3644//421 3646//421 3654//421
f  3644//814 3647//745 3651//814
f  3651//813 3647//746 3644//813
f  3641//539 3650//517 3655//517
f  3655//518 3650//518 3641//540
f  3654//422 3650//422 3646//422
f  3646//421 3650//421 3654//421
f  3655//421 3651//421 3641//421
f  3641//422 3651//422 3655//422
f  3648//669 3645//696 3653//669
f  3653//670 3645//695 3648//670
f  3649//421 3648//421 3656//421
f  3656//422 3648//422 3649//422
f  3652//695 3649//670 3657//695
f  3657//696 3649//669 3652//696
f  3653//422 3643//422 3652//422
f  3652//421 3643//421 3653//421
f  3644//814 3658//860 3654//860
f  3654//859 3658//859 3644//813
f  3658//860 3644//814 3651//814
f  3651//813 3644//813 3658//859
f  3659//463 3655//517 3650//517
f  3650//518 3655//518 3659//464
f  3660//422 3650//422 3654//422
f  3654//421 3650//421 3660//421
f  3655//421 3658//421 3651//421
f  3651//422 3658//422 3655//422
f  3653//669 3656//611 3648//669
f  3648//670 3656//612 3653//670
f  3649//421 3656//421 3657//421
f  3657//422 3656//422 3649//422
f  3657//695 3661//746 3652//695
f  3652//696 3661//745 3657//696
f  3653//422 3652//422 3662//422
f  3662//421 3652//421 3653//421
f  3663//880 3654//860 3658//860
f  3658//859 3654//859 3663//879
f  3655//517 3659//463 3664//463
f  3664//464 3659//464 3655//518
f  3660//422 3659//422 3650//422
f  3650//421 3659//421 3660//421
f  3654//860 3663//880 3660//880
f  3660//879 3663//879 3654//859
f  3664//421 3658//421 3655//421
f  3655//422 3658//422 3664//422
f  3656//611 3653//669 3662//611
f  3662//612 3653//670 3656//612
f  3657//421 3656//421 3665//421
f  3665//422 3656//422 3657//422
f  3661//746 3657//695 3666//746
f  3666//745 3657//696 3661//745
f  3662//422 3652//422 3661//422
f  3661//421 3652//421 3662//421
f  3664//421 3663//421 3658//421
f  3658//422 3663//422 3664//422
f  3667//6 3664//463 3659//463
f  3659//464 3664//464 3667//5
f  3659//422 3660//422 3667//422
f  3667//421 3660//421 3659//421
f  3668//6 3660//880 3663//880
f  3663//879 3660//879 3668//5
f  3662//611 3665//573 3656//611
f  3656//612 3665//574 3662//612
f  3657//421 3665//421 3666//421
f  3666//422 3665//422 3657//422
f  3666//746 3669//813 3661//746
f  3661//745 3669//814 3666//745
f  3662//422 3661//422 3670//422
f  3670//421 3661//421 3662//421
f  3663//421 3664//421 3668//421
f  3668//422 3664//422 3663//422
f  3664//463 3667//6 3668//6
f  3668//5 3667//5 3664//464
f  3660//880 3668//6 3667//6
f  3667//5 3668//5 3660//879
f  3665//573 3662//611 3670//573
f  3670//574 3662//612 3665//574
f  3666//421 3665//421 3671//421
f  3671//422 3665//422 3666//422
f  3669//813 3666//746 3672//813
f  3672//814 3666//745 3669//814
f  3670//422 3661//422 3669//422
f  3669//421 3661//421 3670//421
f  3670//573 3671//540 3665//573
f  3665//574 3671//539 3670//574
f  3666//421 3671//421 3672//421
f  3672//422 3671//422 3666//422
f  3673//859 3669//813 3672//813
f  3672//814 3669//814 3673//860
f  3670//422 3669//422 3674//422
f  3674//421 3669//421 3670//421
f  3671//540 3670//573 3674//540
f  3674//539 3670//574 3671//539
f  3672//421 3671//421 3675//421
f  3675//422 3671//422 3672//422
f  3669//813 3673//859 3676//859
f  3676//860 3673//860 3669//814
f  3672//421 3675//421 3673//421
f  3673//422 3675//422 3672//422
f  3674//422 3669//422 3676//422
f  3676//421 3669//421 3674//421
f  3677//518 3671//540 3674//540
f  3674//539 3671//539 3677//517
f  3671//540 3677//518 3675//518
f  3675//517 3677//517 3671//539
f  3678//879 3676//859 3673//859
f  3673//860 3676//860 3678//880
f  3673//421 3675//421 3679//421
f  3679//422 3675//422 3673//422
f  3674//422 3676//422 3677//422
f  3677//421 3676//421 3674//421
f  3680//464 3675//518 3677//518
f  3677//517 3675//517 3680//463
f  3676//859 3678//879 3681//879
f  3681//880 3678//880 3676//860
f  3673//421 3679//421 3678//421
f  3678//422 3679//422 3673//422
f  3675//518 3680//464 3679//464
f  3679//463 3680//463 3675//517
f  3677//422 3676//422 3681//422
f  3681//421 3676//421 3677//421
f  3677//422 3681//422 3680//422
f  3680//421 3681//421 3677//421
f  3682//5 3681//879 3678//879
f  3678//880 3681//880 3682//6
f  3678//421 3679//421 3682//421
f  3682//422 3679//422 3678//422
f  3683//5 3679//464 3680//464
f  3680//463 3679//463 3683//6
f  3680//422 3681//422 3683//422
f  3683//421 3681//421 3680//421
f  3681//879 3682//5 3683//5
f  3683//6 3682//6 3681//880
f  3679//464 3683//5 3682//5
f  3682//6 3683//6 3679//463

# Mesh 'mesh57_mesh57-geometry' with 24 faces
g mesh57_mesh57-geometry
# usemtl material_0_0
l  3660 3654
l  3667 3660
l  3654 3644
l  3659 3667
l  3644 3640
l  3650 3659
l  3640 3645
l  3646 3650
l  3645 3653
l  3638 3646
l  3653 3662
l  3637 3638
l  3662 3670
l  3643 3637
l  3670 3674
l  3652 3643
l  3674 3677
l  3661 3652
l  3677 3680
l  3669 3661
l  3680 3683
l  3676 3669
l  3683 3681
l  3681 3676

# Mesh 'mesh58_mesh58-geometry' with 24 faces
g mesh58_mesh58-geometry
# usemtl material_0_0
l  3664 3668
l  3655 3664
l  3668 3663
l  3641 3655
l  3663 3658
l  3636 3641
l  3658 3651
l  3639 3636
l  3651 3647
l  3649 3639
l  3647 3642
l  3657 3649
l  3642 3648
l  3666 3657
l  3648 3656
l  3672 3666
l  3656 3665
l  3673 3672
l  3665 3671
l  3678 3673
l  3671 3675
l  3682 3678
l  3675 3679
l  3679 3682

# Mesh 'mesh56_mesh56-geometry' with 184 faces
g mesh56_mesh56-geometry
# usemtl material_3_24
f  3684//574 3685//612 3686//574
f  3685//612 3684//574 3687//612
f  3686//573 3685//611 3684//573
f  3687//611 3684//573 3685//611
f  3688//422 3686//422 3685//422
f  3685//421 3686//421 3688//421
f  3686//574 3689//539 3684//574
f  3684//573 3689//540 3686//573
f  3684//421 3690//421 3687//421
f  3687//422 3690//422 3684//422
f  3687//612 3691//670 3685//612
f  3685//611 3691//669 3687//611
f  3692//422 3686//422 3688//422
f  3688//421 3686//421 3692//421
f  3688//422 3685//422 3693//422
f  3693//421 3685//421 3688//421
f  3689//539 3686//574 3694//539
f  3694//540 3686//573 3689//540
f  3689//421 3695//421 3684//421
f  3684//422 3695//422 3689//422
f  3684//421 3695//421 3690//421
f  3690//422 3695//422 3684//422
f  3687//421 3690//421 3696//421
f  3696//422 3690//422 3687//422
f  3691//670 3687//612 3697//670
f  3697//669 3687//611 3691//669
f  3693//422 3685//422 3691//422
f  3691//421 3685//421 3693//421
f  3692//422 3694//422 3686//422
f  3686//421 3694//421 3692//421
f  3695//745 3692//814 3688//745
f  3688//746 3692//813 3695//746
f  3690//696 3688//745 3693//696
f  3693//695 3688//746 3690//695
f  3698//517 3689//539 3694//539
f  3694//540 3689//540 3698//518
f  3689//421 3699//421 3695//421
f  3695//422 3699//422 3689//422
f  3688//745 3690//696 3695//745
f  3695//746 3690//695 3688//746
f  3693//696 3696//669 3690//696
f  3690//695 3696//670 3693//695
f  3687//421 3696//421 3697//421
f  3697//422 3696//422 3687//422
f  3697//670 3700//695 3691//670
f  3691//669 3700//696 3697//669
f  3693//422 3691//422 3701//422
f  3701//421 3691//421 3693//421
f  3702//422 3694//422 3692//422
f  3692//421 3694//421 3702//421
f  3692//814 3695//745 3699//814
f  3699//813 3695//746 3692//813
f  3689//539 3698//517 3703//517
f  3703//518 3698//518 3689//540
f  3702//422 3698//422 3694//422
f  3694//421 3698//421 3702//421
f  3703//421 3699//421 3689//421
f  3689//422 3699//422 3703//422
f  3696//669 3693//696 3701//669
f  3701//670 3693//695 3696//670
f  3697//421 3696//421 3704//421
f  3704//422 3696//422 3697//422
f  3700//695 3697//670 3705//695
f  3705//696 3697//669 3700//696
f  3701//422 3691//422 3700//422
f  3700//421 3691//421 3701//421
f  3692//814 3706//860 3702//860
f  3702//859 3706//859 3692//813
f  3706//860 3692//814 3699//814
f  3699//813 3692//813 3706//859
f  3707//463 3703//517 3698//517
f  3698//518 3703//518 3707//464
f  3708//422 3698//422 3702//422
f  3702//421 3698//421 3708//421
f  3703//421 3706//421 3699//421
f  3699//422 3706//422 3703//422
f  3701//669 3704//611 3696//669
f  3696//670 3704//612 3701//670
f  3697//421 3704//421 3705//421
f  3705//422 3704//422 3697//422
f  3705//695 3709//746 3700//695
f  3700//696 3709//745 3705//696
f  3701//422 3700//422 3710//422
f  3710//421 3700//421 3701//421
f  3711//880 3702//860 3706//860
f  3706//859 3702//859 3711//879
f  3703//517 3707//463 3712//463
f  3712//464 3707//464 3703//518
f  3708//422 3707//422 3698//422
f  3698//421 3707//421 3708//421
f  3702//860 3711//880 3708//880
f  3708//879 3711//879 3702//859
f  3712//421 3706//421 3703//421
f  3703//422 3706//422 3712//422
f  3704//611 3701//669 3710//611
f  3710//612 3701//670 3704//612
f  3705//421 3704//421 3713//421
f  3713//422 3704//422 3705//422
f  3709//746 3705//695 3714//746
f  3714//745 3705//696 3709//745
f  3710//422 3700//422 3709//422
f  3709//421 3700//421 3710//421
f  3712//421 3711//421 3706//421
f  3706//422 3711//422 3712//422
f  3715//6 3712//463 3707//463
f  3707//464 3712//464 3715//5
f  3707//422 3708//422 3715//422
f  3715//421 3708//421 3707//421
f  3716//6 3708//880 3711//880
f  3711//879 3708//879 3716//5
f  3710//611 3713//573 3704//611
f  3704//612 3713//574 3710//612
f  3705//421 3713//421 3714//421
f  3714//422 3713//422 3705//422
f  3714//746 3717//813 3709//746
f  3709//745 3717//814 3714//745
f  3710//422 3709//422 3718//422
f  3718//421 3709//421 3710//421
f  3711//421 3712//421 3716//421
f  3716//422 3712//422 3711//422
f  3712//463 3715//6 3716//6
f  3716//5 3715//5 3712//464
f  3708//880 3716//6 3715//6
f  3715//5 3716//5 3708//879
f  3713//573 3710//611 3718//573
f  3718//574 3710//612 3713//574
f  3714//421 3713//421 3719//421
f  3719//422 3713//422 3714//422
f  3717//813 3714//746 3720//813
f  3720//814 3714//745 3717//814
f  3718//422 3709//422 3717//422
f  3717//421 3709//421 3718//421
f  3718//573 3719//540 3713//573
f  3713//574 3719//539 3718//574
f  3714//421 3719//421 3720//421
f  3720//422 3719//422 3714//422
f  3721//859 3717//813 3720//813
f  3720//814 3717//814 3721//860
f  3718//422 3717//422 3722//422
f  3722//421 3717//421 3718//421
f  3719//540 3718//573 3722//540
f  3722//539 3718//574 3719//539
f  3720//421 3719//421 3723//421
f  3723//422 3719//422 3720//422
f  3717//813 3721//859 3724//859
f  3724//860 3721//860 3717//814
f  3720//421 3723//421 3721//421
f  3721//422 3723//422 3720//422
f  3722//422 3717//422 3724//422
f  3724//421 3717//421 3722//421
f  3725//518 3719//540 3722//540
f  3722//539 3719//539 3725//517
f  3719//540 3725//518 3723//518
f  3723//517 3725//517 3719//539
f  3726//879 3724//859 3721//859
f  3721//860 3724//860 3726//880
f  3721//421 3723//421 3727//421
f  3727//422 3723//422 3721//422
f  3722//422 3724//422 3725//422
f  3725//421 3724//421 3722//421
f  3728//464 3723//518 3725//518
f  3725//517 3723//517 3728//463
f  3724//859 3726//879 3729//879
f  3729//880 3726//880 3724//860
f  3721//421 3727//421 3726//421
f  3726//422 3727//422 3721//422
f  3723//518 3728//464 3727//464
f  3727//463 3728//463 3723//517
f  3725//422 3724//422 3729//422
f  3729//421 3724//421 3725//421
f  3725//422 3729//422 3728//422
f  3728//421 3729//421 3725//421
f  3730//5 3729//879 3726//879
f  3726//880 3729//880 3730//6
f  3726//421 3727//421 3730//421
f  3730//422 3727//422 3726//422
f  3731//5 3727//464 3728//464
f  3728//463 3727//463 3731//6
f  3728//422 3729//422 3731//422
f  3731//421 3729//421 3728//421
f  3729//879 3730//5 3731//5
f  3731//6 3730//6 3729//880
f  3727//464 3731//5 3730//5
f  3730//6 3731//6 3727//463

# Mesh 'mesh57_mesh57-geometry' with 24 faces
g mesh57_mesh57-geometry
# usemtl material_0_0
l  3708 3702
l  3715 3708
l  3702 3692
l  3707 3715
l  3692 3688
l  3698 3707
l  3688 3693
l  3694 3698
l  3693 3701
l  3686 3694
l  3701 3710
l  3685 3686
l  3710 3718
l  3691 3685
l  3718 3722
l  3700 3691
l  3722 3725
l  3709 3700
l  3725 3728
l  3717 3709
l  3728 3731
l  3724 3717
l  3731 3729
l  3729 3724

# Mesh 'mesh58_mesh58-geometry' with 24 faces
g mesh58_mesh58-geometry
# usemtl material_0_0
l  3712 3716
l  3703 3712
l  3716 3711
l  3689 3703
l  3711 3706
l  3684 3689
l  3706 3699
l  3687 3684
l  3699 3695
l  3697 3687
l  3695 3690
l  3705 3697
l  3690 3696
l  3714 3705
l  3696 3704
l  3720 3714
l  3704 3713
l  3721 3720
l  3713 3719
l  3726 3721
l  3719 3723
l  3730 3726
l  3723 3727
l  3727 3730

# Mesh 'mesh56_mesh56-geometry' with 184 faces
g mesh56_mesh56-geometry
# usemtl material_3_24
f  3732//574 3733//612 3734//574
f  3733//612 3732//574 3735//612
f  3734//573 3733//611 3732//573
f  3735//611 3732//573 3733//611
f  3736//422 3734//422 3733//422
f  3733//421 3734//421 3736//421
f  3734//574 3737//539 3732//574
f  3732//573 3737//540 3734//573
f  3732//421 3738//421 3735//421
f  3735//422 3738//422 3732//422
f  3735//612 3739//670 3733//612
f  3733//611 3739//669 3735//611
f  3740//422 3734//422 3736//422
f  3736//421 3734//421 3740//421
f  3736//422 3733//422 3741//422
f  3741//421 3733//421 3736//421
f  3737//539 3734//574 3742//539
f  3742//540 3734//573 3737//540
f  3737//421 3743//421 3732//421
f  3732//422 3743//422 3737//422
f  3732//421 3743//421 3738//421
f  3738//422 3743//422 3732//422
f  3735//421 3738//421 3744//421
f  3744//422 3738//422 3735//422
f  3739//670 3735//612 3745//670
f  3745//669 3735//611 3739//669
f  3741//422 3733//422 3739//422
f  3739//421 3733//421 3741//421
f  3740//422 3742//422 3734//422
f  3734//421 3742//421 3740//421
f  3743//745 3740//814 3736//745
f  3736//746 3740//813 3743//746
f  3738//696 3736//745 3741//696
f  3741//695 3736//746 3738//695
f  3746//517 3737//539 3742//539
f  3742//540 3737//540 3746//518
f  3737//421 3747//421 3743//421
f  3743//422 3747//422 3737//422
f  3736//745 3738//696 3743//745
f  3743//746 3738//695 3736//746
f  3741//696 3744//669 3738//696
f  3738//695 3744//670 3741//695
f  3735//421 3744//421 3745//421
f  3745//422 3744//422 3735//422
f  3745//670 3748//695 3739//670
f  3739//669 3748//696 3745//669
f  3741//422 3739//422 3749//422
f  3749//421 3739//421 3741//421
f  3750//422 3742//422 3740//422
f  3740//421 3742//421 3750//421
f  3740//814 3743//745 3747//814
f  3747//813 3743//746 3740//813
f  3737//539 3746//517 3751//517
f  3751//518 3746//518 3737//540
f  3750//422 3746//422 3742//422
f  3742//421 3746//421 3750//421
f  3751//421 3747//421 3737//421
f  3737//422 3747//422 3751//422
f  3744//669 3741//696 3749//669
f  3749//670 3741//695 3744//670
f  3745//421 3744//421 3752//421
f  3752//422 3744//422 3745//422
f  3748//695 3745//670 3753//695
f  3753//696 3745//669 3748//696
f  3749//422 3739//422 3748//422
f  3748//421 3739//421 3749//421
f  3740//814 3754//860 3750//860
f  3750//859 3754//859 3740//813
f  3754//860 3740//814 3747//814
f  3747//813 3740//813 3754//859
f  3755//463 3751//517 3746//517
f  3746//518 3751//518 3755//464
f  3756//422 3746//422 3750//422
f  3750//421 3746//421 3756//421
f  3751//421 3754//421 3747//421
f  3747//422 3754//422 3751//422
f  3749//669 3752//611 3744//669
f  3744//670 3752//612 3749//670
f  3745//421 3752//421 3753//421
f  3753//422 3752//422 3745//422
f  3753//695 3757//746 3748//695
f  3748//696 3757//745 3753//696
f  3749//422 3748//422 3758//422
f  3758//421 3748//421 3749//421
f  3759//880 3750//860 3754//860
f  3754//859 3750//859 3759//879
f  3751//517 3755//463 3760//463
f  3760//464 3755//464 3751//518
f  3756//422 3755//422 3746//422
f  3746//421 3755//421 3756//421
f  3750//860 3759//880 3756//880
f  3756//879 3759//879 3750//859
f  3760//421 3754//421 3751//421
f  3751//422 3754//422 3760//422
f  3752//611 3749//669 3758//611
f  3758//612 3749//670 3752//612
f  3753//421 3752//421 3761//421
f  3761//422 3752//422 3753//422
f  3757//746 3753//695 3762//746
f  3762//745 3753//696 3757//745
f  3758//422 3748//422 3757//422
f  3757//421 3748//421 3758//421
f  3760//421 3759//421 3754//421
f  3754//422 3759//422 3760//422
f  3763//6 3760//463 3755//463
f  3755//464 3760//464 3763//5
f  3755//422 3756//422 3763//422
f  3763//421 3756//421 3755//421
f  3764//6 3756//880 3759//880
f  3759//879 3756//879 3764//5
f  3758//611 3761//573 3752//611
f  3752//612 3761//574 3758//612
f  3753//421 3761//421 3762//421
f  3762//422 3761//422 3753//422
f  3762//746 3765//813 3757//746
f  3757//745 3765//814 3762//745
f  3758//422 3757//422 3766//422
f  3766//421 3757//421 3758//421
f  3759//421 3760//421 3764//421
f  3764//422 3760//422 3759//422
f  3760//463 3763//6 3764//6
f  3764//5 3763//5 3760//464
f  3756//880 3764//6 3763//6
f  3763//5 3764//5 3756//879
f  3761//573 3758//611 3766//573
f  3766//574 3758//612 3761//574
f  3762//421 3761//421 3767//421
f  3767//422 3761//422 3762//422
f  3765//813 3762//746 3768//813
f  3768//814 3762//745 3765//814
f  3766//422 3757//422 3765//422
f  3765//421 3757//421 3766//421
f  3766//573 3767//540 3761//573
f  3761//574 3767//539 3766//574
f  3762//421 3767//421 3768//421
f  3768//422 3767//422 3762//422
f  3769//859 3765//813 3768//813
f  3768//814 3765//814 3769//860
f  3766//422 3765//422 3770//422
f  3770//421 3765//421 3766//421
f  3767//540 3766//573 3770//540
f  3770//539 3766//574 3767//539
f  3768//421 3767//421 3771//421
f  3771//422 3767//422 3768//422
f  3765//813 3769//859 3772//859
f  3772//860 3769//860 3765//814
f  3768//421 3771//421 3769//421
f  3769//422 3771//422 3768//422
f  3770//422 3765//422 3772//422
f  3772//421 3765//421 3770//421
f  3773//518 3767//540 3770//540
f  3770//539 3767//539 3773//517
f  3767//540 3773//518 3771//518
f  3771//517 3773//517 3767//539
f  3774//879 3772//859 3769//859
f  3769//860 3772//860 3774//880
f  3769//421 3771//421 3775//421
f  3775//422 3771//422 3769//422
f  3770//422 3772//422 3773//422
f  3773//421 3772//421 3770//421
f  3776//464 3771//518 3773//518
f  3773//517 3771//517 3776//463
f  3772//859 3774//879 3777//879
f  3777//880 3774//880 3772//860
f  3769//421 3775//421 3774//421
f  3774//422 3775//422 3769//422
f  3771//518 3776//464 3775//464
f  3775//463 3776//463 3771//517
f  3773//422 3772//422 3777//422
f  3777//421 3772//421 3773//421
f  3773//422 3777//422 3776//422
f  3776//421 3777//421 3773//421
f  3778//5 3777//879 3774//879
f  3774//880 3777//880 3778//6
f  3774//421 3775//421 3778//421
f  3778//422 3775//422 3774//422
f  3779//5 3775//464 3776//464
f  3776//463 3775//463 3779//6
f  3776//422 3777//422 3779//422
f  3779//421 3777//421 3776//421
f  3777//879 3778//5 3779//5
f  3779//6 3778//6 3777//880
f  3775//464 3779//5 3778//5
f  3778//6 3779//6 3775//463

# Mesh 'mesh57_mesh57-geometry' with 24 faces
g mesh57_mesh57-geometry
# usemtl material_0_0
l  3756 3750
l  3763 3756
l  3750 3740
l  3755 3763
l  3740 3736
l  3746 3755
l  3736 3741
l  3742 3746
l  3741 3749
l  3734 3742
l  3749 3758
l  3733 3734
l  3758 3766
l  3739 3733
l  3766 3770
l  3748 3739
l  3770 3773
l  3757 3748
l  3773 3776
l  3765 3757
l  3776 3779
l  3772 3765
l  3779 3777
l  3777 3772

# Mesh 'mesh58_mesh58-geometry' with 24 faces
g mesh58_mesh58-geometry
# usemtl material_0_0
l  3760 3764
l  3751 3760
l  3764 3759
l  3737 3751
l  3759 3754
l  3732 3737
l  3754 3747
l  3735 3732
l  3747 3743
l  3745 3735
l  3743 3738
l  3753 3745
l  3738 3744
l  3762 3753
l  3744 3752
l  3768 3762
l  3752 3761
l  3769 3768
l  3761 3767
l  3774 3769
l  3767 3771
l  3778 3774
l  3771 3775
l  3775 3778

# Mesh 'mesh56_mesh56-geometry' with 184 faces
g mesh56_mesh56-geometry
# usemtl material_3_24
f  3780//574 3781//612 3782//574
f  3781//612 3780//574 3783//612
f  3782//573 3781//611 3780//573
f  3783//611 3780//573 3781//611
f  3784//422 3782//422 3781//422
f  3781//421 3782//421 3784//421
f  3782//574 3785//539 3780//574
f  3780//573 3785//540 3782//573
f  3780//421 3786//421 3783//421
f  3783//422 3786//422 3780//422
f  3783//612 3787//670 3781//612
f  3781//611 3787//669 3783//611
f  3788//422 3782//422 3784//422
f  3784//421 3782//421 3788//421
f  3784//422 3781//422 3789//422
f  3789//421 3781//421 3784//421
f  3785//539 3782//574 3790//539
f  3790//540 3782//573 3785//540
f  3785//421 3791//421 3780//421
f  3780//422 3791//422 3785//422
f  3780//421 3791//421 3786//421
f  3786//422 3791//422 3780//422
f  3783//421 3786//421 3792//421
f  3792//422 3786//422 3783//422
f  3787//670 3783//612 3793//670
f  3793//669 3783//611 3787//669
f  3789//422 3781//422 3787//422
f  3787//421 3781//421 3789//421
f  3788//422 3790//422 3782//422
f  3782//421 3790//421 3788//421
f  3791//745 3788//814 3784//745
f  3784//746 3788//813 3791//746
f  3786//696 3784//745 3789//696
f  3789//695 3784//746 3786//695
f  3794//517 3785//539 3790//539
f  3790//540 3785//540 3794//518
f  3785//421 3795//421 3791//421
f  3791//422 3795//422 3785//422
f  3784//745 3786//696 3791//745
f  3791//746 3786//695 3784//746
f  3789//696 3792//669 3786//696
f  3786//695 3792//670 3789//695
f  3783//421 3792//421 3793//421
f  3793//422 3792//422 3783//422
f  3793//670 3796//695 3787//670
f  3787//669 3796//696 3793//669
f  3789//422 3787//422 3797//422
f  3797//421 3787//421 3789//421
f  3798//422 3790//422 3788//422
f  3788//421 3790//421 3798//421
f  3788//814 3791//745 3795//814
f  3795//813 3791//746 3788//813
f  3785//539 3794//517 3799//517
f  3799//518 3794//518 3785//540
f  3798//422 3794//422 3790//422
f  3790//421 3794//421 3798//421
f  3799//421 3795//421 3785//421
f  3785//422 3795//422 3799//422
f  3792//669 3789//696 3797//669
f  3797//670 3789//695 3792//670
f  3793//421 3792//421 3800//421
f  3800//422 3792//422 3793//422
f  3796//695 3793//670 3801//695
f  3801//696 3793//669 3796//696
f  3797//422 3787//422 3796//422
f  3796//421 3787//421 3797//421
f  3788//814 3802//860 3798//860
f  3798//859 3802//859 3788//813
f  3802//860 3788//814 3795//814
f  3795//813 3788//813 3802//859
f  3803//463 3799//517 3794//517
f  3794//518 3799//518 3803//464
f  3804//422 3794//422 3798//422
f  3798//421 3794//421 3804//421
f  3799//421 3802//421 3795//421
f  3795//422 3802//422 3799//422
f  3797//669 3800//611 3792//669
f  3792//670 3800//612 3797//670
f  3793//421 3800//421 3801//421
f  3801//422 3800//422 3793//422
f  3801//695 3805//746 3796//695
f  3796//696 3805//745 3801//696
f  3797//422 3796//422 3806//422
f  3806//421 3796//421 3797//421
f  3807//880 3798//860 3802//860
f  3802//859 3798//859 3807//879
f  3799//517 3803//463 3808//463
f  3808//464 3803//464 3799//518
f  3804//422 3803//422 3794//422
f  3794//421 3803//421 3804//421
f  3798//860 3807//880 3804//880
f  3804//879 3807//879 3798//859
f  3808//421 3802//421 3799//421
f  3799//422 3802//422 3808//422
f  3800//611 3797//669 3806//611
f  3806//612 3797//670 3800//612
f  3801//421 3800//421 3809//421
f  3809//422 3800//422 3801//422
f  3805//746 3801//695 3810//746
f  3810//745 3801//696 3805//745
f  3806//422 3796//422 3805//422
f  3805//421 3796//421 3806//421
f  3808//421 3807//421 3802//421
f  3802//422 3807//422 3808//422
f  3811//6 3808//463 3803//463
f  3803//464 3808//464 3811//5
f  3803//422 3804//422 3811//422
f  3811//421 3804//421 3803//421
f  3812//6 3804//880 3807//880
f  3807//879 3804//879 3812//5
f  3806//611 3809//573 3800//611
f  3800//612 3809//574 3806//612
f  3801//421 3809//421 3810//421
f  3810//422 3809//422 3801//422
f  3810//746 3813//813 3805//746
f  3805//745 3813//814 3810//745
f  3806//422 3805//422 3814//422
f  3814//421 3805//421 3806//421
f  3807//421 3808//421 3812//421
f  3812//422 3808//422 3807//422
f  3808//463 3811//6 3812//6
f  3812//5 3811//5 3808//464
f  3804//880 3812//6 3811//6
f  3811//5 3812//5 3804//879
f  3809//573 3806//611 3814//573
f  3814//574 3806//612 3809//574
f  3810//421 3809//421 3815//421
f  3815//422 3809//422 3810//422
f  3813//813 3810//746 3816//813
f  3816//814 3810//745 3813//814
f  3814//422 3805//422 3813//422
f  3813//421 3805//421 3814//421
f  3814//573 3815//540 3809//573
f  3809//574 3815//539 3814//574
f  3810//421 3815//421 3816//421
f  3816//422 3815//422 3810//422
f  3817//859 3813//813 3816//813
f  3816//814 3813//814 3817//860
f  3814//422 3813//422 3818//422
f  3818//421 3813//421 3814//421
f  3815//540 3814//573 3818//540
f  3818//539 3814//574 3815//539
f  3816//421 3815//421 3819//421
f  3819//422 3815//422 3816//422
f  3813//813 3817//859 3820//859
f  3820//860 3817//860 3813//814
f  3816//421 3819//421 3817//421
f  3817//422 3819//422 3816//422
f  3818//422 3813//422 3820//422
f  3820//421 3813//421 3818//421
f  3821//518 3815//540 3818//540
f  3818//539 3815//539 3821//517
f  3815//540 3821//518 3819//518
f  3819//517 3821//517 3815//539
f  3822//879 3820//859 3817//859
f  3817//860 3820//860 3822//880
f  3817//421 3819//421 3823//421
f  3823//422 3819//422 3817//422
f  3818//422 3820//422 3821//422
f  3821//421 3820//421 3818//421
f  3824//464 3819//518 3821//518
f  3821//517 3819//517 3824//463
f  3820//859 3822//879 3825//879
f  3825//880 3822//880 3820//860
f  3817//421 3823//421 3822//421
f  3822//422 3823//422 3817//422
f  3819//518 3824//464 3823//464
f  3823//463 3824//463 3819//517
f  3821//422 3820//422 3825//422
f  3825//421 3820//421 3821//421
f  3821//422 3825//422 3824//422
f  3824//421 3825//421 3821//421
f  3826//5 3825//879 3822//879
f  3822//880 3825//880 3826//6
f  3822//421 3823//421 3826//421
f  3826//422 3823//422 3822//422
f  3827//5 3823//464 3824//464
f  3824//463 3823//463 3827//6
f  3824//422 3825//422 3827//422
f  3827//421 3825//421 3824//421
f  3825//879 3826//5 3827//5
f  3827//6 3826//6 3825//880
f  3823//464 3827//5 3826//5
f  3826//6 3827//6 3823//463

# Mesh 'mesh57_mesh57-geometry' with 24 faces
g mesh57_mesh57-geometry
# usemtl material_0_0
l  3804 3798
l  3811 3804
l  3798 3788
l  3803 3811
l  3788 3784
l  3794 3803
l  3784 3789
l  3790 3794
l  3789 3797
l  3782 3790
l  3797 3806
l  3781 3782
l  3806 3814
l  3787 3781
l  3814 3818
l  3796 3787
l  3818 3821
l  3805 3796
l  3821 3824
l  3813 3805
l  3824 3827
l  3820 3813
l  3827 3825
l  3825 3820

# Mesh 'mesh58_mesh58-geometry' with 24 faces
g mesh58_mesh58-geometry
# usemtl material_0_0
l  3808 3812
l  3799 3808
l  3812 3807
l  3785 3799
l  3807 3802
l  3780 3785
l  3802 3795
l  3783 3780
l  3795 3791
l  3793 3783
l  3791 3786
l  3801 3793
l  3786 3792
l  3810 3801
l  3792 3800
l  3816 3810
l  3800 3809
l  3817 3816
l  3809 3815
l  3822 3817
l  3815 3819
l  3826 3822
l  3819 3823
l  3823 3826

# Mesh 'mesh56_mesh56-geometry' with 184 faces
g mesh56_mesh56-geometry
# usemtl material_3_24
f  3828//574 3829//612 3830//574
f  3829//612 3828//574 3831//612
f  3830//573 3829//611 3828//573
f  3831//611 3828//573 3829//611
f  3832//422 3830//422 3829//422
f  3829//421 3830//421 3832//421
f  3830//574 3833//539 3828//574
f  3828//573 3833//540 3830//573
f  3828//421 3834//421 3831//421
f  3831//422 3834//422 3828//422
f  3831//612 3835//670 3829//612
f  3829//611 3835//669 3831//611
f  3836//422 3830//422 3832//422
f  3832//421 3830//421 3836//421
f  3832//422 3829//422 3837//422
f  3837//421 3829//421 3832//421
f  3833//539 3830//574 3838//539
f  3838//540 3830//573 3833//540
f  3833//421 3839//421 3828//421
f  3828//422 3839//422 3833//422
f  3828//421 3839//421 3834//421
f  3834//422 3839//422 3828//422
f  3831//421 3834//421 3840//421
f  3840//422 3834//422 3831//422
f  3835//670 3831//612 3841//670
f  3841//669 3831//611 3835//669
f  3837//422 3829//422 3835//422
f  3835//421 3829//421 3837//421
f  3836//422 3838//422 3830//422
f  3830//421 3838//421 3836//421
f  3839//745 3836//814 3832//745
f  3832//746 3836//813 3839//746
f  3834//696 3832//745 3837//696
f  3837//695 3832//746 3834//695
f  3842//517 3833//539 3838//539
f  3838//540 3833//540 3842//518
f  3833//421 3843//421 3839//421
f  3839//422 3843//422 3833//422
f  3832//745 3834//696 3839//745
f  3839//746 3834//695 3832//746
f  3837//696 3840//669 3834//696
f  3834//695 3840//670 3837//695
f  3831//421 3840//421 3841//421
f  3841//422 3840//422 3831//422
f  3841//670 3844//695 3835//670
f  3835//669 3844//696 3841//669
f  3837//422 3835//422 3845//422
f  3845//421 3835//421 3837//421
f  3846//422 3838//422 3836//422
f  3836//421 3838//421 3846//421
f  3836//814 3839//745 3843//814
f  3843//813 3839//746 3836//813
f  3833//539 3842//517 3847//517
f  3847//518 3842//518 3833//540
f  3846//422 3842//422 3838//422
f  3838//421 3842//421 3846//421
f  3847//421 3843//421 3833//421
f  3833//422 3843//422 3847//422
f  3840//669 3837//696 3845//669
f  3845//670 3837//695 3840//670
f  3841//421 3840//421 3848//421
f  3848//422 3840//422 3841//422
f  3844//695 3841//670 3849//695
f  3849//696 3841//669 3844//696
f  3845//422 3835//422 3844//422
f  3844//421 3835//421 3845//421
f  3836//814 3850//860 3846//860
f  3846//859 3850//859 3836//813
f  3850//860 3836//814 3843//814
f  3843//813 3836//813 3850//859
f  3851//463 3847//517 3842//517
f  3842//518 3847//518 3851//464
f  3852//422 3842//422 3846//422
f  3846//421 3842//421 3852//421
f  3847//421 3850//421 3843//421
f  3843//422 3850//422 3847//422
f  3845//669 3848//611 3840//669
f  3840//670 3848//612 3845//670
f  3841//421 3848//421 3849//421
f  3849//422 3848//422 3841//422
f  3849//695 3853//746 3844//695
f  3844//696 3853//745 3849//696
f  3845//422 3844//422 3854//422
f  3854//421 3844//421 3845//421
f  3855//880 3846//860 3850//860
f  3850//859 3846//859 3855//879
f  3847//517 3851//463 3856//463
f  3856//464 3851//464 3847//518
f  3852//422 3851//422 3842//422
f  3842//421 3851//421 3852//421
f  3846//860 3855//880 3852//880
f  3852//879 3855//879 3846//859
f  3856//421 3850//421 3847//421
f  3847//422 3850//422 3856//422
f  3848//611 3845//669 3854//611
f  3854//612 3845//670 3848//612
f  3849//421 3848//421 3857//421
f  3857//422 3848//422 3849//422
f  3853//746 3849//695 3858//746
f  3858//745 3849//696 3853//745
f  3854//422 3844//422 3853//422
f  3853//421 3844//421 3854//421
f  3856//421 3855//421 3850//421
f  3850//422 3855//422 3856//422
f  3859//6 3856//463 3851//463
f  3851//464 3856//464 3859//5
f  3851//422 3852//422 3859//422
f  3859//421 3852//421 3851//421
f  3860//6 3852//880 3855//880
f  3855//879 3852//879 3860//5
f  3854//611 3857//573 3848//611
f  3848//612 3857//574 3854//612
f  3849//421 3857//421 3858//421
f  3858//422 3857//422 3849//422
f  3858//746 3861//813 3853//746
f  3853//745 3861//814 3858//745
f  3854//422 3853//422 3862//422
f  3862//421 3853//421 3854//421
f  3855//421 3856//421 3860//421
f  3860//422 3856//422 3855//422
f  3856//463 3859//6 3860//6
f  3860//5 3859//5 3856//464
f  3852//880 3860//6 3859//6
f  3859//5 3860//5 3852//879
f  3857//573 3854//611 3862//573
f  3862//574 3854//612 3857//574
f  3858//421 3857//421 3863//421
f  3863//422 3857//422 3858//422
f  3861//813 3858//746 3864//813
f  3864//814 3858//745 3861//814
f  3862//422 3853//422 3861//422
f  3861//421 3853//421 3862//421
f  3862//573 3863//540 3857//573
f  3857//574 3863//539 3862//574
f  3858//421 3863//421 3864//421
f  3864//422 3863//422 3858//422
f  3865//859 3861//813 3864//813
f  3864//814 3861//814 3865//860
f  3862//422 3861//422 3866//422
f  3866//421 3861//421 3862//421
f  3863//540 3862//573 3866//540
f  3866//539 3862//574 3863//539
f  3864//421 3863//421 3867//421
f  3867//422 3863//422 3864//422
f  3861//813 3865//859 3868//859
f  3868//860 3865//860 3861//814
f  3864//421 3867//421 3865//421
f  3865//422 3867//422 3864//422
f  3866//422 3861//422 3868//422
f  3868//421 3861//421 3866//421
f  3869//518 3863//540 3866//540
f  3866//539 3863//539 3869//517
f  3863//540 3869//518 3867//518
f  3867//517 3869//517 3863//539
f  3870//879 3868//859 3865//859
f  3865//860 3868//860 3870//880
f  3865//421 3867//421 3871//421
f  3871//422 3867//422 3865//422
f  3866//422 3868//422 3869//422
f  3869//421 3868//421 3866//421
f  3872//464 3867//518 3869//518
f  3869//517 3867//517 3872//463
f  3868//859 3870//879 3873//879
f  3873//880 3870//880 3868//860
f  3865//421 3871//421 3870//421
f  3870//422 3871//422 3865//422
f  3867//518 3872//464 3871//464
f  3871//463 3872//463 3867//517
f  3869//422 3868//422 3873//422
f  3873//421 3868//421 3869//421
f  3869//422 3873//422 3872//422
f  3872//421 3873//421 3869//421
f  3874//5 3873//879 3870//879
f  3870//880 3873//880 3874//6
f  3870//421 3871//421 3874//421
f  3874//422 3871//422 3870//422
f  3875//5 3871//464 3872//464
f  3872//463 3871//463 3875//6
f  3872//422 3873//422 3875//422
f  3875//421 3873//421 3872//421
f  3873//879 3874//5 3875//5
f  3875//6 3874//6 3873//880
f  3871//464 3875//5 3874//5
f  3874//6 3875//6 3871//463

# Mesh 'mesh57_mesh57-geometry' with 24 faces
g mesh57_mesh57-geometry
# usemtl material_0_0
l  3852 3846
l  3859 3852
l  3846 3836
l  3851 3859
l  3836 3832
l  3842 3851
l  3832 3837
l  3838 3842
l  3837 3845
l  3830 3838
l  3845 3854
l  3829 3830
l  3854 3862
l  3835 3829
l  3862 3866
l  3844 3835
l  3866 3869
l  3853 3844
l  3869 3872
l  3861 3853
l  3872 3875
l  3868 3861
l  3875 3873
l  3873 3868

# Mesh 'mesh58_mesh58-geometry' with 24 faces
g mesh58_mesh58-geometry
# usemtl material_0_0
l  3856 3860
l  3847 3856
l  3860 3855
l  3833 3847
l  3855 3850
l  3828 3833
l  3850 3843
l  3831 3828
l  3843 3839
l  3841 3831
l  3839 3834
l  3849 3841
l  3834 3840
l  3858 3849
l  3840 3848
l  3864 3858
l  3848 3857
l  3865 3864
l  3857 3863
l  3870 3865
l  3863 3867
l  3874 3870
l  3867 3871
l  3871 3874

# Mesh 'mesh56_mesh56-geometry' with 184 faces
g mesh56_mesh56-geometry
# usemtl material_3_24
f  3876//574 3877//612 3878//574
f  3877//612 3876//574 3879//612
f  3878//573 3877//611 3876//573
f  3879//611 3876//573 3877//611
f  3880//422 3878//422 3877//422
f  3877//421 3878//421 3880//421
f  3878//574 3881//539 3876//574
f  3876//573 3881//540 3878//573
f  3876//421 3882//421 3879//421
f  3879//422 3882//422 3876//422
f  3879//612 3883//670 3877//612
f  3877//611 3883//669 3879//611
f  3884//422 3878//422 3880//422
f  3880//421 3878//421 3884//421
f  3880//422 3877//422 3885//422
f  3885//421 3877//421 3880//421
f  3881//539 3878//574 3886//539
f  3886//540 3878//573 3881//540
f  3881//421 3887//421 3876//421
f  3876//422 3887//422 3881//422
f  3876//421 3887//421 3882//421
f  3882//422 3887//422 3876//422
f  3879//421 3882//421 3888//421
f  3888//422 3882//422 3879//422
f  3883//670 3879//612 3889//670
f  3889//669 3879//611 3883//669
f  3885//422 3877//422 3883//422
f  3883//421 3877//421 3885//421
f  3884//422 3886//422 3878//422
f  3878//421 3886//421 3884//421
f  3887//745 3884//814 3880//745
f  3880//746 3884//813 3887//746
f  3882//696 3880//745 3885//696
f  3885//695 3880//746 3882//695
f  3890//517 3881//539 3886//539
f  3886//540 3881//540 3890//518
f  3881//421 3891//421 3887//421
f  3887//422 3891//422 3881//422
f  3880//745 3882//696 3887//745
f  3887//746 3882//695 3880//746
f  3885//696 3888//669 3882//696
f  3882//695 3888//670 3885//695
f  3879//421 3888//421 3889//421
f  3889//422 3888//422 3879//422
f  3889//670 3892//695 3883//670
f  3883//669 3892//696 3889//669
f  3885//422 3883//422 3893//422
f  3893//421 3883//421 3885//421
f  3894//422 3886//422 3884//422
f  3884//421 3886//421 3894//421
f  3884//814 3887//745 3891//814
f  3891//813 3887//746 3884//813
f  3881//539 3890//517 3895//517
f  3895//518 3890//518 3881//540
f  3894//422 3890//422 3886//422
f  3886//421 3890//421 3894//421
f  3895//421 3891//421 3881//421
f  3881//422 3891//422 3895//422
f  3888//669 3885//696 3893//669
f  3893//670 3885//695 3888//670
f  3889//421 3888//421 3896//421
f  3896//422 3888//422 3889//422
f  3892//695 3889//670 3897//695
f  3897//696 3889//669 3892//696
f  3893//422 3883//422 3892//422
f  3892//421 3883//421 3893//421
f  3884//814 3898//860 3894//860
f  3894//859 3898//859 3884//813
f  3898//860 3884//814 3891//814
f  3891//813 3884//813 3898//859
f  3899//463 3895//517 3890//517
f  3890//518 3895//518 3899//464
f  3900//422 3890//422 3894//422
f  3894//421 3890//421 3900//421
f  3895//421 3898//421 3891//421
f  3891//422 3898//422 3895//422
f  3893//669 3896//611 3888//669
f  3888//670 3896//612 3893//670
f  3889//421 3896//421 3897//421
f  3897//422 3896//422 3889//422
f  3897//695 3901//746 3892//695
f  3892//696 3901//745 3897//696
f  3893//422 3892//422 3902//422
f  3902//421 3892//421 3893//421
f  3903//880 3894//860 3898//860
f  3898//859 3894//859 3903//879
f  3895//517 3899//463 3904//463
f  3904//464 3899//464 3895//518
f  3900//422 3899//422 3890//422
f  3890//421 3899//421 3900//421
f  3894//860 3903//880 3900//880
f  3900//879 3903//879 3894//859
f  3904//421 3898//421 3895//421
f  3895//422 3898//422 3904//422
f  3896//611 3893//669 3902//611
f  3902//612 3893//670 3896//612
f  3897//421 3896//421 3905//421
f  3905//422 3896//422 3897//422
f  3901//746 3897//695 3906//746
f  3906//745 3897//696 3901//745
f  3902//422 3892//422 3901//422
f  3901//421 3892//421 3902//421
f  3904//421 3903//421 3898//421
f  3898//422 3903//422 3904//422
f  3907//6 3904//463 3899//463
f  3899//464 3904//464 3907//5
f  3899//422 3900//422 3907//422
f  3907//421 3900//421 3899//421
f  3908//6 3900//880 3903//880
f  3903//879 3900//879 3908//5
f  3902//611 3905//573 3896//611
f  3896//612 3905//574 3902//612
f  3897//421 3905//421 3906//421
f  3906//422 3905//422 3897//422
f  3906//746 3909//813 3901//746
f  3901//745 3909//814 3906//745
f  3902//422 3901//422 3910//422
f  3910//421 3901//421 3902//421
f  3903//421 3904//421 3908//421
f  3908//422 3904//422 3903//422
f  3904//463 3907//6 3908//6
f  3908//5 3907//5 3904//464
f  3900//880 3908//6 3907//6
f  3907//5 3908//5 3900//879
f  3905//573 3902//611 3910//573
f  3910//574 3902//612 3905//574
f  3906//421 3905//421 3911//421
f  3911//422 3905//422 3906//422
f  3909//813 3906//746 3912//813
f  3912//814 3906//745 3909//814
f  3910//422 3901//422 3909//422
f  3909//421 3901//421 3910//421
f  3910//573 3911//540 3905//573
f  3905//574 3911//539 3910//574
f  3906//421 3911//421 3912//421
f  3912//422 3911//422 3906//422
f  3913//859 3909//813 3912//813
f  3912//814 3909//814 3913//860
f  3910//422 3909//422 3914//422
f  3914//421 3909//421 3910//421
f  3911//540 3910//573 3914//540
f  3914//539 3910//574 3911//539
f  3912//421 3911//421 3915//421
f  3915//422 3911//422 3912//422
f  3909//813 3913//859 3916//859
f  3916//860 3913//860 3909//814
f  3912//421 3915//421 3913//421
f  3913//422 3915//422 3912//422
f  3914//422 3909//422 3916//422
f  3916//421 3909//421 3914//421
f  3917//518 3911//540 3914//540
f  3914//539 3911//539 3917//517
f  3911//540 3917//518 3915//518
f  3915//517 3917//517 3911//539
f  3918//879 3916//859 3913//859
f  3913//860 3916//860 3918//880
f  3913//421 3915//421 3919//421
f  3919//422 3915//422 3913//422
f  3914//422 3916//422 3917//422
f  3917//421 3916//421 3914//421
f  3920//464 3915//518 3917//518
f  3917//517 3915//517 3920//463
f  3916//859 3918//879 3921//879
f  3921//880 3918//880 3916//860
f  3913//421 3919//421 3918//421
f  3918//422 3919//422 3913//422
f  3915//518 3920//464 3919//464
f  3919//463 3920//463 3915//517
f  3917//422 3916//422 3921//422
f  3921//421 3916//421 3917//421
f  3917//422 3921//422 3920//422
f  3920//421 3921//421 3917//421
f  3922//5 3921//879 3918//879
f  3918//880 3921//880 3922//6
f  3918//421 3919//421 3922//421
f  3922//422 3919//422 3918//422
f  3923//5 3919//464 3920//464
f  3920//463 3919//463 3923//6
f  3920//422 3921//422 3923//422
f  3923//421 3921//421 3920//421
f  3921//879 3922//5 3923//5
f  3923//6 3922//6 3921//880
f  3919//464 3923//5 3922//5
f  3922//6 3923//6 3919//463

# Mesh 'mesh57_mesh57-geometry' with 24 faces
g mesh57_mesh57-geometry
# usemtl material_0_0
l  3900 3894
l  3907 3900
l  3894 3884
l  3899 3907
l  3884 3880
l  3890 3899
l  3880 3885
l  3886 3890
l  3885 3893
l  3878 3886
l  3893 3902
l  3877 3878
l  3902 3910
l  3883 3877
l  3910 3914
l  3892 3883
l  3914 3917
l  3901 3892
l  3917 3920
l  3909 3901
l  3920 3923
l  3916 3909
l  3923 3921
l  3921 3916

# Mesh 'mesh58_mesh58-geometry' with 24 faces
g mesh58_mesh58-geometry
# usemtl material_0_0
l  3904 3908
l  3895 3904
l  3908 3903
l  3881 3895
l  3903 3898
l  3876 3881
l  3898 3891
l  3879 3876
l  3891 3887
l  3889 3879
l  3887 3882
l  3897 3889
l  3882 3888
l  3906 3897
l  3888 3896
l  3912 3906
l  3896 3905
l  3913 3912
l  3905 3911
l  3918 3913
l  3911 3915
l  3922 3918
l  3915 3919
l  3919 3922

# Mesh 'mesh56_mesh56-geometry' with 184 faces
g mesh56_mesh56-geometry
# usemtl material_3_24
f  3924//574 3925//612 3926//574
f  3925//612 3924//574 3927//612
f  3926//573 3925//611 3924//573
f  3927//611 3924//573 3925//611
f  3928//422 3926//422 3925//422
f  3925//421 3926//421 3928//421
f  3926//574 3929//539 3924//574
f  3924//573 3929//540 3926//573
f  3924//421 3930//421 3927//421
f  3927//422 3930//422 3924//422
f  3927//612 3931//670 3925//612
f  3925//611 3931//669 3927//611
f  3932//422 3926//422 3928//422
f  3928//421 3926//421 3932//421
f  3928//422 3925//422 3933//422
f  3933//421 3925//421 3928//421
f  3929//539 3926//574 3934//539
f  3934//540 3926//573 3929//540
f  3929//421 3935//421 3924//421
f  3924//422 3935//422 3929//422
f  3924//421 3935//421 3930//421
f  3930//422 3935//422 3924//422
f  3927//421 3930//421 3936//421
f  3936//422 3930//422 3927//422
f  3931//670 3927//612 3937//670
f  3937//669 3927//611 3931//669
f  3933//422 3925//422 3931//422
f  3931//421 3925//421 3933//421
f  3932//422 3934//422 3926//422
f  3926//421 3934//421 3932//421
f  3935//745 3932//814 3928//745
f  3928//746 3932//813 3935//746
f  3930//696 3928//745 3933//696
f  3933//695 3928//746 3930//695
f  3938//517 3929//539 3934//539
f  3934//540 3929//540 3938//518
f  3929//421 3939//421 3935//421
f  3935//422 3939//422 3929//422
f  3928//745 3930//696 3935//745
f  3935//746 3930//695 3928//746
f  3933//696 3936//669 3930//696
f  3930//695 3936//670 3933//695
f  3927//421 3936//421 3937//421
f  3937//422 3936//422 3927//422
f  3937//670 3940//695 3931//670
f  3931//669 3940//696 3937//669
f  3933//422 3931//422 3941//422
f  3941//421 3931//421 3933//421
f  3942//422 3934//422 3932//422
f  3932//421 3934//421 3942//421
f  3932//814 3935//745 3939//814
f  3939//813 3935//746 3932//813
f  3929//539 3938//517 3943//517
f  3943//518 3938//518 3929//540
f  3942//422 3938//422 3934//422
f  3934//421 3938//421 3942//421
f  3943//421 3939//421 3929//421
f  3929//422 3939//422 3943//422
f  3936//669 3933//696 3941//669
f  3941//670 3933//695 3936//670
f  3937//421 3936//421 3944//421
f  3944//422 3936//422 3937//422
f  3940//695 3937//670 3945//695
f  3945//696 3937//669 3940//696
f  3941//422 3931//422 3940//422
f  3940//421 3931//421 3941//421
f  3932//814 3946//860 3942//860
f  3942//859 3946//859 3932//813
f  3946//860 3932//814 3939//814
f  3939//813 3932//813 3946//859
f  3947//463 3943//517 3938//517
f  3938//518 3943//518 3947//464
f  3948//422 3938//422 3942//422
f  3942//421 3938//421 3948//421
f  3943//421 3946//421 3939//421
f  3939//422 3946//422 3943//422
f  3941//669 3944//611 3936//669
f  3936//670 3944//612 3941//670
f  3937//421 3944//421 3945//421
f  3945//422 3944//422 3937//422
f  3945//695 3949//746 3940//695
f  3940//696 3949//745 3945//696
f  3941//422 3940//422 3950//422
f  3950//421 3940//421 3941//421
f  3951//880 3942//860 3946//860
f  3946//859 3942//859 3951//879
f  3943//517 3947//463 3952//463
f  3952//464 3947//464 3943//518
f  3948//422 3947//422 3938//422
f  3938//421 3947//421 3948//421
f  3942//860 3951//880 3948//880
f  3948//879 3951//879 3942//859
f  3952//421 3946//421 3943//421
f  3943//422 3946//422 3952//422
f  3944//611 3941//669 3950//611
f  3950//612 3941//670 3944//612
f  3945//421 3944//421 3953//421
f  3953//422 3944//422 3945//422
f  3949//746 3945//695 3954//746
f  3954//745 3945//696 3949//745
f  3950//422 3940//422 3949//422
f  3949//421 3940//421 3950//421
f  3952//421 3951//421 3946//421
f  3946//422 3951//422 3952//422
f  3955//6 3952//463 3947//463
f  3947//464 3952//464 3955//5
f  3947//422 3948//422 3955//422
f  3955//421 3948//421 3947//421
f  3956//6 3948//880 3951//880
f  3951//879 3948//879 3956//5
f  3950//611 3953//573 3944//611
f  3944//612 3953//574 3950//612
f  3945//421 3953//421 3954//421
f  3954//422 3953//422 3945//422
f  3954//746 3957//813 3949//746
f  3949//745 3957//814 3954//745
f  3950//422 3949//422 3958//422
f  3958//421 3949//421 3950//421
f  3951//421 3952//421 3956//421
f  3956//422 3952//422 3951//422
f  3952//463 3955//6 3956//6
f  3956//5 3955//5 3952//464
f  3948//880 3956//6 3955//6
f  3955//5 3956//5 3948//879
f  3953//573 3950//611 3958//573
f  3958//574 3950//612 3953//574
f  3954//421 3953//421 3959//421
f  3959//422 3953//422 3954//422
f  3957//813 3954//746 3960//813
f  3960//814 3954//745 3957//814
f  3958//422 3949//422 3957//422
f  3957//421 3949//421 3958//421
f  3958//573 3959//540 3953//573
f  3953//574 3959//539 3958//574
f  3954//421 3959//421 3960//421
f  3960//422 3959//422 3954//422
f  3961//859 3957//813 3960//813
f  3960//814 3957//814 3961//860
f  3958//422 3957//422 3962//422
f  3962//421 3957//421 3958//421
f  3959//540 3958//573 3962//540
f  3962//539 3958//574 3959//539
f  3960//421 3959//421 3963//421
f  3963//422 3959//422 3960//422
f  3957//813 3961//859 3964//859
f  3964//860 3961//860 3957//814
f  3960//421 3963//421 3961//421
f  3961//422 3963//422 3960//422
f  3962//422 3957//422 3964//422
f  3964//421 3957//421 3962//421
f  3965//518 3959//540 3962//540
f  3962//539 3959//539 3965//517
f  3959//540 3965//518 3963//518
f  3963//517 3965//517 3959//539
f  3966//879 3964//859 3961//859
f  3961//860 3964//860 3966//880
f  3961//421 3963//421 3967//421
f  3967//422 3963//422 3961//422
f  3962//422 3964//422 3965//422
f  3965//421 3964//421 3962//421
f  3968//464 3963//518 3965//518
f  3965//517 3963//517 3968//463
f  3964//859 3966//879 3969//879
f  3969//880 3966//880 3964//860
f  3961//421 3967//421 3966//421
f  3966//422 3967//422 3961//422
f  3963//518 3968//464 3967//464
f  3967//463 3968//463 3963//517
f  3965//422 3964//422 3969//422
f  3969//421 3964//421 3965//421
f  3965//422 3969//422 3968//422
f  3968//421 3969//421 3965//421
f  3970//5 3969//879 3966//879
f  3966//880 3969//880 3970//6
f  3966//421 3967//421 3970//421
f  3970//422 3967//422 3966//422
f  3971//5 3967//464 3968//464
f  3968//463 3967//463 3971//6
f  3968//422 3969//422 3971//422
f  3971//421 3969//421 3968//421
f  3969//879 3970//5 3971//5
f  3971//6 3970//6 3969//880
f  3967//464 3971//5 3970//5
f  3970//6 3971//6 3967//463

# Mesh 'mesh57_mesh57-geometry' with 24 faces
g mesh57_mesh57-geometry
# usemtl material_0_0
l  3948 3942
l  3955 3948
l  3942 3932
l  3947 3955
l  3932 3928
l  3938 3947
l  3928 3933
l  3934 3938
l  3933 3941
l  3926 3934
l  3941 3950
l  3925 3926
l  3950 3958
l  3931 3925
l  3958 3962
l  3940 3931
l  3962 3965
l  3949 3940
l  3965 3968
l  3957 3949
l  3968 3971
l  3964 3957
l  3971 3969
l  3969 3964

# Mesh 'mesh58_mesh58-geometry' with 24 faces
g mesh58_mesh58-geometry
# usemtl material_0_0
l  3952 3956
l  3943 3952
l  3956 3951
l  3929 3943
l  3951 3946
l  3924 3929
l  3946 3939
l  3927 3924
l  3939 3935
l  3937 3927
l  3935 3930
l  3945 3937
l  3930 3936
l  3954 3945
l  3936 3944
l  3960 3954
l  3944 3953
l  3961 3960
l  3953 3959
l  3966 3961
l  3959 3963
l  3970 3966
l  3963 3967
l  3967 3970

# Mesh 'mesh56_mesh56-geometry' with 184 faces
g mesh56_mesh56-geometry
# usemtl material_3_24
f  3972//574 3973//612 3974//574
f  3973//612 3972//574 3975//612
f  3974//573 3973//611 3972//573
f  3975//611 3972//573 3973//611
f  3976//422 3974//422 3973//422
f  3973//421 3974//421 3976//421
f  3974//574 3977//539 3972//574
f  3972//573 3977//540 3974//573
f  3972//421 3978//421 3975//421
f  3975//422 3978//422 3972//422
f  3975//612 3979//670 3973//612
f  3973//611 3979//669 3975//611
f  3980//422 3974//422 3976//422
f  3976//421 3974//421 3980//421
f  3976//422 3973//422 3981//422
f  3981//421 3973//421 3976//421
f  3977//539 3974//574 3982//539
f  3982//540 3974//573 3977//540
f  3977//421 3983//421 3972//421
f  3972//422 3983//422 3977//422
f  3972//421 3983//421 3978//421
f  3978//422 3983//422 3972//422
f  3975//421 3978//421 3984//421
f  3984//422 3978//422 3975//422
f  3979//670 3975//612 3985//670
f  3985//669 3975//611 3979//669
f  3981//422 3973//422 3979//422
f  3979//421 3973//421 3981//421
f  3980//422 3982//422 3974//422
f  3974//421 3982//421 3980//421
f  3983//745 3980//814 3976//745
f  3976//746 3980//813 3983//746
f  3978//696 3976//745 3981//696
f  3981//695 3976//746 3978//695
f  3986//517 3977//539 3982//539
f  3982//540 3977//540 3986//518
f  3977//421 3987//421 3983//421
f  3983//422 3987//422 3977//422
f  3976//745 3978//696 3983//745
f  3983//746 3978//695 3976//746
f  3981//696 3984//669 3978//696
f  3978//695 3984//670 3981//695
f  3975//421 3984//421 3985//421
f  3985//422 3984//422 3975//422
f  3985//670 3988//695 3979//670
f  3979//669 3988//696 3985//669
f  3981//422 3979//422 3989//422
f  3989//421 3979//421 3981//421
f  3990//422 3982//422 3980//422
f  3980//421 3982//421 3990//421
f  3980//814 3983//745 3987//814
f  3987//813 3983//746 3980//813
f  3977//539 3986//517 3991//517
f  3991//518 3986//518 3977//540
f  3990//422 3986//422 3982//422
f  3982//421 3986//421 3990//421
f  3991//421 3987//421 3977//421
f  3977//422 3987//422 3991//422
f  3984//669 3981//696 3989//669
f  3989//670 3981//695 3984//670
f  3985//421 3984//421 3992//421
f  3992//422 3984//422 3985//422
f  3988//695 3985//670 3993//695
f  3993//696 3985//669 3988//696
f  3989//422 3979//422 3988//422
f  3988//421 3979//421 3989//421
f  3980//814 3994//860 3990//860
f  3990//859 3994//859 3980//813
f  3994//860 3980//814 3987//814
f  3987//813 3980//813 3994//859
f  3995//463 3991//517 3986//517
f  3986//518 3991//518 3995//464
f  3996//422 3986//422 3990//422
f  3990//421 3986//421 3996//421
f  3991//421 3994//421 3987//421
f  3987//422 3994//422 3991//422
f  3989//669 3992//611 3984//669
f  3984//670 3992//612 3989//670
f  3985//421 3992//421 3993//421
f  3993//422 3992//422 3985//422
f  3993//695 3997//746 3988//695
f  3988//696 3997//745 3993//696
f  3989//422 3988//422 3998//422
f  3998//421 3988//421 3989//421
f  3999//880 3990//860 3994//860
f  3994//859 3990//859 3999//879
f  3991//517 3995//463 4000//463
f  4000//464 3995//464 3991//518
f  3996//422 3995//422 3986//422
f  3986//421 3995//421 3996//421
f  3990//860 3999//880 3996//880
f  3996//879 3999//879 3990//859
f  4000//421 3994//421 3991//421
f  3991//422 3994//422 4000//422
f  3992//611 3989//669 3998//611
f  3998//612 3989//670 3992//612
f  3993//421 3992//421 4001//421
f  4001//422 3992//422 3993//422
f  3997//746 3993//695 4002//746
f  4002//745 3993//696 3997//745
f  3998//422 3988//422 3997//422
f  3997//421 3988//421 3998//421
f  4000//421 3999//421 3994//421
f  3994//422 3999//422 4000//422
f  4003//6 4000//463 3995//463
f  3995//464 4000//464 4003//5
f  3995//422 3996//422 4003//422
f  4003//421 3996//421 3995//421
f  4004//6 3996//880 3999//880
f  3999//879 3996//879 4004//5
f  3998//611 4001//573 3992//611
f  3992//612 4001//574 3998//612
f  3993//421 4001//421 4002//421
f  4002//422 4001//422 3993//422
f  4002//746 4005//813 3997//746
f  3997//745 4005//814 4002//745
f  3998//422 3997//422 4006//422
f  4006//421 3997//421 3998//421
f  3999//421 4000//421 4004//421
f  4004//422 4000//422 3999//422
f  4000//463 4003//6 4004//6
f  4004//5 4003//5 4000//464
f  3996//880 4004//6 4003//6
f  4003//5 4004//5 3996//879
f  4001//573 3998//611 4006//573
f  4006//574 3998//612 4001//574
f  4002//421 4001//421 4007//421
f  4007//422 4001//422 4002//422
f  4005//813 4002//746 4008//813
f  4008//814 4002//745 4005//814
f  4006//422 3997//422 4005//422
f  4005//421 3997//421 4006//421
f  4006//573 4007//540 4001//573
f  4001//574 4007//539 4006//574
f  4002//421 4007//421 4008//421
f  4008//422 4007//422 4002//422
f  4009//859 4005//813 4008//813
f  4008//814 4005//814 4009//860
f  4006//422 4005//422 4010//422
f  4010//421 4005//421 4006//421
f  4007//540 4006//573 4010//540
f  4010//539 4006//574 4007//539
f  4008//421 4007//421 4011//421
f  4011//422 4007//422 4008//422
f  4005//813 4009//859 4012//859
f  4012//860 4009//860 4005//814
f  4008//421 4011//421 4009//421
f  4009//422 4011//422 4008//422
f  4010//422 4005//422 4012//422
f  4012//421 4005//421 4010//421
f  4013//518 4007//540 4010//540
f  4010//539 4007//539 4013//517
f  4007//540 4013//518 4011//518
f  4011//517 4013//517 4007//539
f  4014//879 4012//859 4009//859
f  4009//860 4012//860 4014//880
f  4009//421 4011//421 4015//421
f  4015//422 4011//422 4009//422
f  4010//422 4012//422 4013//422
f  4013//421 4012//421 4010//421
f  4016//464 4011//518 4013//518
f  4013//517 4011//517 4016//463
f  4012//859 4014//879 4017//879
f  4017//880 4014//880 4012//860
f  4009//421 4015//421 4014//421
f  4014//422 4015//422 4009//422
f  4011//518 4016//464 4015//464
f  4015//463 4016//463 4011//517
f  4013//422 4012//422 4017//422
f  4017//421 4012//421 4013//421
f  4013//422 4017//422 4016//422
f  4016//421 4017//421 4013//421
f  4018//5 4017//879 4014//879
f  4014//880 4017//880 4018//6
f  4014//421 4015//421 4018//421
f  4018//422 4015//422 4014//422
f  4019//5 4015//464 4016//464
f  4016//463 4015//463 4019//6
f  4016//422 4017//422 4019//422
f  4019//421 4017//421 4016//421
f  4017//879 4018//5 4019//5
f  4019//6 4018//6 4017//880
f  4015//464 4019//5 4018//5
f  4018//6 4019//6 4015//463

# Mesh 'mesh57_mesh57-geometry' with 24 faces
g mesh57_mesh57-geometry
# usemtl material_0_0
l  3996 3990
l  4003 3996
l  3990 3980
l  3995 4003
l  3980 3976
l  3986 3995
l  3976 3981
l  3982 3986
l  3981 3989
l  3974 3982
l  3989 3998
l  3973 3974
l  3998 4006
l  3979 3973
l  4006 4010
l  3988 3979
l  4010 4013
l  3997 3988
l  4013 4016
l  4005 3997
l  4016 4019
l  4012 4005
l  4019 4017
l  4017 4012

# Mesh 'mesh58_mesh58-geometry' with 24 faces
g mesh58_mesh58-geometry
# usemtl material_0_0
l  4000 4004
l  3991 4000
l  4004 3999
l  3977 3991
l  3999 3994
l  3972 3977
l  3994 3987
l  3975 3972
l  3987 3983
l  3985 3975
l  3983 3978
l  3993 3985
l  3978 3984
l  4002 3993
l  3984 3992
l  4008 4002
l  3992 4001
l  4009 4008
l  4001 4007
l  4014 4009
l  4007 4011
l  4018 4014
l  4011 4015
l  4015 4018

# Mesh 'mesh56_mesh56-geometry' with 184 faces
g mesh56_mesh56-geometry
# usemtl material_3_24
f  4020//574 4021//612 4022//574
f  4021//612 4020//574 4023//612
f  4022//573 4021//611 4020//573
f  4023//611 4020//573 4021//611
f  4024//422 4022//422 4021//422
f  4021//421 4022//421 4024//421
f  4022//574 4025//539 4020//574
f  4020//573 4025//540 4022//573
f  4020//421 4026//421 4023//421
f  4023//422 4026//422 4020//422
f  4023//612 4027//670 4021//612
f  4021//611 4027//669 4023//611
f  4028//422 4022//422 4024//422
f  4024//421 4022//421 4028//421
f  4024//422 4021//422 4029//422
f  4029//421 4021//421 4024//421
f  4025//539 4022//574 4030//539
f  4030//540 4022//573 4025//540
f  4025//421 4031//421 4020//421
f  4020//422 4031//422 4025//422
f  4020//421 4031//421 4026//421
f  4026//422 4031//422 4020//422
f  4023//421 4026//421 4032//421
f  4032//422 4026//422 4023//422
f  4027//670 4023//612 4033//670
f  4033//669 4023//611 4027//669
f  4029//422 4021//422 4027//422
f  4027//421 4021//421 4029//421
f  4028//422 4030//422 4022//422
f  4022//421 4030//421 4028//421
f  4031//745 4028//814 4024//745
f  4024//746 4028//813 4031//746
f  4026//696 4024//745 4029//696
f  4029//695 4024//746 4026//695
f  4034//517 4025//539 4030//539
f  4030//540 4025//540 4034//518
f  4025//421 4035//421 4031//421
f  4031//422 4035//422 4025//422
f  4024//745 4026//696 4031//745
f  4031//746 4026//695 4024//746
f  4029//696 4032//669 4026//696
f  4026//695 4032//670 4029//695
f  4023//421 4032//421 4033//421
f  4033//422 4032//422 4023//422
f  4033//670 4036//695 4027//670
f  4027//669 4036//696 4033//669
f  4029//422 4027//422 4037//422
f  4037//421 4027//421 4029//421
f  4038//422 4030//422 4028//422
f  4028//421 4030//421 4038//421
f  4028//814 4031//745 4035//814
f  4035//813 4031//746 4028//813
f  4025//539 4034//517 4039//517
f  4039//518 4034//518 4025//540
f  4038//422 4034//422 4030//422
f  4030//421 4034//421 4038//421
f  4039//421 4035//421 4025//421
f  4025//422 4035//422 4039//422
f  4032//669 4029//696 4037//669
f  4037//670 4029//695 4032//670
f  4033//421 4032//421 4040//421
f  4040//422 4032//422 4033//422
f  4036//695 4033//670 4041//695
f  4041//696 4033//669 4036//696
f  4037//422 4027//422 4036//422
f  4036//421 4027//421 4037//421
f  4028//814 4042//860 4038//860
f  4038//859 4042//859 4028//813
f  4042//860 4028//814 4035//814
f  4035//813 4028//813 4042//859
f  4043//463 4039//517 4034//517
f  4034//518 4039//518 4043//464
f  4044//422 4034//422 4038//422
f  4038//421 4034//421 4044//421
f  4039//421 4042//421 4035//421
f  4035//422 4042//422 4039//422
f  4037//669 4040//611 4032//669
f  4032//670 4040//612 4037//670
f  4033//421 4040//421 4041//421
f  4041//422 4040//422 4033//422
f  4041//695 4045//746 4036//695
f  4036//696 4045//745 4041//696
f  4037//422 4036//422 4046//422
f  4046//421 4036//421 4037//421
f  4047//880 4038//860 4042//860
f  4042//859 4038//859 4047//879
f  4039//517 4043//463 4048//463
f  4048//464 4043//464 4039//518
f  4044//422 4043//422 4034//422
f  4034//421 4043//421 4044//421
f  4038//860 4047//880 4044//880
f  4044//879 4047//879 4038//859
f  4048//421 4042//421 4039//421
f  4039//422 4042//422 4048//422
f  4040//611 4037//669 4046//611
f  4046//612 4037//670 4040//612
f  4041//421 4040//421 4049//421
f  4049//422 4040//422 4041//422
f  4045//746 4041//695 4050//746
f  4050//745 4041//696 4045//745
f  4046//422 4036//422 4045//422
f  4045//421 4036//421 4046//421
f  4048//421 4047//421 4042//421
f  4042//422 4047//422 4048//422
f  4051//6 4048//463 4043//463
f  4043//464 4048//464 4051//5
f  4043//422 4044//422 4051//422
f  4051//421 4044//421 4043//421
f  4052//6 4044//880 4047//880
f  4047//879 4044//879 4052//5
f  4046//611 4049//573 4040//611
f  4040//612 4049//574 4046//612
f  4041//421 4049//421 4050//421
f  4050//422 4049//422 4041//422
f  4050//746 4053//813 4045//746
f  4045//745 4053//814 4050//745
f  4046//422 4045//422 4054//422
f  4054//421 4045//421 4046//421
f  4047//421 4048//421 4052//421
f  4052//422 4048//422 4047//422
f  4048//463 4051//6 4052//6
f  4052//5 4051//5 4048//464
f  4044//880 4052//6 4051//6
f  4051//5 4052//5 4044//879
f  4049//573 4046//611 4054//573
f  4054//574 4046//612 4049//574
f  4050//421 4049//421 4055//421
f  4055//422 4049//422 4050//422
f  4053//813 4050//746 4056//813
f  4056//814 4050//745 4053//814
f  4054//422 4045//422 4053//422
f  4053//421 4045//421 4054//421
f  4054//573 4055//540 4049//573
f  4049//574 4055//539 4054//574
f  4050//421 4055//421 4056//421
f  4056//422 4055//422 4050//422
f  4057//859 4053//813 4056//813
f  4056//814 4053//814 4057//860
f  4054//422 4053//422 4058//422
f  4058//421 4053//421 4054//421
f  4055//540 4054//573 4058//540
f  4058//539 4054//574 4055//539
f  4056//421 4055//421 4059//421
f  4059//422 4055//422 4056//422
f  4053//813 4057//859 4060//859
f  4060//860 4057//860 4053//814
f  4056//421 4059//421 4057//421
f  4057//422 4059//422 4056//422
f  4058//422 4053//422 4060//422
f  4060//421 4053//421 4058//421
f  4061//518 4055//540 4058//540
f  4058//539 4055//539 4061//517
f  4055//540 4061//518 4059//518
f  4059//517 4061//517 4055//539
f  4062//879 4060//859 4057//859
f  4057//860 4060//860 4062//880
f  4057//421 4059//421 4063//421
f  4063//422 4059//422 4057//422
f  4058//422 4060//422 4061//422
f  4061//421 4060//421 4058//421
f  4064//464 4059//518 4061//518
f  4061//517 4059//517 4064//463
f  4060//859 4062//879 4065//879
f  4065//880 4062//880 4060//860
f  4057//421 4063//421 4062//421
f  4062//422 4063//422 4057//422
f  4059//518 4064//464 4063//464
f  4063//463 4064//463 4059//517
f  4061//422 4060//422 4065//422
f  4065//421 4060//421 4061//421
f  4061//422 4065//422 4064//422
f  4064//421 4065//421 4061//421
f  4066//5 4065//879 4062//879
f  4062//880 4065//880 4066//6
f  4062//421 4063//421 4066//421
f  4066//422 4063//422 4062//422
f  4067//5 4063//464 4064//464
f  4064//463 4063//463 4067//6
f  4064//422 4065//422 4067//422
f  4067//421 4065//421 4064//421
f  4065//879 4066//5 4067//5
f  4067//6 4066//6 4065//880
f  4063//464 4067//5 4066//5
f  4066//6 4067//6 4063//463

# Mesh 'mesh57_mesh57-geometry' with 24 faces
g mesh57_mesh57-geometry
# usemtl material_0_0
l  4044 4038
l  4051 4044
l  4038 4028
l  4043 4051
l  4028 4024
l  4034 4043
l  4024 4029
l  4030 4034
l  4029 4037
l  4022 4030
l  4037 4046
l  4021 4022
l  4046 4054
l  4027 4021
l  4054 4058
l  4036 4027
l  4058 4061
l  4045 4036
l  4061 4064
l  4053 4045
l  4064 4067
l  4060 4053
l  4067 4065
l  4065 4060

# Mesh 'mesh58_mesh58-geometry' with 24 faces
g mesh58_mesh58-geometry
# usemtl material_0_0
l  4048 4052
l  4039 4048
l  4052 4047
l  4025 4039
l  4047 4042
l  4020 4025
l  4042 4035
l  4023 4020
l  4035 4031
l  4033 4023
l  4031 4026
l  4041 4033
l  4026 4032
l  4050 4041
l  4032 4040
l  4056 4050
l  4040 4049
l  4057 4056
l  4049 4055
l  4062 4057
l  4055 4059
l  4066 4062
l  4059 4063
l  4063 4066

# Mesh 'mesh56_mesh56-geometry' with 184 faces
g mesh56_mesh56-geometry
# usemtl material_3_24
f  4068//574 4069//612 4070//574
f  4069//612 4068//574 4071//612
f  4070//573 4069//611 4068//573
f  4071//611 4068//573 4069//611
f  4072//422 4070//422 4069//422
f  4069//421 4070//421 4072//421
f  4070//574 4073//539 4068//574
f  4068//573 4073//540 4070//573
f  4068//421 4074//421 4071//421
f  4071//422 4074//422 4068//422
f  4071//612 4075//670 4069//612
f  4069//611 4075//669 4071//611
f  4076//422 4070//422 4072//422
f  4072//421 4070//421 4076//421
f  4072//422 4069//422 4077//422
f  4077//421 4069//421 4072//421
f  4073//539 4070//574 4078//539
f  4078//540 4070//573 4073//540
f  4073//421 4079//421 4068//421
f  4068//422 4079//422 4073//422
f  4068//421 4079//421 4074//421
f  4074//422 4079//422 4068//422
f  4071//421 4074//421 4080//421
f  4080//422 4074//422 4071//422
f  4075//670 4071//612 4081//670
f  4081//669 4071//611 4075//669
f  4077//422 4069//422 4075//422
f  4075//421 4069//421 4077//421
f  4076//422 4078//422 4070//422
f  4070//421 4078//421 4076//421
f  4079//745 4076//814 4072//745
f  4072//746 4076//813 4079//746
f  4074//696 4072//745 4077//696
f  4077//695 4072//746 4074//695
f  4082//517 4073//539 4078//539
f  4078//540 4073//540 4082//518
f  4073//421 4083//421 4079//421
f  4079//422 4083//422 4073//422
f  4072//745 4074//696 4079//745
f  4079//746 4074//695 4072//746
f  4077//696 4080//669 4074//696
f  4074//695 4080//670 4077//695
f  4071//421 4080//421 4081//421
f  4081//422 4080//422 4071//422
f  4081//670 4084//695 4075//670
f  4075//669 4084//696 4081//669
f  4077//422 4075//422 4085//422
f  4085//421 4075//421 4077//421
f  4086//422 4078//422 4076//422
f  4076//421 4078//421 4086//421
f  4076//814 4079//745 4083//814
f  4083//813 4079//746 4076//813
f  4073//539 4082//517 4087//517
f  4087//518 4082//518 4073//540
f  4086//422 4082//422 4078//422
f  4078//421 4082//421 4086//421
f  4087//421 4083//421 4073//421
f  4073//422 4083//422 4087//422
f  4080//669 4077//696 4085//669
f  4085//670 4077//695 4080//670
f  4081//421 4080//421 4088//421
f  4088//422 4080//422 4081//422
f  4084//695 4081//670 4089//695
f  4089//696 4081//669 4084//696
f  4085//422 4075//422 4084//422
f  4084//421 4075//421 4085//421
f  4076//814 4090//860 4086//860
f  4086//859 4090//859 4076//813
f  4090//860 4076//814 4083//814
f  4083//813 4076//813 4090//859
f  4091//463 4087//517 4082//517
f  4082//518 4087//518 4091//464
f  4092//422 4082//422 4086//422
f  4086//421 4082//421 4092//421
f  4087//421 4090//421 4083//421
f  4083//422 4090//422 4087//422
f  4085//669 4088//611 4080//669
f  4080//670 4088//612 4085//670
f  4081//421 4088//421 4089//421
f  4089//422 4088//422 4081//422
f  4089//695 4093//746 4084//695
f  4084//696 4093//745 4089//696
f  4085//422 4084//422 4094//422
f  4094//421 4084//421 4085//421
f  4095//880 4086//860 4090//860
f  4090//859 4086//859 4095//879
f  4087//517 4091//463 4096//463
f  4096//464 4091//464 4087//518
f  4092//422 4091//422 4082//422
f  4082//421 4091//421 4092//421
f  4086//860 4095//880 4092//880
f  4092//879 4095//879 4086//859
f  4096//421 4090//421 4087//421
f  4087//422 4090//422 4096//422
f  4088//611 4085//669 4094//611
f  4094//612 4085//670 4088//612
f  4089//421 4088//421 4097//421
f  4097//422 4088//422 4089//422
f  4093//746 4089//695 4098//746
f  4098//745 4089//696 4093//745
f  4094//422 4084//422 4093//422
f  4093//421 4084//421 4094//421
f  4096//421 4095//421 4090//421
f  4090//422 4095//422 4096//422
f  4099//6 4096//463 4091//463
f  4091//464 4096//464 4099//5
f  4091//422 4092//422 4099//422
f  4099//421 4092//421 4091//421
f  4100//6 4092//880 4095//880
f  4095//879 4092//879 4100//5
f  4094//611 4097//573 4088//611
f  4088//612 4097//574 4094//612
f  4089//421 4097//421 4098//421
f  4098//422 4097//422 4089//422
f  4098//746 4101//813 4093//746
f  4093//745 4101//814 4098//745
f  4094//422 4093//422 4102//422
f  4102//421 4093//421 4094//421
f  4095//421 4096//421 4100//421
f  4100//422 4096//422 4095//422
f  4096//463 4099//6 4100//6
f  4100//5 4099//5 4096//464
f  4092//880 4100//6 4099//6
f  4099//5 4100//5 4092//879
f  4097//573 4094//611 4102//573
f  4102//574 4094//612 4097//574
f  4098//421 4097//421 4103//421
f  4103//422 4097//422 4098//422
f  4101//813 4098//746 4104//813
f  4104//814 4098//745 4101//814
f  4102//422 4093//422 4101//422
f  4101//421 4093//421 4102//421
f  4102//573 4103//540 4097//573
f  4097//574 4103//539 4102//574
f  4098//421 4103//421 4104//421
f  4104//422 4103//422 4098//422
f  4105//859 4101//813 4104//813
f  4104//814 4101//814 4105//860
f  4102//422 4101//422 4106//422
f  4106//421 4101//421 4102//421
f  4103//540 4102//573 4106//540
f  4106//539 4102//574 4103//539
f  4104//421 4103//421 4107//421
f  4107//422 4103//422 4104//422
f  4101//813 4105//859 4108//859
f  4108//860 4105//860 4101//814
f  4104//421 4107//421 4105//421
f  4105//422 4107//422 4104//422
f  4106//422 4101//422 4108//422
f  4108//421 4101//421 4106//421
f  4109//518 4103//540 4106//540
f  4106//539 4103//539 4109//517
f  4103//540 4109//518 4107//518
f  4107//517 4109//517 4103//539
f  4110//879 4108//859 4105//859
f  4105//860 4108//860 4110//880
f  4105//421 4107//421 4111//421
f  4111//422 4107//422 4105//422
f  4106//422 4108//422 4109//422
f  4109//421 4108//421 4106//421
f  4112//464 4107//518 4109//518
f  4109//517 4107//517 4112//463
f  4108//859 4110//879 4113//879
f  4113//880 4110//880 4108//860
f  4105//421 4111//421 4110//421
f  4110//422 4111//422 4105//422
f  4107//518 4112//464 4111//464
f  4111//463 4112//463 4107//517
f  4109//422 4108//422 4113//422
f  4113//421 4108//421 4109//421
f  4109//422 4113//422 4112//422
f  4112//421 4113//421 4109//421
f  4114//5 4113//879 4110//879
f  4110//880 4113//880 4114//6
f  4110//421 4111//421 4114//421
f  4114//422 4111//422 4110//422
f  4115//5 4111//464 4112//464
f  4112//463 4111//463 4115//6
f  4112//422 4113//422 4115//422
f  4115//421 4113//421 4112//421
f  4113//879 4114//5 4115//5
f  4115//6 4114//6 4113//880
f  4111//464 4115//5 4114//5
f  4114//6 4115//6 4111//463

# Mesh 'mesh57_mesh57-geometry' with 24 faces
g mesh57_mesh57-geometry
# usemtl material_0_0
l  4092 4086
l  4099 4092
l  4086 4076
l  4091 4099
l  4076 4072
l  4082 4091
l  4072 4077
l  4078 4082
l  4077 4085
l  4070 4078
l  4085 4094
l  4069 4070
l  4094 4102
l  4075 4069
l  4102 4106
l  4084 4075
l  4106 4109
l  4093 4084
l  4109 4112
l  4101 4093
l  4112 4115
l  4108 4101
l  4115 4113
l  4113 4108

# Mesh 'mesh58_mesh58-geometry' with 24 faces
g mesh58_mesh58-geometry
# usemtl material_0_0
l  4096 4100
l  4087 4096
l  4100 4095
l  4073 4087
l  4095 4090
l  4068 4073
l  4090 4083
l  4071 4068
l  4083 4079
l  4081 4071
l  4079 4074
l  4089 4081
l  4074 4080
l  4098 4089
l  4080 4088
l  4104 4098
l  4088 4097
l  4105 4104
l  4097 4103
l  4110 4105
l  4103 4107
l  4114 4110
l  4107 4111
l  4111 4114

# Mesh 'mesh56_mesh56-geometry' with 184 faces
g mesh56_mesh56-geometry
# usemtl material_3_24
f  4116//574 4117//612 4118//574
f  4117//612 4116//574 4119//612
f  4118//573 4117//611 4116//573
f  4119//611 4116//573 4117//611
f  4120//422 4118//422 4117//422
f  4117//421 4118//421 4120//421
f  4118//574 4121//539 4116//574
f  4116//573 4121//540 4118//573
f  4116//421 4122//421 4119//421
f  4119//422 4122//422 4116//422
f  4119//612 4123//670 4117//612
f  4117//611 4123//669 4119//611
f  4124//422 4118//422 4120//422
f  4120//421 4118//421 4124//421
f  4120//422 4117//422 4125//422
f  4125//421 4117//421 4120//421
f  4121//539 4118//574 4126//539
f  4126//540 4118//573 4121//540
f  4121//421 4127//421 4116//421
f  4116//422 4127//422 4121//422
f  4116//421 4127//421 4122//421
f  4122//422 4127//422 4116//422
f  4119//421 4122//421 4128//421
f  4128//422 4122//422 4119//422
f  4123//670 4119//612 4129//670
f  4129//669 4119//611 4123//669
f  4125//422 4117//422 4123//422
f  4123//421 4117//421 4125//421
f  4124//422 4126//422 4118//422
f  4118//421 4126//421 4124//421
f  4127//745 4124//814 4120//745
f  4120//746 4124//813 4127//746
f  4122//696 4120//745 4125//696
f  4125//695 4120//746 4122//695
f  4130//517 4121//539 4126//539
f  4126//540 4121//540 4130//518
f  4121//421 4131//421 4127//421
f  4127//422 4131//422 4121//422
f  4120//745 4122//696 4127//745
f  4127//746 4122//695 4120//746
f  4125//696 4128//669 4122//696
f  4122//695 4128//670 4125//695
f  4119//421 4128//421 4129//421
f  4129//422 4128//422 4119//422
f  4129//670 4132//695 4123//670
f  4123//669 4132//696 4129//669
f  4125//422 4123//422 4133//422
f  4133//421 4123//421 4125//421
f  4134//422 4126//422 4124//422
f  4124//421 4126//421 4134//421
f  4124//814 4127//745 4131//814
f  4131//813 4127//746 4124//813
f  4121//539 4130//517 4135//517
f  4135//518 4130//518 4121//540
f  4134//422 4130//422 4126//422
f  4126//421 4130//421 4134//421
f  4135//421 4131//421 4121//421
f  4121//422 4131//422 4135//422
f  4128//669 4125//696 4133//669
f  4133//670 4125//695 4128//670
f  4129//421 4128//421 4136//421
f  4136//422 4128//422 4129//422
f  4132//695 4129//670 4137//695
f  4137//696 4129//669 4132//696
f  4133//422 4123//422 4132//422
f  4132//421 4123//421 4133//421
f  4124//814 4138//860 4134//860
f  4134//859 4138//859 4124//813
f  4138//860 4124//814 4131//814
f  4131//813 4124//813 4138//859
f  4139//463 4135//517 4130//517
f  4130//518 4135//518 4139//464
f  4140//422 4130//422 4134//422
f  4134//421 4130//421 4140//421
f  4135//421 4138//421 4131//421
f  4131//422 4138//422 4135//422
f  4133//669 4136//611 4128//669
f  4128//670 4136//612 4133//670
f  4129//421 4136//421 4137//421
f  4137//422 4136//422 4129//422
f  4137//695 4141//746 4132//695
f  4132//696 4141//745 4137//696
f  4133//422 4132//422 4142//422
f  4142//421 4132//421 4133//421
f  4143//880 4134//860 4138//860
f  4138//859 4134//859 4143//879
f  4135//517 4139//463 4144//463
f  4144//464 4139//464 4135//518
f  4140//422 4139//422 4130//422
f  4130//421 4139//421 4140//421
f  4134//860 4143//880 4140//880
f  4140//879 4143//879 4134//859
f  4144//421 4138//421 4135//421
f  4135//422 4138//422 4144//422
f  4136//611 4133//669 4142//611
f  4142//612 4133//670 4136//612
f  4137//421 4136//421 4145//421
f  4145//422 4136//422 4137//422
f  4141//746 4137//695 4146//746
f  4146//745 4137//696 4141//745
f  4142//422 4132//422 4141//422
f  4141//421 4132//421 4142//421
f  4144//421 4143//421 4138//421
f  4138//422 4143//422 4144//422
f  4147//6 4144//463 4139//463
f  4139//464 4144//464 4147//5
f  4139//422 4140//422 4147//422
f  4147//421 4140//421 4139//421
f  4148//6 4140//880 4143//880
f  4143//879 4140//879 4148//5
f  4142//611 4145//573 4136//611
f  4136//612 4145//574 4142//612
f  4137//421 4145//421 4146//421
f  4146//422 4145//422 4137//422
f  4146//746 4149//813 4141//746
f  4141//745 4149//814 4146//745
f  4142//422 4141//422 4150//422
f  4150//421 4141//421 4142//421
f  4143//421 4144//421 4148//421
f  4148//422 4144//422 4143//422
f  4144//463 4147//6 4148//6
f  4148//5 4147//5 4144//464
f  4140//880 4148//6 4147//6
f  4147//5 4148//5 4140//879
f  4145//573 4142//611 4150//573
f  4150//574 4142//612 4145//574
f  4146//421 4145//421 4151//421
f  4151//422 4145//422 4146//422
f  4149//813 4146//746 4152//813
f  4152//814 4146//745 4149//814
f  4150//422 4141//422 4149//422
f  4149//421 4141//421 4150//421
f  4150//573 4151//540 4145//573
f  4145//574 4151//539 4150//574
f  4146//421 4151//421 4152//421
f  4152//422 4151//422 4146//422
f  4153//859 4149//813 4152//813
f  4152//814 4149//814 4153//860
f  4150//422 4149//422 4154//422
f  4154//421 4149//421 4150//421
f  4151//540 4150//573 4154//540
f  4154//539 4150//574 4151//539
f  4152//421 4151//421 4155//421
f  4155//422 4151//422 4152//422
f  4149//813 4153//859 4156//859
f  4156//860 4153//860 4149//814
f  4152//421 4155//421 4153//421
f  4153//422 4155//422 4152//422
f  4154//422 4149//422 4156//422
f  4156//421 4149//421 4154//421
f  4157//518 4151//540 4154//540
f  4154//539 4151//539 4157//517
f  4151//540 4157//518 4155//518
f  4155//517 4157//517 4151//539
f  4158//879 4156//859 4153//859
f  4153//860 4156//860 4158//880
f  4153//421 4155//421 4159//421
f  4159//422 4155//422 4153//422
f  4154//422 4156//422 4157//422
f  4157//421 4156//421 4154//421
f  4160//464 4155//518 4157//518
f  4157//517 4155//517 4160//463
f  4156//859 4158//879 4161//879
f  4161//880 4158//880 4156//860
f  4153//421 4159//421 4158//421
f  4158//422 4159//422 4153//422
f  4155//518 4160//464 4159//464
f  4159//463 4160//463 4155//517
f  4157//422 4156//422 4161//422
f  4161//421 4156//421 4157//421
f  4157//422 4161//422 4160//422
f  4160//421 4161//421 4157//421
f  4162//5 4161//879 4158//879
f  4158//880 4161//880 4162//6
f  4158//421 4159//421 4162//421
f  4162//422 4159//422 4158//422
f  4163//5 4159//464 4160//464
f  4160//463 4159//463 4163//6
f  4160//422 4161//422 4163//422
f  4163//421 4161//421 4160//421
f  4161//879 4162//5 4163//5
f  4163//6 4162//6 4161//880
f  4159//464 4163//5 4162//5
f  4162//6 4163//6 4159//463

# Mesh 'mesh57_mesh57-geometry' with 24 faces
g mesh57_mesh57-geometry
# usemtl material_0_0
l  4140 4134
l  4147 4140
l  4134 4124
l  4139 4147
l  4124 4120
l  4130 4139
l  4120 4125
l  4126 4130
l  4125 4133
l  4118 4126
l  4133 4142
l  4117 4118
l  4142 4150
l  4123 4117
l  4150 4154
l  4132 4123
l  4154 4157
l  4141 4132
l  4157 4160
l  4149 4141
l  4160 4163
l  4156 4149
l  4163 4161
l  4161 4156

# Mesh 'mesh58_mesh58-geometry' with 24 faces
g mesh58_mesh58-geometry
# usemtl material_0_0
l  4144 4148
l  4135 4144
l  4148 4143
l  4121 4135
l  4143 4138
l  4116 4121
l  4138 4131
l  4119 4116
l  4131 4127
l  4129 4119
l  4127 4122
l  4137 4129
l  4122 4128
l  4146 4137
l  4128 4136
l  4152 4146
l  4136 4145
l  4153 4152
l  4145 4151
l  4158 4153
l  4151 4155
l  4162 4158
l  4155 4159
l  4159 4162

# Mesh 'mesh56_mesh56-geometry' with 184 faces
g mesh56_mesh56-geometry
# usemtl material_3_24
f  4164//574 4165//612 4166//574
f  4165//612 4164//574 4167//612
f  4166//573 4165//611 4164//573
f  4167//611 4164//573 4165//611
f  4168//422 4166//422 4165//422
f  4165//421 4166//421 4168//421
f  4166//574 4169//539 4164//574
f  4164//573 4169//540 4166//573
f  4164//421 4170//421 4167//421
f  4167//422 4170//422 4164//422
f  4167//612 4171//670 4165//612
f  4165//611 4171//669 4167//611
f  4172//422 4166//422 4168//422
f  4168//421 4166//421 4172//421
f  4168//422 4165//422 4173//422
f  4173//421 4165//421 4168//421
f  4169//539 4166//574 4174//539
f  4174//540 4166//573 4169//540
f  4169//421 4175//421 4164//421
f  4164//422 4175//422 4169//422
f  4164//421 4175//421 4170//421
f  4170//422 4175//422 4164//422
f  4167//421 4170//421 4176//421
f  4176//422 4170//422 4167//422
f  4171//670 4167//612 4177//670
f  4177//669 4167//611 4171//669
f  4173//422 4165//422 4171//422
f  4171//421 4165//421 4173//421
f  4172//422 4174//422 4166//422
f  4166//421 4174//421 4172//421
f  4175//745 4172//814 4168//745
f  4168//746 4172//813 4175//746
f  4170//696 4168//745 4173//696
f  4173//695 4168//746 4170//695
f  4178//517 4169//539 4174//539
f  4174//540 4169//540 4178//518
f  4169//421 4179//421 4175//421
f  4175//422 4179//422 4169//422
f  4168//745 4170//696 4175//745
f  4175//746 4170//695 4168//746
f  4173//696 4176//669 4170//696
f  4170//695 4176//670 4173//695
f  4167//421 4176//421 4177//421
f  4177//422 4176//422 4167//422
f  4177//670 4180//695 4171//670
f  4171//669 4180//696 4177//669
f  4173//422 4171//422 4181//422
f  4181//421 4171//421 4173//421
f  4182//422 4174//422 4172//422
f  4172//421 4174//421 4182//421
f  4172//814 4175//745 4179//814
f  4179//813 4175//746 4172//813
f  4169//539 4178//517 4183//517
f  4183//518 4178//518 4169//540
f  4182//422 4178//422 4174//422
f  4174//421 4178//421 4182//421
f  4183//421 4179//421 4169//421
f  4169//422 4179//422 4183//422
f  4176//669 4173//696 4181//669
f  4181//670 4173//695 4176//670
f  4177//421 4176//421 4184//421
f  4184//422 4176//422 4177//422
f  4180//695 4177//670 4185//695
f  4185//696 4177//669 4180//696
f  4181//422 4171//422 4180//422
f  4180//421 4171//421 4181//421
f  4172//814 4186//860 4182//860
f  4182//859 4186//859 4172//813
f  4186//860 4172//814 4179//814
f  4179//813 4172//813 4186//859
f  4187//463 4183//517 4178//517
f  4178//518 4183//518 4187//464
f  4188//422 4178//422 4182//422
f  4182//421 4178//421 4188//421
f  4183//421 4186//421 4179//421
f  4179//422 4186//422 4183//422
f  4181//669 4184//611 4176//669
f  4176//670 4184//612 4181//670
f  4177//421 4184//421 4185//421
f  4185//422 4184//422 4177//422
f  4185//695 4189//746 4180//695
f  4180//696 4189//745 4185//696
f  4181//422 4180//422 4190//422
f  4190//421 4180//421 4181//421
f  4191//880 4182//860 4186//860
f  4186//859 4182//859 4191//879
f  4183//517 4187//463 4192//463
f  4192//464 4187//464 4183//518
f  4188//422 4187//422 4178//422
f  4178//421 4187//421 4188//421
f  4182//860 4191//880 4188//880
f  4188//879 4191//879 4182//859
f  4192//421 4186//421 4183//421
f  4183//422 4186//422 4192//422
f  4184//611 4181//669 4190//611
f  4190//612 4181//670 4184//612
f  4185//421 4184//421 4193//421
f  4193//422 4184//422 4185//422
f  4189//746 4185//695 4194//746
f  4194//745 4185//696 4189//745
f  4190//422 4180//422 4189//422
f  4189//421 4180//421 4190//421
f  4192//421 4191//421 4186//421
f  4186//422 4191//422 4192//422
f  4195//6 4192//463 4187//463
f  4187//464 4192//464 4195//5
f  4187//422 4188//422 4195//422
f  4195//421 4188//421 4187//421
f  4196//6 4188//880 4191//880
f  4191//879 4188//879 4196//5
f  4190//611 4193//573 4184//611
f  4184//612 4193//574 4190//612
f  4185//421 4193//421 4194//421
f  4194//422 4193//422 4185//422
f  4194//746 4197//813 4189//746
f  4189//745 4197//814 4194//745
f  4190//422 4189//422 4198//422
f  4198//421 4189//421 4190//421
f  4191//421 4192//421 4196//421
f  4196//422 4192//422 4191//422
f  4192//463 4195//6 4196//6
f  4196//5 4195//5 4192//464
f  4188//880 4196//6 4195//6
f  4195//5 4196//5 4188//879
f  4193//573 4190//611 4198//573
f  4198//574 4190//612 4193//574
f  4194//421 4193//421 4199//421
f  4199//422 4193//422 4194//422
f  4197//813 4194//746 4200//813
f  4200//814 4194//745 4197//814
f  4198//422 4189//422 4197//422
f  4197//421 4189//421 4198//421
f  4198//573 4199//540 4193//573
f  4193//574 4199//539 4198//574
f  4194//421 4199//421 4200//421
f  4200//422 4199//422 4194//422
f  4201//859 4197//813 4200//813
f  4200//814 4197//814 4201//860
f  4198//422 4197//422 4202//422
f  4202//421 4197//421 4198//421
f  4199//540 4198//573 4202//540
f  4202//539 4198//574 4199//539
f  4200//421 4199//421 4203//421
f  4203//422 4199//422 4200//422
f  4197//813 4201//859 4204//859
f  4204//860 4201//860 4197//814
f  4200//421 4203//421 4201//421
f  4201//422 4203//422 4200//422
f  4202//422 4197//422 4204//422
f  4204//421 4197//421 4202//421
f  4205//518 4199//540 4202//540
f  4202//539 4199//539 4205//517
f  4199//540 4205//518 4203//518
f  4203//517 4205//517 4199//539
f  4206//879 4204//859 4201//859
f  4201//860 4204//860 4206//880
f  4201//421 4203//421 4207//421
f  4207//422 4203//422 4201//422
f  4202//422 4204//422 4205//422
f  4205//421 4204//421 4202//421
f  4208//464 4203//518 4205//518
f  4205//517 4203//517 4208//463
f  4204//859 4206//879 4209//879
f  4209//880 4206//880 4204//860
f  4201//421 4207//421 4206//421
f  4206//422 4207//422 4201//422
f  4203//518 4208//464 4207//464
f  4207//463 4208//463 4203//517
f  4205//422 4204//422 4209//422
f  4209//421 4204//421 4205//421
f  4205//422 4209//422 4208//422
f  4208//421 4209//421 4205//421
f  4210//5 4209//879 4206//879
f  4206//880 4209//880 4210//6
f  4206//421 4207//421 4210//421
f  4210//422 4207//422 4206//422
f  4211//5 4207//464 4208//464
f  4208//463 4207//463 4211//6
f  4208//422 4209//422 4211//422
f  4211//421 4209//421 4208//421
f  4209//879 4210//5 4211//5
f  4211//6 4210//6 4209//880
f  4207//464 4211//5 4210//5
f  4210//6 4211//6 4207//463

# Mesh 'mesh57_mesh57-geometry' with 24 faces
g mesh57_mesh57-geometry
# usemtl material_0_0
l  4188 4182
l  4195 4188
l  4182 4172
l  4187 4195
l  4172 4168
l  4178 4187
l  4168 4173
l  4174 4178
l  4173 4181
l  4166 4174
l  4181 4190
l  4165 4166
l  4190 4198
l  4171 4165
l  4198 4202
l  4180 4171
l  4202 4205
l  4189 4180
l  4205 4208
l  4197 4189
l  4208 4211
l  4204 4197
l  4211 4209
l  4209 4204

# Mesh 'mesh58_mesh58-geometry' with 24 faces
g mesh58_mesh58-geometry
# usemtl material_0_0
l  4192 4196
l  4183 4192
l  4196 4191
l  4169 4183
l  4191 4186
l  4164 4169
l  4186 4179
l  4167 4164
l  4179 4175
l  4177 4167
l  4175 4170
l  4185 4177
l  4170 4176
l  4194 4185
l  4176 4184
l  4200 4194
l  4184 4193
l  4201 4200
l  4193 4199
l  4206 4201
l  4199 4203
l  4210 4206
l  4203 4207
l  4207 4210

# Mesh 'mesh56_mesh56-geometry' with 184 faces
g mesh56_mesh56-geometry
# usemtl material_3_24
f  4212//574 4213//612 4214//574
f  4213//612 4212//574 4215//612
f  4214//573 4213//611 4212//573
f  4215//611 4212//573 4213//611
f  4216//422 4214//422 4213//422
f  4213//421 4214//421 4216//421
f  4214//574 4217//539 4212//574
f  4212//573 4217//540 4214//573
f  4212//421 4218//421 4215//421
f  4215//422 4218//422 4212//422
f  4215//612 4219//670 4213//612
f  4213//611 4219//669 4215//611
f  4220//422 4214//422 4216//422
f  4216//421 4214//421 4220//421
f  4216//422 4213//422 4221//422
f  4221//421 4213//421 4216//421
f  4217//539 4214//574 4222//539
f  4222//540 4214//573 4217//540
f  4217//421 4223//421 4212//421
f  4212//422 4223//422 4217//422
f  4212//421 4223//421 4218//421
f  4218//422 4223//422 4212//422
f  4215//421 4218//421 4224//421
f  4224//422 4218//422 4215//422
f  4219//670 4215//612 4225//670
f  4225//669 4215//611 4219//669
f  4221//422 4213//422 4219//422
f  4219//421 4213//421 4221//421
f  4220//422 4222//422 4214//422
f  4214//421 4222//421 4220//421
f  4223//745 4220//814 4216//745
f  4216//746 4220//813 4223//746
f  4218//696 4216//745 4221//696
f  4221//695 4216//746 4218//695
f  4226//517 4217//539 4222//539
f  4222//540 4217//540 4226//518
f  4217//421 4227//421 4223//421
f  4223//422 4227//422 4217//422
f  4216//745 4218//696 4223//745
f  4223//746 4218//695 4216//746
f  4221//696 4224//669 4218//696
f  4218//695 4224//670 4221//695
f  4215//421 4224//421 4225//421
f  4225//422 4224//422 4215//422
f  4225//670 4228//695 4219//670
f  4219//669 4228//696 4225//669
f  4221//422 4219//422 4229//422
f  4229//421 4219//421 4221//421
f  4230//422 4222//422 4220//422
f  4220//421 4222//421 4230//421
f  4220//814 4223//745 4227//814
f  4227//813 4223//746 4220//813
f  4217//539 4226//517 4231//517
f  4231//518 4226//518 4217//540
f  4230//422 4226//422 4222//422
f  4222//421 4226//421 4230//421
f  4231//421 4227//421 4217//421
f  4217//422 4227//422 4231//422
f  4224//669 4221//696 4229//669
f  4229//670 4221//695 4224//670
f  4225//421 4224//421 4232//421
f  4232//422 4224//422 4225//422
f  4228//695 4225//670 4233//695
f  4233//696 4225//669 4228//696
f  4229//422 4219//422 4228//422
f  4228//421 4219//421 4229//421
f  4220//814 4234//860 4230//860
f  4230//859 4234//859 4220//813
f  4234//860 4220//814 4227//814
f  4227//813 4220//813 4234//859
f  4235//463 4231//517 4226//517
f  4226//518 4231//518 4235//464
f  4236//422 4226//422 4230//422
f  4230//421 4226//421 4236//421
f  4231//421 4234//421 4227//421
f  4227//422 4234//422 4231//422
f  4229//669 4232//611 4224//669
f  4224//670 4232//612 4229//670
f  4225//421 4232//421 4233//421
f  4233//422 4232//422 4225//422
f  4233//695 4237//746 4228//695
f  4228//696 4237//745 4233//696
f  4229//422 4228//422 4238//422
f  4238//421 4228//421 4229//421
f  4239//880 4230//860 4234//860
f  4234//859 4230//859 4239//879
f  4231//517 4235//463 4240//463
f  4240//464 4235//464 4231//518
f  4236//422 4235//422 4226//422
f  4226//421 4235//421 4236//421
f  4230//860 4239//880 4236//880
f  4236//879 4239//879 4230//859
f  4240//421 4234//421 4231//421
f  4231//422 4234//422 4240//422
f  4232//611 4229//669 4238//611
f  4238//612 4229//670 4232//612
f  4233//421 4232//421 4241//421
f  4241//422 4232//422 4233//422
f  4237//746 4233//695 4242//746
f  4242//745 4233//696 4237//745
f  4238//422 4228//422 4237//422
f  4237//421 4228//421 4238//421
f  4240//421 4239//421 4234//421
f  4234//422 4239//422 4240//422
f  4243//6 4240//463 4235//463
f  4235//464 4240//464 4243//5
f  4235//422 4236//422 4243//422
f  4243//421 4236//421 4235//421
f  4244//6 4236//880 4239//880
f  4239//879 4236//879 4244//5
f  4238//611 4241//573 4232//611
f  4232//612 4241//574 4238//612
f  4233//421 4241//421 4242//421
f  4242//422 4241//422 4233//422
f  4242//746 4245//813 4237//746
f  4237//745 4245//814 4242//745
f  4238//422 4237//422 4246//422
f  4246//421 4237//421 4238//421
f  4239//421 4240//421 4244//421
f  4244//422 4240//422 4239//422
f  4240//463 4243//6 4244//6
f  4244//5 4243//5 4240//464
f  4236//880 4244//6 4243//6
f  4243//5 4244//5 4236//879
f  4241//573 4238//611 4246//573
f  4246//574 4238//612 4241//574
f  4242//421 4241//421 4247//421
f  4247//422 4241//422 4242//422
f  4245//813 4242//746 4248//813
f  4248//814 4242//745 4245//814
f  4246//422 4237//422 4245//422
f  4245//421 4237//421 4246//421
f  4246//573 4247//540 4241//573
f  4241//574 4247//539 4246//574
f  4242//421 4247//421 4248//421
f  4248//422 4247//422 4242//422
f  4249//859 4245//813 4248//813
f  4248//814 4245//814 4249//860
f  4246//422 4245//422 4250//422
f  4250//421 4245//421 4246//421
f  4247//540 4246//573 4250//540
f  4250//539 4246//574 4247//539
f  4248//421 4247//421 4251//421
f  4251//422 4247//422 4248//422
f  4245//813 4249//859 4252//859
f  4252//860 4249//860 4245//814
f  4248//421 4251//421 4249//421
f  4249//422 4251//422 4248//422
f  4250//422 4245//422 4252//422
f  4252//421 4245//421 4250//421
f  4253//518 4247//540 4250//540
f  4250//539 4247//539 4253//517
f  4247//540 4253//518 4251//518
f  4251//517 4253//517 4247//539
f  4254//879 4252//859 4249//859
f  4249//860 4252//860 4254//880
f  4249//421 4251//421 4255//421
f  4255//422 4251//422 4249//422
f  4250//422 4252//422 4253//422
f  4253//421 4252//421 4250//421
f  4256//464 4251//518 4253//518
f  4253//517 4251//517 4256//463
f  4252//859 4254//879 4257//879
f  4257//880 4254//880 4252//860
f  4249//421 4255//421 4254//421
f  4254//422 4255//422 4249//422
f  4251//518 4256//464 4255//464
f  4255//463 4256//463 4251//517
f  4253//422 4252//422 4257//422
f  4257//421 4252//421 4253//421
f  4253//422 4257//422 4256//422
f  4256//421 4257//421 4253//421
f  4258//5 4257//879 4254//879
f  4254//880 4257//880 4258//6
f  4254//421 4255//421 4258//421
f  4258//422 4255//422 4254//422
f  4259//5 4255//464 4256//464
f  4256//463 4255//463 4259//6
f  4256//422 4257//422 4259//422
f  4259//421 4257//421 4256//421
f  4257//879 4258//5 4259//5
f  4259//6 4258//6 4257//880
f  4255//464 4259//5 4258//5
f  4258//6 4259//6 4255//463

# Mesh 'mesh57_mesh57-geometry' with 24 faces
g mesh57_mesh57-geometry
# usemtl material_0_0
l  4236 4230
l  4243 4236
l  4230 4220
l  4235 4243
l  4220 4216
l  4226 4235
l  4216 4221
l  4222 4226
l  4221 4229
l  4214 4222
l  4229 4238
l  4213 4214
l  4238 4246
l  4219 4213
l  4246 4250
l  4228 4219
l  4250 4253
l  4237 4228
l  4253 4256
l  4245 4237
l  4256 4259
l  4252 4245
l  4259 4257
l  4257 4252

# Mesh 'mesh58_mesh58-geometry' with 24 faces
g mesh58_mesh58-geometry
# usemtl material_0_0
l  4240 4244
l  4231 4240
l  4244 4239
l  4217 4231
l  4239 4234
l  4212 4217
l  4234 4227
l  4215 4212
l  4227 4223
l  4225 4215
l  4223 4218
l  4233 4225
l  4218 4224
l  4242 4233
l  4224 4232
l  4248 4242
l  4232 4241
l  4249 4248
l  4241 4247
l  4254 4249
l  4247 4251
l  4258 4254
l  4251 4255
l  4255 4258

# Mesh 'mesh56_mesh56-geometry' with 184 faces
g mesh56_mesh56-geometry
# usemtl material_3_24
f  4260//574 4261//612 4262//574
f  4261//612 4260//574 4263//612
f  4262//573 4261//611 4260//573
f  4263//611 4260//573 4261//611
f  4264//422 4262//422 4261//422
f  4261//421 4262//421 4264//421
f  4262//574 4265//539 4260//574
f  4260//573 4265//540 4262//573
f  4260//421 4266//421 4263//421
f  4263//422 4266//422 4260//422
f  4263//612 4267//670 4261//612
f  4261//611 4267//669 4263//611
f  4268//422 4262//422 4264//422
f  4264//421 4262//421 4268//421
f  4264//422 4261//422 4269//422
f  4269//421 4261//421 4264//421
f  4265//539 4262//574 4270//539
f  4270//540 4262//573 4265//540
f  4265//421 4271//421 4260//421
f  4260//422 4271//422 4265//422
f  4260//421 4271//421 4266//421
f  4266//422 4271//422 4260//422
f  4263//421 4266//421 4272//421
f  4272//422 4266//422 4263//422
f  4267//670 4263//612 4273//670
f  4273//669 4263//611 4267//669
f  4269//422 4261//422 4267//422
f  4267//421 4261//421 4269//421
f  4268//422 4270//422 4262//422
f  4262//421 4270//421 4268//421
f  4271//745 4268//814 4264//745
f  4264//746 4268//813 4271//746
f  4266//696 4264//745 4269//696
f  4269//695 4264//746 4266//695
f  4274//517 4265//539 4270//539
f  4270//540 4265//540 4274//518
f  4265//421 4275//421 4271//421
f  4271//422 4275//422 4265//422
f  4264//745 4266//696 4271//745
f  4271//746 4266//695 4264//746
f  4269//696 4272//669 4266//696
f  4266//695 4272//670 4269//695
f  4263//421 4272//421 4273//421
f  4273//422 4272//422 4263//422
f  4273//670 4276//695 4267//670
f  4267//669 4276//696 4273//669
f  4269//422 4267//422 4277//422
f  4277//421 4267//421 4269//421
f  4278//422 4270//422 4268//422
f  4268//421 4270//421 4278//421
f  4268//814 4271//745 4275//814
f  4275//813 4271//746 4268//813
f  4265//539 4274//517 4279//517
f  4279//518 4274//518 4265//540
f  4278//422 4274//422 4270//422
f  4270//421 4274//421 4278//421
f  4279//421 4275//421 4265//421
f  4265//422 4275//422 4279//422
f  4272//669 4269//696 4277//669
f  4277//670 4269//695 4272//670
f  4273//421 4272//421 4280//421
f  4280//422 4272//422 4273//422
f  4276//695 4273//670 4281//695
f  4281//696 4273//669 4276//696
f  4277//422 4267//422 4276//422
f  4276//421 4267//421 4277//421
f  4268//814 4282//860 4278//860
f  4278//859 4282//859 4268//813
f  4282//860 4268//814 4275//814
f  4275//813 4268//813 4282//859
f  4283//463 4279//517 4274//517
f  4274//518 4279//518 4283//464
f  4284//422 4274//422 4278//422
f  4278//421 4274//421 4284//421
f  4279//421 4282//421 4275//421
f  4275//422 4282//422 4279//422
f  4277//669 4280//611 4272//669
f  4272//670 4280//612 4277//670
f  4273//421 4280//421 4281//421
f  4281//422 4280//422 4273//422
f  4281//695 4285//746 4276//695
f  4276//696 4285//745 4281//696
f  4277//422 4276//422 4286//422
f  4286//421 4276//421 4277//421
f  4287//880 4278//860 4282//860
f  4282//859 4278//859 4287//879
f  4279//517 4283//463 4288//463
f  4288//464 4283//464 4279//518
f  4284//422 4283//422 4274//422
f  4274//421 4283//421 4284//421
f  4278//860 4287//880 4284//880
f  4284//879 4287//879 4278//859
f  4288//421 4282//421 4279//421
f  4279//422 4282//422 4288//422
f  4280//611 4277//669 4286//611
f  4286//612 4277//670 4280//612
f  4281//421 4280//421 4289//421
f  4289//422 4280//422 4281//422
f  4285//746 4281//695 4290//746
f  4290//745 4281//696 4285//745
f  4286//422 4276//422 4285//422
f  4285//421 4276//421 4286//421
f  4288//421 4287//421 4282//421
f  4282//422 4287//422 4288//422
f  4291//6 4288//463 4283//463
f  4283//464 4288//464 4291//5
f  4283//422 4284//422 4291//422
f  4291//421 4284//421 4283//421
f  4292//6 4284//880 4287//880
f  4287//879 4284//879 4292//5
f  4286//611 4289//573 4280//611
f  4280//612 4289//574 4286//612
f  4281//421 4289//421 4290//421
f  4290//422 4289//422 4281//422
f  4290//746 4293//813 4285//746
f  4285//745 4293//814 4290//745
f  4286//422 4285//422 4294//422
f  4294//421 4285//421 4286//421
f  4287//421 4288//421 4292//421
f  4292//422 4288//422 4287//422
f  4288//463 4291//6 4292//6
f  4292//5 4291//5 4288//464
f  4284//880 4292//6 4291//6
f  4291//5 4292//5 4284//879
f  4289//573 4286//611 4294//573
f  4294//574 4286//612 4289//574
f  4290//421 4289//421 4295//421
f  4295//422 4289//422 4290//422
f  4293//813 4290//746 4296//813
f  4296//814 4290//745 4293//814
f  4294//422 4285//422 4293//422
f  4293//421 4285//421 4294//421
f  4294//573 4295//540 4289//573
f  4289//574 4295//539 4294//574
f  4290//421 4295//421 4296//421
f  4296//422 4295//422 4290//422
f  4297//859 4293//813 4296//813
f  4296//814 4293//814 4297//860
f  4294//422 4293//422 4298//422
f  4298//421 4293//421 4294//421
f  4295//540 4294//573 4298//540
f  4298//539 4294//574 4295//539
f  4296//421 4295//421 4299//421
f  4299//422 4295//422 4296//422
f  4293//813 4297//859 4300//859
f  4300//860 4297//860 4293//814
f  4296//421 4299//421 4297//421
f  4297//422 4299//422 4296//422
f  4298//422 4293//422 4300//422
f  4300//421 4293//421 4298//421
f  4301//518 4295//540 4298//540
f  4298//539 4295//539 4301//517
f  4295//540 4301//518 4299//518
f  4299//517 4301//517 4295//539
f  4302//879 4300//859 4297//859
f  4297//860 4300//860 4302//880
f  4297//421 4299//421 4303//421
f  4303//422 4299//422 4297//422
f  4298//422 4300//422 4301//422
f  4301//421 4300//421 4298//421
f  4304//464 4299//518 4301//518
f  4301//517 4299//517 4304//463
f  4300//859 4302//879 4305//879
f  4305//880 4302//880 4300//860
f  4297//421 4303//421 4302//421
f  4302//422 4303//422 4297//422
f  4299//518 4304//464 4303//464
f  4303//463 4304//463 4299//517
f  4301//422 4300//422 4305//422
f  4305//421 4300//421 4301//421
f  4301//422 4305//422 4304//422
f  4304//421 4305//421 4301//421
f  4306//5 4305//879 4302//879
f  4302//880 4305//880 4306//6
f  4302//421 4303//421 4306//421
f  4306//422 4303//422 4302//422
f  4307//5 4303//464 4304//464
f  4304//463 4303//463 4307//6
f  4304//422 4305//422 4307//422
f  4307//421 4305//421 4304//421
f  4305//879 4306//5 4307//5
f  4307//6 4306//6 4305//880
f  4303//464 4307//5 4306//5
f  4306//6 4307//6 4303//463

# Mesh 'mesh57_mesh57-geometry' with 24 faces
g mesh57_mesh57-geometry
# usemtl material_0_0
l  4284 4278
l  4291 4284
l  4278 4268
l  4283 4291
l  4268 4264
l  4274 4283
l  4264 4269
l  4270 4274
l  4269 4277
l  4262 4270
l  4277 4286
l  4261 4262
l  4286 4294
l  4267 4261
l  4294 4298
l  4276 4267
l  4298 4301
l  4285 4276
l  4301 4304
l  4293 4285
l  4304 4307
l  4300 4293
l  4307 4305
l  4305 4300

# Mesh 'mesh58_mesh58-geometry' with 24 faces
g mesh58_mesh58-geometry
# usemtl material_0_0
l  4288 4292
l  4279 4288
l  4292 4287
l  4265 4279
l  4287 4282
l  4260 4265
l  4282 4275
l  4263 4260
l  4275 4271
l  4273 4263
l  4271 4266
l  4281 4273
l  4266 4272
l  4290 4281
l  4272 4280
l  4296 4290
l  4280 4289
l  4297 4296
l  4289 4295
l  4302 4297
l  4295 4299
l  4306 4302
l  4299 4303
l  4303 4306

# Mesh 'mesh59_mesh59-geometry' with 260 faces
g mesh59_mesh59-geometry
# usemtl material_2_24
f  1745//12 1085//12 1746//12
f  1085//12 1745//12 1150//12
f  1746//11 1085//11 1745//11
f  1150//11 1745//11 1085//11
f  1744//12 1746//12 1085//12
f  1085//11 1746//11 1744//11
f  1746//13 1089//13 1085//13
f  1085//14 1089//14 1746//14
f  1746//983 4308//983 1745//983
f  1745//984 4308//984 1746//984
f  1154//984 1085//984 1150//984
f  1150//983 1085//983 1154//983
f  1744//12 1079//12 1746//12
f  1746//11 1079//11 1744//11
f  1089//13 1746//13 4309//13
f  4309//14 1746//14 1089//14
f  1085//984 1154//984 1089//984
f  1089//983 1154//983 1085//983
f  4308//983 1746//983 4309//983
f  4309//984 1746//984 4308//984
f  900//12 1079//12 1744//12
f  1744//11 1079//11 900//11
f  4308//12 1089//12 4309//12
f  4309//11 1089//11 4308//11
f  4309//13 4310//13 1089//13
f  1089//14 4310//14 4309//14
f  1089//12 4308//12 1154//12
f  1154//11 4308//11 1089//11
f  1154//12 1076//12 1089//12
f  1089//11 1076//11 1154//11
f  4311//12 4308//12 4309//12
f  4309//11 4308//11 4311//11
f  1079//12 900//12 1075//12
f  1075//11 900//11 1079//11
f  1744//12 905//12 900//12
f  900//11 905//11 1744//11
f  4309//13 4312//13 4310//13
f  4310//14 4312//14 4309//14
f  1089//13 4310//13 1076//13
f  1076//14 4310//14 1089//14
f  4308//13 4313//13 1154//13
f  1154//14 4313//14 4308//14
f  1076//12 1154//12 1141//12
f  1141//11 1154//11 1076//11
f  4308//12 4311//12 4314//12
f  4314//11 4311//11 4308//11
f  4311//13 4315//13 4309//13
f  4309//14 4315//14 4311//14
f  905//12 1744//12 1742//12
f  1742//11 1744//11 905//11
f  4309//13 4316//13 4312//13
f  4312//14 4316//14 4309//14
f  4310//985 1141//985 1076//985
f  1076//986 1141//986 4310//986
f  4308//13 4317//13 4313//13
f  4313//14 4317//14 4308//14
f  1154//13 4313//13 1141//13
f  1141//14 4313//14 1154//14
f  4311//987 4318//988 4314//987
f  4314//989 4318//990 4311//989
f  4314//13 4319//13 4308//13
f  4308//14 4319//14 4314//14
f  4320//13 4315//13 4311//13
f  4311//14 4315//14 4320//14
f  4309//13 4315//13 4321//13
f  4321//14 4315//14 4309//14
f  1742//12 1080//12 905//12
f  905//11 1080//11 1742//11
f  4309//13 4322//13 4316//13
f  4316//14 4322//14 4309//14
f  4312//13 4316//13 4323//13
f  4323//14 4316//14 4312//14
f  1141//985 4310//985 4313//985
f  4313//986 4310//986 1141//986
f  4308//13 4324//13 4317//13
f  4317//14 4324//14 4308//14
f  4318//988 4311//987 4325//988
f  4325//990 4311//989 4318//990
f  4318//13 4326//13 4314//13
f  4314//14 4326//14 4318//14
f  4326//13 4319//13 4314//13
f  4314//14 4319//14 4326//14
f  4308//13 4319//13 4327//13
f  4327//14 4319//14 4308//14
f  4315//13 4320//13 4328//13
f  4328//14 4320//14 4315//14
f  4325//13 4320//13 4311//13
f  4311//14 4320//14 4325//14
f  4319//27 4321//31 4315//27
f  4315//28 4321//32 4319//28
f  4309//13 4321//13 4329//13
f  4329//14 4321//14 4309//14
f  1080//12 1742//12 1081//12
f  1081//11 1742//11 1080//11
f  4309//13 4330//13 4322//13
f  4322//14 4330//14 4309//14
f  4322//23 4324//19 4316//19
f  4316//20 4324//20 4322//24
f  4316//19 4331//61 4323//61
f  4323//62 4331//62 4316//20
f  4308//13 4332//13 4324//13
f  4324//14 4332//14 4308//14
f  4317//13 4324//13 4331//13
f  4331//14 4324//14 4317//14
f  4325//988 4333//991 4318//988
f  4318//990 4333//992 4325//990
f  4318//13 4334//13 4326//13
f  4326//14 4334//14 4318//14
f  4319//13 4326//13 4335//13
f  4335//14 4326//14 4319//14
f  4321//31 4319//27 4327//31
f  4327//32 4319//28 4321//32
f  4308//13 4327//13 4336//13
f  4336//14 4327//14 4308//14
f  4328//993 4326//994 4320//994
f  4320//995 4326//995 4328//996
f  4335//993 4315//27 4328//993
f  4328//996 4315//28 4335//996
f  4325//13 4337//13 4320//13
f  4320//14 4337//14 4325//14
f  4315//27 4335//993 4319//27
f  4319//28 4335//996 4315//28
f  4327//31 4329//33 4321//31
f  4321//32 4329//34 4327//32
f  4309//13 4329//13 4338//13
f  4338//14 4329//14 4309//14
f  1065//10 1080//10 1081//10
f  1081//9 1080//9 1065//9
f  4309//13 4339//13 4330//13
f  4330//14 4339//14 4309//14
f  4340//25 4322//23 4330//25
f  4330//26 4322//24 4340//26
f  4324//19 4322//23 4332//23
f  4332//24 4322//24 4324//20
f  4331//61 4316//19 4324//19
f  4324//20 4316//20 4331//62
f  4308//13 4340//13 4332//13
f  4332//14 4340//14 4308//14
f  4333//991 4325//988 4341//991
f  4341//992 4325//990 4333//992
f  4333//13 4334//13 4318//13
f  4318//14 4334//14 4333//14
f  4337//997 4326//998 4334//997
f  4334//999 4326//1000 4337//999
f  4326//994 4328//993 4335//993
f  4335//996 4328//996 4326//995
f  4329//33 4327//31 4336//33
f  4336//34 4327//32 4329//34
f  4308//13 4336//13 4342//13
f  4342//14 4336//14 4308//14
f  4326//998 4337//997 4320//998
f  4320//1000 4337//999 4326//1000
f  4341//13 4337//13 4325//13
f  4325//14 4337//14 4341//14
f  4336//33 4338//37 4329//33
f  4329//34 4338//38 4336//34
f  4309//13 4338//13 4343//13
f  4343//14 4338//14 4309//14
f  1080//10 1065//10 1053//10
f  1053//9 1065//9 1080//9
f  4309//13 4344//13 4339//13
f  4339//14 4344//14 4309//14
f  4345//29 4330//25 4339//29
f  4339//30 4330//26 4345//30
f  4322//23 4340//25 4332//23
f  4332//24 4340//26 4322//24
f  4330//25 4345//29 4340//25
f  4340//26 4345//30 4330//26
f  4308//13 4345//13 4340//13
f  4340//14 4345//14 4308//14
f  4346//1001 4333//991 4341//991
f  4341//992 4333//992 4346//1002
f  4333//13 4347//13 4334//13
f  4334//14 4347//14 4333//14
f  4347//1003 4337//997 4334//997
f  4334//999 4337//999 4347//1004
f  4338//37 4336//33 4342//37
f  4342//38 4336//34 4338//38
f  4308//13 4342//13 4348//13
f  4348//14 4342//14 4308//14
f  4341//13 4349//13 4337//13
f  4337//14 4349//14 4341//14
f  4342//37 4343//35 4338//37
f  4338//38 4343//36 4342//38
f  4309//13 4343//13 4344//13
f  4344//14 4343//14 4309//14
f  4350//12 4339//29 4344//12
f  4344//11 4339//30 4350//11
f  4339//29 4350//12 4345//29
f  4345//30 4350//11 4339//30
f  4308//13 4350//13 4345//13
f  4345//14 4350//14 4308//14
f  4333//991 4346//1001 4351//1001
f  4351//1002 4346//1002 4333//992
f  4346//13 4349//13 4341//13
f  4341//14 4349//14 4346//14
f  4351//13 4347//13 4333//13
f  4333//14 4347//14 4351//14
f  4337//997 4347//1003 4349//1003
f  4349//1004 4347//1004 4337//999
f  4343//35 4342//37 4348//35
f  4348//36 4342//38 4343//36
f  4308//13 4348//13 4350//13
f  4350//14 4348//14 4308//14
f  4348//35 4344//12 4343//35
f  4343//36 4344//11 4348//36
f  4344//12 4348//35 4350//12
f  4350//11 4348//36 4344//11
f  4352//1005 4351//1001 4346//1001
f  4346//1002 4351//1002 4352//1006
f  4346//13 4353//13 4349//13
f  4349//14 4353//14 4346//14
f  4351//13 4354//13 4347//13
f  4347//14 4354//14 4351//14
f  4354//1007 4349//1003 4347//1003
f  4347//1004 4349//1004 4354//1008
f  4351//1001 4352//1005 4355//1005
f  4355//1006 4352//1006 4351//1002
f  4352//13 4353//13 4346//13
f  4346//14 4353//14 4352//14
f  4349//1003 4354//1007 4353//1007
f  4353//1008 4354//1008 4349//1004
f  4355//13 4354//13 4351//13
f  4351//14 4354//14 4355//14
f  4356//1009 4355//1005 4352//1005
f  4352//1006 4355//1006 4356//1010
f  4352//13 4357//13 4353//13
f  4353//14 4357//14 4352//14
f  4358//1011 4353//1007 4354//1007
f  4354//1008 4353//1008 4358//1012
f  4355//13 4358//13 4354//13
f  4354//14 4358//14 4355//14
f  4355//1005 4356//1009 4359//1009
f  4359//1010 4356//1010 4355//1006
f  4356//13 4357//13 4352//13
f  4352//14 4357//14 4356//14
f  4353//1007 4358//1011 4357//1011
f  4357//1012 4358//1012 4353//1008
f  4359//13 4358//13 4355//13
f  4355//14 4358//14 4359//14
f  4360//9 4359//1009 4356//1009
f  4356//1010 4359//1010 4360//10
f  4356//13 4361//13 4357//13
f  4357//14 4361//14 4356//14
f  4362//1013 4357//1011 4358//1011
f  4358//1012 4357//1012 4362//1014
f  4359//13 4362//13 4358//13
f  4358//14 4362//14 4359//14
f  4359//1009 4360//9 4363//9
f  4363//10 4360//10 4359//1010
f  4361//13 4356//13 4360//13
f  4360//14 4356//14 4361//14
f  4357//1011 4362//1013 4361//1013
f  4361//1014 4362//1014 4357//1012
f  4362//13 4359//13 4363//13
f  4363//14 4359//14 4362//14
f  4361//1013 4363//9 4360//9
f  4360//10 4363//10 4361//1014
f  4363//9 4361//1013 4362//1013
f  4362//1014 4361//1014 4363//10

# Mesh 'mesh60_mesh60-geometry' with 8 faces
g mesh60_mesh60-geometry
# usemtl material_7_1_8
f  4364/1463/11 4365/1464/11 4366/1465/11
f  4365/1464/11 4364/1463/11 4367/1466/11
f  4366/1465/12 4365/1464/12 4364/1463/12
f  4367/1466/12 4364/1463/12 4365/1464/12
f  4367/1466/11 898/1467/11 4365/1464/11
f  4365/1464/12 898/1467/12 4367/1466/12
f  898/1467/11 4367/1466/11 896/1468/11
f  896/1468/12 4367/1466/12 898/1467/12

# Mesh 'mesh61_mesh61-geometry' with 19 faces
g mesh61_mesh61-geometry
# usemtl material_0_0
l  1130 4364
l  904 4364
l  4364 4368
l  907 904
l  1742 4368
l  4368 907
l  907 903
l  1742 4366
l  903 901
l  4369 903
l  1065 4366
l  4366 906
l  901 4367
l  4367 4369
l  1744 4369
l  906 905
l  1744 4365
l  4365 902
l  902 900

# Mesh 'mesh62_mesh62-geometry' with 6 faces
g mesh62_mesh62-geometry
# usemtl material_0_0
l  1750 4370
l  4371 4370
l  4370 4372
l  4370 1666
l  4373 4371
l  1666 4374

# Mesh 'mesh63_mesh63-geometry' with 1 faces
g mesh63_mesh63-geometry
# usemtl material_0_0
l  1749 4375

# Mesh 'mesh64_mesh64-geometry' with 33 faces
g mesh64_mesh64-geometry
# usemtl material_0_0
l  4376 4377
l  4376 4378
l  4379 4376
l  4378 4380
l  4381 4379
l  4380 4382
l  899 4381
l  4382 4383
l  4384 899
l  4383 4385
l  4386 4384
l  4384 4387
l  4385 4388
l  4389 4386
l  4387 4390
l  4388 4391
l  4392 4389
l  4390 4393
l  4394 4390
l  4391 4395
l  4396 4392
l  4393 4397
l  4398 4394
l  4395 4399
l  4400 4396
l  4397 4401
l  4402 4398
l  4399 4402
l  4403 4400
l  4401 4404
l  4405 4403
l  4404 4406
l  4406 4405

# Mesh 'mesh65_mesh65-geometry' with 8 faces
g mesh65_mesh65-geometry
# usemtl material_0_0
l  4407 4408
l  1649 4407
l  4408 4409
l  1652 1649
l  4410 4409
l  4411 1652
l  4410 4412
l  4412 4411

# Mesh 'mesh66_mesh66-geometry' with 8 faces
g mesh66_mesh66-geometry
# usemtl material_0_0
l  4413 1651
l  4414 4413
l  1651 1650
l  4415 4414
l  1650 4416
l  4417 4415
l  4416 4418
l  4418 4417

# Mesh 'mesh67_mesh67-geometry' with 1 faces
g mesh67_mesh67-geometry
# usemtl material_0_0
l  4419 4420

# Mesh 'mesh68_mesh68-geometry' with 1 faces
g mesh68_mesh68-geometry
# usemtl material_0_0
l  4421 4422

# Mesh 'mesh69_mesh69-geometry' with 1 faces
g mesh69_mesh69-geometry
# usemtl material_0_0
l  4335 4423

# Mesh 'mesh70_mesh70-geometry' with 1 faces
g mesh70_mesh70-geometry
# usemtl material_0_0
l  1755 1772

# Mesh 'mesh71_mesh71-geometry' with 1 faces
g mesh71_mesh71-geometry
# usemtl material_0_0
l  1782 1783

